Denominación,ER Referencia eroski,ER Area,ER sec,ER cat,ER subcat,ER segmento,ER Producto,ER Marca,ER Referencia eroski,ER Formato,ER Gramaje,ER Gramaje en miles,ER Unidades,ER Unidad medida,ER Origen,ER Variedad,ER Calibre,PVP tarifa eroski,PVP oferta eroski tienda,ER Precio/kg o precio/unidad,ER Precio/kg o precio/unidad oferta,ER Código ean,Venta media Eroski,ER Tipo de promoción,PVP oferta eroski HORECA,PVP oferta eroski HORECA PRECIO/KG,ER Oferta HORECA,Distance,Ref competidor,Den competidor,Marca competidor,Cod ean del competidor,Formato,Gramaje,Unidad de medida,Gramaje unitario en miles,Unidades,Gramaje total,Origen,Variedad,Calibre,PVP tarifa competidor,PVP oferta 1 competidor,PVP oferta 2 competidor,Precio/kg o precio/unidad,Precio/kg o precio/unidad oferta 1,Precio/kg o precio/unidad oferta 2,Tipo de promo 1 en %,Tipo de promo,dif bruto del mejor precio (nuestro vs competencia) incl HORECA,dif bruto del mejor precio (nuestro vs competencia) sin dto HORECA,dIf porcentual mejor precio sin Horeka,dif porcentual del mejor precio (nuestro vs competencia) incl HORECA,dif porcentual de tarifa (nuestra tarifa vs tarifa competencia),dif porcentual del mes anterior (dato del mes anterior),dif media del registro historico de meses anteriores
"Azafrán en hebras POTE, tarro 1 g",25636580,2-ALIMENTACION,9-COCINA,35-ESPECIAS,5-ESPECIAS,9-AZAFRAN,"Azafrán en hebras POTE, tarro 1 g",POTE,25636580,TARRO,"0,001",1,1,KG,,,,"6,99",,"6990,00",,,"0,23",,,,," 'distance': 0,506064534187317",12022,Pote azafr√°n hebra lata 1g contiene 2 unidades,POTE,,LATA,"0,001",KG,1,2,2,,,,"14,25",,,"7125,00",,,,,"-135,00","-135,00",-2%,-2%,-2%,-2%,-44%
"Discos activos wc de lima PATO, recambio 2 uds",14573117,2-ALIMENTACION,12-DROGUERIA,50-LIMPIADORES,5-BAÑO,35-WC COLGADORES DISCOS,"Discos activos wc de lima PATO, recambio 2 uds",PATO,14573117,RECAMBIO,2,2000,2,UDS,,,,"5,70",,"2,85",,,"1,18",,"5,42","2,71",5%," 'distance': 1,9991240501403809",103368,'Pato Recambios discos wc lima',PATO,,CAJA/CAJON,"0,04",UDS,36,2,72,,,,"7,13",,,"3,57",,,,,"-0,86","-0,72",-25%,-32%,-25%,-25%,-55%
15700917-HOT DOGS P-6 EROSKI 6/330GR,15700917,2-ALIMENTACION,10-DULCE,26-PAN DE MOLDE,10-PANES DIVERSOS,3-HOT DOG,15700917-HOT DOGS P-6 EROSKI 6/330GR,EROSKI,15700917,PAQUETE,"0,33",330,1,KG,,,,"0,90",,"2,73",,,"13,07",,"0,86","2,59",5%," 'distance': 1,16765451431274",442325,METRO Chef pan hot dog 660 g contiene 12 unidades,METRO CHEF,,BOLSA/BOLSON,"0,66",KG,660,1,660,,,,"3,29","2,83",,"4,98","4,29",,14%,COMPRA MAS PAGA MENOS,"-1,70","-1,56",-57%,-65%,-83%,-83%,-75%
Palo extensible 90-150 cm EROSKI pack 1 ud,23053754,2-ALIMENTACION,12-DROGUERIA,59-UTILES DE LIMPIEZA,16-PALOS,5-PALOS OTROS,Palo extensible 90-150 cm EROSKI pack 1 ud,EROSKI,23053754,PACK,1,1000,1,UDS,,,,"2,80",,"2,80",,,"1,19",,,,," 'distance': 7,896214485168457",218902,'METRO PROFESSIONAL palo de aluminio 150 cm',METRO PROFESSIONAL,,SIN ENVASE,"0,26",UDS,260,1,260,,,,"4,71",,,"4,71",,,,,"-1,91","-1,91",-68%,-68%,-68%,-68%,-69%
Lejia para lavadora densa EROSKI garrafa 2 litros,5881313,2-ALIMENTACION,12-DROGUERIA,47-LEJIAS,7-LEJÍAS LAVADORA,1-LAVADORA¿PEQUEÑA,Lejia para lavadora densa EROSKI garrafa 2 litros,EROSKI,5881313,GARRAFA,2,2000,1,L,,,,"1,15",,"0,58",,,"4,03",,,,," 'distance': 0,320846647024155",509457,makro PROFESSIONAL Lejia para lavadora  10L,MAKRO PROFESSIONAL,,GARRAFA,10,L,10000,1,10000,,,,"7,25",,,"0,73",,,,,"-0,15","-0,15",-26%,-26%,-26%,-25%,-53%
"Palo 130 cm EROSKI BASIC, pack 1 ud",23053721,2-ALIMENTACION,12-DROGUERIA,59-UTILES DE LIMPIEZA,16-PALOS,5-PALOS OTROS,"Palo 130 cm EROSKI BASIC, pack 1 ud",EROSKI BASIC,23053721,PACK,1,1000,1,UDS,,,,"0,99",,"0,99",,,"2,15",,,,," 'distance': 1,05808186531067",210461,aro palo de metal rojo 120cm,aro,,UNIDAD,"0,208",UDS,208,1,208,,,,"1,63",,,"1,63",,,,,"-0,64","-0,64",-65%,-65%,-65%,-65%,-65%
"Coco, unidad",52019,1-FRESCOS,1-FRUTA Y HORTALIZA,1-FRUTA,67-TROPICALES,30-OTROS TROPICALES,"Coco, unidad",EROSKI,52019,UNIDAD,0,0,1,UDS,,,,"1,69",,"1,69",,,"3,69",,"1,52","1,52",10%," 'distance': 0,7518849968910217",5931,Coco pieza 400g,MAKRO,,PIEZA,"0,4",KG,400,1,400,,,,"1,30",,,"1,30",,,,,"0,22","0,39",23%,15%,23%,13%,-39%
Cabeza de cordero EROSKI bandeja 800 g,5130968,1-FRESCOS,2-CARNICERIA,63-CORDERO ENVASADO,5-CORDERO DESPOJO ENVASADO,1-CORDERO DESPOJO ENVASADO,Cabeza de cordero EROSKI bandeja 800 g,EROSKI,5130968,BANDEJA,"0,8",800,1,KG,,,,"2,65",,"3,31",,,"0,7",,,,," 'distance': 0,127992451190948",111323,Cabeza de cordero partida bandeja 500 g,MAKRO CHEF,,KILO,"0,50",KG,500,1,500,,,,"2,81",,,"5,62",,,,,"-2,31","-2,31",-70%,-70%,-70%,-70%,-65%
"CJ ESTROPAJO F,VERDE E,BASIC 3U",24265027,2-ALIMENTACION,12-DROGUERIA,59-UTILES DE LIMPIEZA,5-ESTROPAJOS,15-ESTROPAJOS SOLO FIBRA,"CJ ESTROPAJO F,VERDE E,BASIC 3U",EROSKI,24265027,PACK,1,1000,3,UDS,,,,"1,01",,"0,34",,,"0,73",,,,," 'distance': 0,86084920167923",179702,makro PROFESSIONAL Estropajo de fibra verde con esponja 14 unidades,MAKRO PROFESSIONAL,,RETRACTIL,0,UDS,0,14,0,,,,"7,73",,,"0,55",,,,,"-0,21","-0,21",-62%,-62%,-62%,-62%,-62%
"Pulpo limpio PESCANOVA, bolsa 800 g",13682141,2-ALIMENTACION,3-CONGELADOS,9-PESCADO Y MARISCO CONGELADO,10-CEFALOPODO,20-CEFALOPODOS OTROS,"Pulpo limpio PESCANOVA, bolsa 800 g",PESCANOVA,13682141,BOLSA,"0,8",800,1,KG,,,,"16,89",,"21,11",,,"0,03",,"16,05","20,06",5%," 'distance': 2,6414265632629395",211245,'PESCANOVA Pulpo 4 patas cocido fao 34 800 gr congelado',PESCANOVA,,BOLSA/BOLSON,"0,80",KG,800,1,800,,,,"27,23","26,96",,"34,04","33,70",,1%,,"-13,64","-12,58",-60%,-68%,-61%,-62%,-62%
Cola de rape EROSKI bandeja aprox. 350 g,17908047,1-FRESCOS,7-PESCADERIA,13-PESCADO FRESCO ENVASADO,10-PESCADO SALVAJE PFE,25-RAPE PFE,Cola de rape EROSKI bandeja aprox. 350 g,EROSKI,17908047,BANDEJA,"0,35",350,1,KG,,,,"7,00",,"20,00",,,"5,62",,"5,25","15,00",25%," 'distance': 0,528038263320923",220110,Rape cola bolsa 2-4 kg FAO 27,MAKRO,,KILO,3,KG,3000,1,3000,,,,"62,55","55,67",,"20,85","18,56",,11%,COMPRA MAS PAGA MENOS,"-3,56","1,44",7%,-24%,-4%,-57%,-59%
"Boniato, al peso, compra mínima 940 g / 4 uds",179481,1-FRESCOS,1-FRUTA Y HORTALIZA,20-COMPLEMENTOS BASICOS,15-PATATAS,25-OTROS TUBERCULOS,"Boniato, al peso, compra mínima 940 g / 4 uds",EROSKI,179481,GRANEL,"0,94",940,4,KG,,,,"3,20",,"3,40",,,"7,68",,"2,56","2,72",20%," 'distance': 0,920613288879395",377858,Boniato en bandeja,METRO CHEF,,GRANEL,"0,9",KG,900,1,900,,,,"3,60",,,"4,00",,,,,"-1,28","-0,60",-18%,-47%,-18%,7%,-37%
"Cóctel hosteleria SERVIHOSTEL, cubeta 3,5 kg",14856405,2-ALIMENTACION,8-SALADO,3-FRUTOS SECOS,23-COCKTAIL,10-COCKTAIL S/CASCARA MAS DE 150G,"Cóctel hosteleria SERVIHOSTEL, cubeta 3,5 kg",SERVIHOSTEL,14856405,CUBETA,"3,5",3500,1,KG,,,,"18,98",,"5,42",,,"0,73",,"18,03","5,15",5%," 'distance': 0,347596693624953",87890,METRO Chef Cocktail frutos secos cubo 2 kg,METRO CHEF,,Cubo,2,KG,2000,1,2000,,,,"17,33",,,"8,67",,,,,"-3,51","-3,24",-60%,-68%,-60%,-58%,-57%
Coles de Bruselas EROSKI bolsa 450 g,25882390,2-ALIMENTACION,3-CONGELADOS,7-VERDURAS CONGELADAS,1-VERDURA NATURAL,9-OTRAS VERDURAS,Coles de Bruselas EROSKI bolsa 450 g,EROSKI,25882390,BOLSA,"0,45",450,1,KG,,,,"1,66",,"3,69",,,"1,61",,"1,49","3,32",10%," 'distance': 0,302906483411789",5984,"METRO Chef Col bruselas 2,5Kg",METRO CHEF,,BOLSA/BOLSON,"2,5",KG,2500,1,2500,,,,"4,63","4,44",,"1,85","1,78",,4%,,"1,54","1,91",52%,46%,50%,50%,-21%
"Atún en aceite de girasol CALVO, lata 500 g",19362136,2-ALIMENTACION,8-SALADO,23-CONSERVAS DE PESCADO,3-ATUN,15-ATUN EN ACEITE GIRASOL,"Atún en aceite de girasol CALVO, lata 500 g",CALVO,19362136,LATA,"0,5",500,1,KG,,,,"4,59",,"9,18",,,"0,11",,"4,13","8,26",10%," 'distance': 3,211979389190674",218939,Calvo atún en aceite de girasol lata 600 gne (750 g),CALVO,,CAJA/CAJON,"0,75",KG,750,1,750,,,,"10,73",,,"14,31",,,,,"-6,04","-5,13",-56%,-73%,-56%,-56%,-56%
Alcohol 96º EROSKI botella 250 ml,9764101,2-ALIMENTACION,13-PERFUMERIA,87-PARAFARMACIA,71-BOTIQUIN,2-DESINFECTANTES ALCOHOL,Alcohol 96º EROSKI botella 250 ml,EROSKI,9764101,BOTELLA,"0,25",250,1,L,,,,"0,75",,"3,00",,,"6,19",,,,," 'distance': 5,696535587310791",206668,METRO PROFESSIONAL alcohol 96º botella 1 L',METRO PROFESSIONAL,,BOTELLA,"1,00",L,1000,1,1000,,,,"4,61",,,"4,61",,,,,"-1,61","-1,61",-54%,-54%,-54%,-54%,-54%
Papel de aluminio 50 metros EROSKI caja 1 ud,26399204,2-ALIMENTACION,12-DROGUERIA,61-DESECHABLES,1-ALUMINIO,1-ALUMINIO,Papel de aluminio 50 metros EROSKI caja 1 ud,EROSKI,26399204,ROLLO,,,50,METROS,,,,"3,59",,"0,07",,,,,,,," 'distance': 0,879570305347443",215560,METRO PROFESSIONAL papel aluminio 50 m 29 cm 12 micras,METRO PROFESSIONAL,,UNIDAD,"50,00",METROS,50000,1,50000,,,,"5,63","4,79",,"0,11","0,10",,15%,COMPRA MAS PAGA MENOS,"-0,02","-0,02",-33%,-33%,-57%,-61%,-56%
"Cabecero de lomo EROSKI pack 4x31,25 g",25258997,1-FRESCOS,4-CHARCUTERIA,"6-CURADOS, EMBUT. E IBERICOS",3-CURADOS PORCION,7-LOMO CURADO PORCION,"Cabecero de lomo EROSKI pack 4x31,25 g",EROSKI,25258997,PACK,"0,125",125,4,KG,,,,"2,30",,"18,40",,,"1,96",,"2,07","16,56",10%," 'distance': 0,333490014076233",163789,makro Chef lomo cabecero en lonchas 500g,MAKRO CHEF,,BANDEJA,"0,5",KG,500,1,500,,,,"14,03",,,"28,06",,,,,"-11,50","-9,66",-53%,-69%,-53%,-53%,-53%
DETERLEJIA SERVIHOSTEL 6/2L,12234266,2-ALIMENTACION,12-DROGUERIA,47-LEJIAS,3-LEJIAS CON DETERGENTE,7-CON¿DETERGENTE¿PEQUEÑA,DETERLEJIA SERVIHOSTEL 6/2L,SERVIHOSTEL,12234266,GARRAFA,2,2000,1,L,,,,"1,32",,"0,66",,,0,,,,," 'distance': 0,886685252189636",509249,makro PROFESSIONAL Lejía con detergente 10L,MAKRO PROFESSIONAL,,GARRAFA,10,L,10000,1,10000,,,,"8,46",,,"0,85",,,,,"-0,19","-0,19",-28%,-28%,-28%,-28%,-44%
"Magdalena redonda EROSKI BASIC, paquete 615 g",759985,2-ALIMENTACION,10-DULCE,24-BOLLERIA INDUSTRIAL,1-DESAYUNO,30-MAGDALENAS,"Magdalena redonda EROSKI BASIC, paquete 615 g",EROSKI BASIC,759985,PAQUETE,"0,615",615,1,KG,,,,"2,12",,"3,45",,,"15,34",,,,," 'distance': 0,877751648426056",123916,RIOBA magdalenas 70g contiene 20 unidades,RIOBA,,CAJA/CAJON,"0,07",KG,70,20,1400,,,,"7,1","6,75",,"5,07","4,82",,5%,COMPRA MAS PAGA MENOS,"-1,37","-1,37",-40%,-40%,-47%,-55%,-53%
"Tomate Mediterráneo HELIOS, frasco 560 g",15244171,2-ALIMENTACION,8-SALADO,10-TOMATE,9-TOMATE FRITO,19-TOMATE FTO CASERO MAS DE 500,"Tomate Mediterráneo HELIOS, frasco 560 g",HELIOS,15244171,FRASCO,"0,56",560,1,KG,,,,"2,59","1,94","4,63","3,47",,,2nd unit-50%,"1,65","2,95",15%," 'distance': 0,158672302961349",177155,Helios tomate mediterr√°neo con aceite de oliva frasco 560gn,HELIOS,,FRASCO,"0,56",KG,560,1,560,,,,"2,41",,,"3,91",,,,,"-0,96","-0,44",-13%,-33%,15%,15%,-22%
Tomate natural entero pelado EROSKI lata 780 g,316018,2-ALIMENTACION,8-SALADO,10-TOMATE,1-TOMATE NATURAL,1-TOMATE NATURAL ENTERO,Tomate natural entero pelado EROSKI lata 780 g,EROSKI,316018,LATA,"0,78",780,1,KG,,,,"1,35",,"1,73",,,"6,73",,"1,15","1,47",15%," 'distance': 0,4543036222457886",872794,metro chef tomate natural pelado lata g tomate jugo de tomate sal acidulante acido citrico endurecedor cloruro de calcio tomate sal acido citrico cloruro de calcio,METRO CHEF,,LATA,4,KG,4000,1,4000,,,,"7,69","6,92",,"2,59","2,33",,10%,COMPRA MAS PAGA MENOS,"-0,86","-0,60",-35%,-58%,-50%,-50%,-50%
Salsa mejicana EROSKI frasco 300 g,24552010,2-ALIMENTACION,8-SALADO,39-COMIDAS DEL MUNDO,5-COMIDA AMERICA,25-MEXICANA SALSAS,Salsa mejicana EROSKI frasco 300 g,EROSKI,24552010,FRASCO,"0,3",300,1,KG,,,,"1,25",,"4,17",,,1,,"1,00","3,33",20%," 'distance': 4,443421363830566",219759,'METRO Chef salsa mejicana 930 g',METRO CHEF,,BOTELLA,"0,93",KG,930,1,930,,,,"5,78",,,"6,22",,,,,"-2,88","-2,05",-49%,-86%,-49%,-49%,-49%
Bebida de melocotón y uva EROSKI brik 1 litro,19539196,2-ALIMENTACION,11-BEBIDAS,6-ZUMOS Y NECTARES,1-ZUMO Y NECTAR,1-ZUMO Y NECTAR BASICO,Bebida de melocotón y uva EROSKI brik 1 litro,EROSKI,19539196,BRIK,1,1000,1,L,,,,"1,00",,"1,00",,,"5,42",,,,," 'distance': 3,4176924228668213",53753,aro Zumo melocotón uva 1L contiene 12 unidades',ARO,,BRIK,"1,00",L,1000,12,12000,,,,"17,88",,,"1,49",,,,,"-0,49","-0,49",-49%,-49%,-49%,-49%,-45%
"Aceituna manzanilla sin hueso SERVIHOSTEL, galón 5 kg",13181029,2-ALIMENTACION,8-SALADO,1-ACEITUNAS Y ENCURTIDOS,3-ACEITUNAS VERDES,4-ACEITUNAS VERDES SIN HUESO,"Aceituna manzanilla sin hueso SERVIHOSTEL, galón 5 kg",SERVIHOSTEL,13181029,GALON,5,5000,1,KG,,,,"15,95",,"3,19",,,"0,03",,"11,96","2,39",25%," 'distance': 0,465829465973623",805766,METRO Chef aceitunas verdes manzanilla sin hueso rellena de anchoa calibre 241-300 lata 2100gne (4350 g),METRO CHEF,,LATA,"4,35",KG,4350,1,4350,,,,"16,78",,,"3,86",,,,,"-1,46","-0,67",-21%,-61%,-21%,-49%,-49%
"Pacharán I,G,P, Navarra BAINES, botella 1 litro",455725,2-ALIMENTACION,11-BEBIDAS,18-BEBIDAS DE ALTA GRADUACION,15-PATXARAN Y PONCHE,"2-PATXARAN CON I,G,P,","Pacharán I,G,P, Navarra BAINES, botella 1 litro",BAINES,455725,BOTELLA,1,1000,1,L,,,,"19,74",,"19,74",,,"0,07",,"16,78","16,78",15%," 'distance': 2,2774863243103027",261495,Baines pacharán etiqueta oro botella 70cl',BAINES,,BOTELLA,"0,70",L,700,1,700,,,,"19,23",,,"27,47",,,,,"-10,69","-7,73",-39%,-64%,-39%,-49%,-47%
"Zanahoria con hoja, manojo 800 g",13342308,1-FRESCOS,1-FRUTA Y HORTALIZA,2-HORTALIZA,74-ZANAHORIAS,5-ZANAHORIAS,"Zanahoria con hoja, manojo 800 g",EROSKI,13342308,MANOJO,"0,8",800,1,KG,,,,"1,95",,"2,44",,,,,"1,66","2,07",15%," 'distance': 0,44076770544052124",37778,Zanahoria con hoja manojo 750g,MAKRO,,BOLSA/BOLSON,"0,75",KG,750,1,750,,,,"2,24",,,"2,87",,,,,"-0,80","-0,43",-18%,-39%,-18%,-47%,-47%
"Paletilla de cordero del País, pieza al peso aprox. 1.1 kg",886051,1-FRESCOS,2-CARNICERIA,75-VITRINA,24-CORDERO RECENTAL VITRINA,15-DESPIECE RECENTAL VITRINA,"Paletilla de cordero del País, pieza al peso aprox. 1.1 kg",EROSKI,886051,PIEZA,"1,1",1100,1,KG,,,,"16,45",,"14,95",,,,,,,," 'distance': 0,8234217762947083",65682,Paletilla de cordero recental al vacío precio kg,MAKRO,,KILO,1,KG,1000,1,1000,,,,"21,95",,,"21,95",,,,,"-7,00","-7,00",-47%,-47%,-47%,-47%,-47%
"COCTAIL 5FRUTOS SERVIHOSTEL 1,8K",15992225,2-ALIMENTACION,8-SALADO,5-PATATAS FRITAS Y SNACKS,20-SNACKS/APERITIVOS,30-APERITIVO RESTO COCKTAIL,"COCTAIL 5FRUTOS SERVIHOSTEL 1,8K",SERVIHOSTEL,15992225,BOLSA,"1,8",1800,1,KG,,,,"7,98",,"4,43",,,"0,38",,,,," 'distance': 1,47370409965515",108686,"METRO Chef Mezcla 5 frutos secos cubo 2,25 kg",METRO CHEF,,Cubo,"2,25",KG,2250,1,2250,,,,"14,14","12,87",,"6,28","5,72",,9%,COMPRA MAS PAGA MENOS,"-1,29","-1,29",-29%,-29%,-42%,-41%,-45%
DURUM MISSION 18U 30CM C/6,20144630,2-ALIMENTACION,8-SALADO,39-COMIDAS DEL MUNDO,5-COMIDA AMERICA,20-MEXICANA MASAS,DURUM MISSION 18U 30CM C/6,MISSION,20144630,PAQUETE,"1,62",1620,18,UDS,,,,"4,26",,"0,24",,,"0,65",,"3,41","2,10",20%," 'distance': 1,06803274154663",778661,"Mission Wraps tortilla durum 30cm (1710 g aprox,)",MISSION WRAPS,,Paquete,"1,71",KG,1710,1,1710,,,,"6,23",,,"0,35",,,,,"-0,11","-0,11",-44%,-44%,-44%,-38%,-44%
Ensaladilla EROSKI bolsa 1 kg,19519347,2-ALIMENTACION,3-CONGELADOS,7-VERDURAS CONGELADAS,1-VERDURA NATURAL,8-ENSALADILLA,Ensaladilla EROSKI bolsa 1 kg,EROSKI,19519347,BOLSA,1,1000,1,KG,,,,"1,36",,"1,36",,,"1,69",,"1,22","1,22",10%," 'distance': 0,572114706039429",93633,"makro Chef Ensaladilla 2,5Kg",MAKRO CHEF,,BOLSA,"2,5",KG,2500,1,2500,,,,"4,94","4,25",,"1,98","1,70",,14%,COMPRA MAS PAGA MENOS,"-0,48","-0,34",-25%,-39%,-46%,-46%,-46%
Tomate natural entero pelado EROSKI lata 390 g,316026,2-ALIMENTACION,8-SALADO,10-TOMATE,1-TOMATE NATURAL,1-TOMATE NATURAL ENTERO,Tomate natural entero pelado EROSKI lata 390 g,EROSKI,316026,LATA,"0,39",390,1,KG,,,,"0,68",,"1,74",,,"3,73",,"0,58","1,48",15%," 'distance': 3,545351028442383",78717,'METRO Chef tomate natural pelado lata 240gne contiene 6 unidades (390 g)',METRO CHEF,,LATA,"0,39",KG,390,6,2340,,,,"6,88",,,"2,94",,,,,"-1,46","-1,20",-69%,-98%,-69%,-43%,-43%
"Leche gran creme entera SERVIHOSTEL, botella 1,5 litros",14897060,2-ALIMENTACION,5-LACTEOS,3-LECHE,3-LECHE LARGA VIDA BOTELLA,1-LECHE BOTELLA ENTERA,"Leche gran creme entera SERVIHOSTEL, botella 1,5 litros",SERVIHOSTEL,14897060,BOTELLA,"1,5",1500,1,L,,,,"1,44",,"0,96",,,,,"1,30","0,86",10%," 'distance': 0,440686583518982",153704,"makro Chef leche entera gran créme para hostelería botella 1,5 L contiene 6 unidades",MAKRO CHEF,,CAJA/CAJON,"1,5",L,1500,6,9000,,,,"9,14","8,23",,"1,02","0,91",,10%,COMPRA MAS PAGA MENOS,"-0,05","0,05",5%,-6%,-6%,-63%,-51%
"Chorizo picante EROSKI BASIC, sarta 200 g",26260901,1-FRESCOS,4-CHARCUTERIA,8-CARNICOS PIEZA,2-EMBUTIDOS PIEZA,6-CHORIZO SARTA,"Chorizo picante EROSKI BASIC, sarta 200 g",EROSKI BASIC,26260901,SARTA,"0,2",200,1,KG,,,,"1,74",,"8,70",,,,,"1,65","8,27",5%," 'distance': 0,129509299993515",108087,aro chorizo sarta picante 200g,ARO,,BOLSA/BOLSON,"0,2",KG,200,1,200,,,,"2,48","2,28",,"12,40","11,41",,8%,COMPRA MAS PAGA MENOS,"-3,14","-2,71",-31%,-38%,-43%,-43%,-43%
Galleta salada mini cracker EROSKI bote 350 g,5481809,2-ALIMENTACION,10-DULCE,28-PAN TOSTADO,10-APERITIVOS,1-GALLETA SALADA,Galleta salada mini cracker EROSKI bote 350 g,EROSKI,5481809,BOTE,"0,35",350,1,KG,,,,"1,20",,"3,43",,,,,,,," 'distance': 0,535486459732056",78590,aro galleta salada redonda 350g,ARO,,BOTELLA,"0,35",KG,350,1,350,,,,"1,75",,,"5,00",,,,,"-1,57","-1,57",-46%,-46%,-46%,-46%,-44%
"Pan hamburguesa Maxiburguers EROSKI 4 unid,, paquete 300 g",15700891,2-ALIMENTACION,10-DULCE,26-PAN DE MOLDE,10-PANES DIVERSOS,1-HAMBURGUESA,"Pan hamburguesa Maxiburguers EROSKI 4 unid,, paquete 300 g",EROSKI,15700891,PAQUETE,"0,3",300,4,KG,,,,"0,85",,"2,83",,,"18,26",,"0,81","2,69",5%," 'distance': 2,931441307067871",487006, 'METRO Chef pan hamburguesa sésamo maxi 900 g contiene 12 unidades',METRO CHEF,,BOLSA/BOLSON,"0,66",KG,660,1,660,,,,"2,90",,,"4,39",,,,,"-1,70","-1,56",-55%,-63%,-55%,-55%,-46%
BEBIDA AVENA EROSKI 1L,24637373,2-ALIMENTACION,5-LACTEOS,3-LECHE,6-PREPARADOS VEGETALES,3-BEBIDA DE AVENA,BEBIDA AVENA EROSKI 1L,EROSKI,24637373,BRIK,1,1000,1,L,,,,"0,95",,"0,95",,,"42,53",,"0,90","0,90",5%," 'distance': 0,797819018363953",211610,METRO Chef Bio bebida de avena bio brick de 1 L sin azúcar añadido contiene 12 unidades,METRO CHEF BIO,,Brik,1,L,1000,12,12000,,,,"16,05",,,"1,34",,,,,"-0,44","-0,39",-41%,-48%,-41%,-41%,-41%
MAYONESA SERVIHOSTEL 2/5KG,23332513,2-ALIMENTACION,9-COCINA,3-SALSAS,"3-MAYONESAS, S,FINAS Y S,LIGERAS","3-MAYO,S,FINAS FCO MAS 300 ML",MAYONESA SERVIHOSTEL 2/5KG,SERVIHOSTEL,23332513,CUBETA,5,5000,1,KG,,,,"13,15",,"2,63",,,"0,07",,"11,18","2,24",15%," 'distance': 0,960808455944061",211460,METRO Chef Mayonesa extra cubo 5L,METRO CHEF,,Cubo,5,KG,5000,1,5000,,,,"17,55",,,"3,51",,,,,"-1,27","-0,88",-33%,-57%,-33%,-33%,-38%
"Zumo de piña, manzana y uva EROSKI brik 1 litro",19539220,2-ALIMENTACION,11-BEBIDAS,6-ZUMOS Y NECTARES,1-ZUMO Y NECTAR,1-ZUMO Y NECTAR BASICO,"Zumo de piña, manzana y uva EROSKI brik 1 litro",EROSKI,19539220,BRICK,1,1000,1,L,,,,"1,00",,"1,00",,,"3,57",,,,," 'distance': 0,672451317310333",53860,aro Zumo piña uva 1L contiene 12 unidades,ARO,,BRICK,1,L,1000,12,12000,,,,"17,88",,,"1,49",,,,,"-0,49","-0,49",-49%,-49%,-49%,-49%,-43%
"Salsa bechamel KNORR, brik 500 ml",13230305,2-ALIMENTACION,9-COCINA,13-PASTAS,12-SALSAS PARA PASTA,2-SALSA PASTA BLANCA,"Salsa bechamel KNORR, brik 500 ml",KNORR,13230305,BRIK,"0,5",500,1,L,,,,"2,49",,"4,98",,,,,"2,12","4,23",15%," 'distance': 3,211979389190674",821210,Knorr salsa bechamel g d´or 1l,KNORR,,PAQUETE,1,L,1000,1,1000,,,,"6,92",,,"6,92",,,,,"-2,69","-1,94",-39%,-63%,-39%,-39%,-39%
"Pera Conferencia, cubeta 1 kg",17533,1-FRESCOS,1-FRUTA Y HORTALIZA,1-FRUTA,27-PERAS,15-PERAS CONFERENCIA,"Pera Conferencia, cubeta 1 kg",EROSKI,17533,CUBETA,1,1000,1,KG,,,,"2,25",,"2,25",,,"10,5",,"2,03","2,03",10%," 'distance': 5,538736343383789",58934,'Pera conferencia bandeja 1,MAKRO CHEF,,KILO,"1,00",KG,1000,1,1000,,,,"3,17",,,"3,07",,,,,"-1,05","-0,82",-36%,-52%,-36%,-36%,-38%
"Mejillón 40-50, bolsa 1 kg",462317,1-FRESCOS,7-PESCADERIA,14-MOSTRADOR PESCADERIA,46-MARISCO MOLUSCOS,5-MEJILLON,"Mejillón 40-50, bolsa 1 kg",EROSKI,462317,BOLSA,1,1000,1,KG,,,,"3,14",,"3,14",,,"14,11",,"2,83","2,83",10%," 'distance': 0,9834375381469727",98290,Mejillón Roca España 40-50 piezas/kg FAO 27 Atlántico Noreste,MAKRO,,BANDEJA,1,KG,1000,1,1000,,,,"3,25",,,"3,25",,,,,"-0,42","-0,11",-4%,-15%,-4%,10%,-22%
"CINT,LOMO TR,VACIO XXL EROSKI",6833388,1-FRESCOS,2-CARNICERIA,62-PORCINO ENVASADO,1-PORCINO BLANCO ENVASADO,1-LOMO BLANCO ENVASADO,"CINT,LOMO TR,VACIO XXL EROSKI",EROSKI,6833388,BANDEJA,"1,2",1200,1,KG,,,,"6,12",,"5,10",,,"6,11",,"5,81","4,85",5%," 'distance': 1,15274667739868",53142,Cinta de lomo de cerdo precio kg,MAKRO,,KILO,1,KG,1000,1,1000,,,,"5,60","5,04",,"5,60","5,04",,10%,COMPRA MAS PAGA MENOS,"-0,20","0,06",1%,-4%,-10%,-33%,-36%
"Lejía para lavadora NEUTREX, botella 960 ml",25148289,2-ALIMENTACION,12-DROGUERIA,47-LEJIAS,7-LEJÍAS LAVADORA,1-LAVADORA¿PEQUEÑA,"Lejía para lavadora NEUTREX, botella 960 ml",NEUTREX,25148289,BOTELLA,"0,96",960,1,L,,,,"2,05",,"2,14",,,"1,07",,,,," 'distance': 0,9971880912780762",207106,NEUTREX lejía lavadora 3,NEUTREX,,BOTELLA,"3,82",L,3820,1,3820,,,,"8,41",,,"2,20",,,,,"-0,07","-0,07",-3%,-3%,-3%,11%,-19%
Canonigos EROSKI bolsa 125 g,11016706,1-FRESCOS,1-FRUTA Y HORTALIZA,8-IV GAMA,51-ENSALADAS VALOR,20-COMPLEMENTOS DE ENSALADA,Canonigos EROSKI bolsa 125 g,EROSKI,11016706,BOLSA,"0,125",125,1,KG,,,,"1,16",,"9,28",,,"21,42",,,,," 'distance': 0,385749275940283",73250,Canonigos bolsa 200g,MAKRO,,BOLSA/BOLSON,"0,2",KG,200,1,200,,,,"2,55",,,"12,75",,,,,"-3,47","-3,47",-37%,-37%,-37%,-37%,-37%
"Suavizante lirio cautivador MIMOSÍN ORIGINS, botella 50 dosis",26124818,2-ALIMENTACION,12-DROGUERIA,43-SUAVIZANTES,15-SUAVIZANTES PREMIUM,10-SUAVIZANTES PREMIUM BLANCO,"Suavizante lirio cautivador MIMOSÍN ORIGINS, botella 50 dosis",MIMOSIN,26124818,BOTELLA,50,50000,50,DOSIS,,,,"4,19",,"0,08",,,"0,8",,,,," 'distance': 3,46693754196167",434135,Mimosín Profesional suavizante xxl 166 lavados 10 L',MIMOSIN PROF,,GARRAFA,"10,00",DOSIS,10000,166,1660000,,,,"18,45","15,68",,"0,11","0,09",,15%,COMPRA MAS PAGA MENOS,"-0,01","-0,01",-13%,-13%,-33%,-37%,-37%
"Recambio de fregona amarilla EROSKI basic, pack 1 unid.",3117256,2-ALIMENTACION,12-DROGUERIA,59-UTILES DE LIMPIEZA,1-FREGONAS,9-RECAMBIO¿FREGONA¿TIRAS SINTE.,"Recambio de fregona amarilla EROSKI basic, pack 1 unid.",EROSKI BASIC,3117256,PACK,1,1000,1,UDS,,,,"0,88",,"0,88",,,"2,15",,,,," 'distance': 0,846323370933533",211525,aro fregona amarilla contiene 2 unidades,ARO,,BOLSA/BOLSON,"0,2",UDS,200,2,400,,,,"2,41",,,"1,21",,,,,"-0,33","-0,33",-37%,-37%,-37%,-37%,-37%
TOMATE FRITO SERVIHOSTEL 6/3K,6817696,2-ALIMENTACION,8-SALADO,10-TOMATE,9-TOMATE FRITO,9-TOMATE FRITO LISO LATA,"TOMATE FRITO SERVIHOSTEL 6/2,6K",SERVIHOSTEL,6817696,LATA,"2,6",2600,1,KG,,,,"4,35",,"1,67",,,0,,"3,70","1,42",15%," 'distance': 0,306739002466202",98024,makro Chef tomate frito 2550g,METRO CHEF,,Lata,"2,55",KG,2550,1,2550,,,,"5,27","4,53",,"2,07","1,78",,14%,COMPRA MAS PAGA MENOS,"-0,36","-0,10",-6%,-25%,-24%,-43%,-39%
Bayeta microfibra grande EROSKI pack 3 uds.,23059157,2-ALIMENTACION,12-DROGUERIA,59-UTILES DE LIMPIEZA,7-BAYETAS,7-BAYETA¿MULTIUSOS MICROFIBRA,Bayeta microfibra grande EROSKI pack 3 uds.,EROSKI,23059157,PACK,,,3,UDS,,,,"1,75",,"0,58",,,"3,26",,,,," 'distance': 0,585165619850159",215870,METRO PROFESSIONAL bayeta microfibra roja,METRO PROFESSIONAL,,BOLSA/BOLSON,"0,242",UDS,242,5,1210,,,,"3,98",,,"0,80",,,,,"-0,21","-0,21",-36%,-36%,-36%,-36%,-36%
"Aceite de girasol alto oleico SERVIHOSTEL, garrafa 5 litros",13319454,2-ALIMENTACION,9-COCINA,1-ACEITE,3-ACEITE GIRASOL FORMATO GRANDE,3-ACEITE GIRASOL FORMATO GRANDE,"Aceite de girasol alto oleico SERVIHOSTEL, garrafa 5 litros",SERVIHOSTEL,13319454,GARRAFA,5,5000,1,L,,,,"10,95",,"2,19",,,,,"10,40","2,08",5%," 'distance': 0,449572485024958",78093,METRO Chef aceite girasol alto oléico bidón 5l,METRO CHEF,,BIDON,5,L,5000,1,5000,,,,"10,84",,,"2,17",,,,,"-0,09","0,02",1%,-4%,1%,-37%,-36%
"Manzana Reineta Gris, al peso, compra mínima 1 kg",11321775,1-FRESCOS,1-FRUTA Y HORTALIZA,1-FRUTA,25-MANZANAS,10-MANZANAS SEMIACIDAS,"Manzana Reineta Gris, al peso, compra mínima 1 kg",EROSKI,11321775,GRANEL,1,1000,1,KG,,,,"2,51",,"2,51",,,"7,36",,"2,26","2,26",10%," 'distance': 4,891961574554443",661219,'Manzana reineta parda calibre 80/85 peso 4 kg',MAKRO CHEF,,CAJA/CAJON,"2,30",KG,2300,1,2300,,,,"7,85",,,"3,41",,,,,"-1,15","-0,90",-36%,-51%,-36%,-29%,-32%
"Salsa wok KIKKOMAN, frasco 250 ml",9658683,2-ALIMENTACION,9-COCINA,3-SALSAS,9-SALSAS ESPECIALES,21-SALSAS SOJA,"Salsa wok KIKKOMAN, frasco 250 ml",KIKKOMAN,9658683,FRASCO,"0,25",250,1,L,,,,"5,79",,"23,16",,,"0,11",,"4,92","19,69",15%," 'distance': 2,6201791763305664",215087,'KIKKOMANN salsa poke 250 ml',KIKKOMAN,,CAJA/CAJON,"0,25",L,250,1,250,,,,"5,93",,,"23,72",,,,,"-4,03","-0,56",-2%,-20%,-2%,-23%,-31%
Arroz basmati EROSKI paquete 1 kg,9160615,2-ALIMENTACION,9-COCINA,7-ARROZ,7-ARROZ ESPECIAL,3-ARROZ AROMATICO,Arroz basmati EROSKI paquete 1 kg,EROSKI,9160615,PAQUETE,1,1000,1,KG,,,,"2,20",,"2,20",,,5,,,,," 'distance': 0,58828216791153",197577,METRO Chef arroz basmati 1kg,METRO CHEF,,BOLSA/BOLSON,1,KG,1000,1,1000,,,,"2,34","1,97",,"2,34","1,97",,16%,COMPRA MAS PAGA MENOS,"0,23","0,23",11%,11%,-6%,-6%,-25%
"Torrijas caramelizadas CASA ECEIZA, caja 280 g",19699628,2-ALIMENTACION,3-CONGELADOS,3-HELADO,1-HELADO FAMILIAR,35-HELADO FAMILIAR TARTA RESTO,"Torrijas caramelizadas CASA ECEIZA, caja 280 g",CASA ECEIZA,19699628,CAJA,"0,28",280,1,KG,,,,"4,65","3,49","16,61","12,46",,"0,57",2nd unit-50%,,,," 'distance': 2,0813186168670654",215227,'Casa Eceiza torrija caramelizada 100 g contiene 2 unidades congelado (total 200 g)',CASA ECEIZA,,ESTUCHE,"0,20",KG,200,1,200,,,,"4,28",,,"21,40",,,,,"-8,94","-8,94",-72%,-72%,-29%,-29%,-32%
Muslito de mar EROSKI caja 500 g,8928806,2-ALIMENTACION,3-CONGELADOS,9-PESCADO Y MARISCO CONGELADO,4-SURIMI,98-SURIMI-OTROS,Muslito de mar EROSKI caja 500 g,EROSKI,8928806,CAJA,"0,5",500,1,KG,,,,"2,89",,"5,78",,,"0,46",,"2,75","5,49",5%," 'distance': 0,323149412870407",102509,makro Chef Muslitos de mar 1Kg,MAKRO CHEF,,BOLSA/BOLSON,1,KG,1000,1,1000,,,,"7,8","7,41",,"7,80","7,41",,5%,COMPRA MAS PAGA MENOS,"-1,92","-1,63",-28%,-35%,-35%,-42%,-37%
COCTEL MIX SERVIHOSTEL BOL 2K C/,14446710,2-ALIMENTACION,8-SALADO,3-FRUTOS SECOS,23-COCKTAIL,10-COCKTAIL S/CASCARA MAS DE 150G,COCTEL MIX SERVIHOSTEL BOL 2K C/,SERVIHOSTEL,14446710,BOLSA,2,2000,1,KG,,,,"9,63",,"4,82",,,"0,38",,"9,15","4,57",5%," 'distance': 1,65935516357422",108682,"METRO Chef mezcla de 4 frutos secos cubo 2,1 kg",METRO CHEF,,Cubo,"2,1",KG,2100,1,2100,,,,"13,04",,,"6,21",,,,,"-1,64","-1,39",-29%,-36%,-29%,-27%,-32%
Anacardos fritos EROSKI bolsa 175 g,17402421,2-ALIMENTACION,8-SALADO,3-FRUTOS SECOS,21-NOBLES,3-ANACARDOS,Anacardos fritos EROSKI bolsa 175 g,EROSKI,17402421,BOLSA,"0,175",175,1,KG,,,,"2,36",,"13,49",,,"2,23",,"2,24","12,81",5%," 'distance': 4,570286273956299",158075,'makro Chef Anacardo frito bolsa 1kg',MAKRO CHEF,,BOLSA/BOLSON,"1,00",KG,1000,1,1000,,,,"16,12",,,"16,12",,,,,"-3,31","-2,63",-20%,-26%,-20%,-29%,-32%
Jamón serrano EROSKI sobre 150 g,6002067,1-FRESCOS,4-CHARCUTERIA,"6-CURADOS, EMBUT. E IBERICOS",3-CURADOS PORCION,2-JAMON CURADO PORCION,Jamón serrano EROSKI sobre 150 g,EROSKI,6002067,SOBRE,"0,15",150,1,KG,España,,,"2,32",,"15,47",,,"2,16",,"2,09","13,92",10%," 'distance': 3,2471930980682373",115870,makro Chef jamón serrano 80 g contiene 5 sobres (Total 400 g)',MAKRO CHEF,,SOBRE,"0,40",KG,400,1,400,,,,"8,68","7,81",,"21,70","19,53",,10%,COMPRA MAS PAGA MENOS,"-5,61","-4,06",-26%,-40%,-40%,-33%,-33%
"Aceite de girasol SERVIHOSTEL, garrafa 10 litros",8351827,2-ALIMENTACION,9-COCINA,1-ACEITE,5-ACEITES GIRASOL,3-ACEITE GIRASOL FORMATO GRANDE,"Aceite de girasol SERVIHOSTEL, garrafa 10 litros",SERVIHOSTEL,8351827,GARRAFA,10,10000,1,L,,,,"15,62",,"1,56",,,"0,46",,"14,84","1,48",5%," 'distance': 0,556873798370361",78056,aro aceite girasol 5l,ARO,,BIDON,5,L,5000,1,5000,,,,"9,30",,,"1,86",,,,,"-0,38","-0,30",-19%,-25%,-19%,-35%,-34%
Lejía para lavadora densa EROSKI garrafa 5 litros,15001662,2-ALIMENTACION,12-DROGUERIA,47-LEJIAS,7-LEJÍAS LAVADORA,3-LAVADORA¿GRANDE,Lejía para lavadora densa EROSKI garrafa 5 litros,EROSKI,15001662,GARRAFA,5,5000,1,L,,,,"2,89",,"0,58",,,"1,29",,,,," 'distance': 3,166252851486206",78073,makro PROFESSIONAL Lejía densa lavadora perfumada 5L,MAKRO PROFESSIONAL,,GARRAFA,"5,00",L,5000,1,5000,,,,"3,50",,,"0,70",,,,,"-0,12","-0,12",-21%,-21%,-21%,-21%,-29%
"AZUCAR PLAST, SERVIHOST,1000SOBX",12091633,2-ALIMENTACION,9-COCINA,19-AZUCAR Y EDULCORANTES,1-AZUCAR,7-AZUCARILLOS,"AZUCAR PLAST, SERVIHOST,1000SOBX",SERVIHOSTEL,12091633,CAJA,8,8000,1000,KG,,,,"14,25",,"1,78",,,"0,03",,,,," 'distance': 0,842923879623413",205393,RIOBA azúcar blanco sobre 6 g contiene 1000 unidades (total 6000 g ),RIOBA,,CAJA/CAJON,"0,006",KG,6,1000,6000,,,,"12,64","10,74",,"2,11","1,79",,15%,COMPRA MAS PAGA MENOS,"-0,01","-0,01",-1%,-1%,-18%,-32%,-32%
"Mayonesa HEINZ, frasco 480 ml",19530906,2-ALIMENTACION,9-COCINA,3-SALSAS,"3-MAYONESAS, S,FINAS Y S,LIGERAS","3-MAYO,S,FINAS FCO MAS 300 ML","Mayonesa HEINZ, frasco 480 ml",HEINZ,19530906,FRASCO,"0,48",480,1,L,,,,"3,19",,"6,65",,,"0,73",,"2,71","5,65",15%," 'distance': 4,220498085021973",121903,'HEINZ mayonesa pet 875ml',HEINZ,,BOTE,"0,88",L,875,1,875,,,,"7,69",,,"8,79",,,,,"-3,14","-2,14",-32%,-56%,-32%,-32%,-32%
Salsa de queso EROSKI frasco 280 g,25944299,2-ALIMENTACION,8-SALADO,39-COMIDAS DEL MUNDO,5-COMIDA AMERICA,25-MEXICANA SALSAS,Salsa de queso EROSKI frasco 280 g,EROSKI,25944299,FRASCO,"0,28",280,1,KG,,,,"1,54",,"5,50",,,,,"1,23","4,40",20%," 'distance': 0,6393988132476807",116446,"METRO Chef salsa queso cheddar dip pet 1,110kg",METRO CHEF,,BOTE,1,L,1000,1,1000,,,,"8,64","7,34",,"7,26","6,17",,15%,COMPRA MAS PAGA MENOS,"-1,77","-0,67",-12%,-40%,-32%,-32%,-32%
Piña cilindro EROSKI tarrina 525 g,25966037,1-FRESCOS,1-FRUTA Y HORTALIZA,8-IV GAMA,55-PREPARADOS DE FRUTA,5-FRUTA LIMPIA Y PARTIDA,Piña cilindro EROSKI tarrina 525 g,EROSKI,25966037,TARRINA,"0,525",525,1,KG,,,,"3,59",,"6,84",,,"11,09",,,,," 'distance': 0,6371825337409973",211936,METRO Chef piña en rodajas bandeja 2000 g,METRO CHEF,,BOTE,2,KG,2000,1,2000,,,,"12,99",,,"6,50",,,,,"0,34","0,34",5%,5%,5%,-32%,-32%
Jamón cocido EROSKI pack 2x200 g,24928145,1-FRESCOS,4-CHARCUTERIA,20-COCIDOS PORCION,5-COCIDOS CERDO,5-JAMON DE CERDO,Jamón cocido EROSKI pack 2x200 g,EROSKI,24928145,PACK,"0,4",400,1,KG,,,,"3,49",,"8,73",,,"6,83",,"3,32","8,29",5%," 'distance': 5,151489734649658",163829,makro Chef jamón cocido 11x11 loncheado pack 500g',MAKRO CHEF,,PACK,"0,50",KG,500,1,500,,,,"6,00","5,16",,"12,00","10,32",,14%,COMPRA MAS PAGA MENOS,"-2,03","-1,60",-18%,-25%,-38%,-42%,-34%
"Entrecot de lomo alto de vaca, al peso, compra mínima",24990913,1-FRESCOS,2-CARNICERIA,75-VITRINA,9-VACUNO MAYOR VITRINA,10-VACUNO MAYOR LOMO VITRINA,"Entrecot de lomo alto de vaca, al peso, compra mínima",EROSKI,24990913,KILO,1,1000,1,KG,,,,"33,95",,"33,95",,,,,,,," 'distance': 0,6082538962364197",196957,entrecot alto vaca,MAKRO,,UNIDAD,"0,3",KG,300,1,300,,,,"14,25",,,"43,17",,,,,"-9,22","-9,22",-27%,-27%,-27%,-31%,-31%
KETCHUP SERVIHOSTEL 4875G C/2,20363487,2-ALIMENTACION,9-COCINA,3-SALSAS,5-KETCHUP,3-KETCHUP MAS 400 G,KETCHUP SERVIHOSTEL 4875G C/2,SERVIHOSTEL,20363487,GARRAFA,"4,875",4875,1,KG,,,,"8,31",,"1,70",,,0,,"7,06","1,45",15%," 'distance': 0,654734373092651",452231,"makro Chef ketchup garrafa 1,85l",METRO CHEF,,Garrafa,"1,85",L,1850,1,1850,,,,"3,51","2,98",,"1,90","1,61",,15%,COMPRA MAS PAGA MENOS,"-0,16","0,09",5%,-11%,-11%,-30%,-31%
"Guisante muy fino EROSKI BASIC, pack 3x140 g",17820580,2-ALIMENTACION,8-SALADO,13-CONSERVAS VEGETALES,19-GUISANTES,1-GUISANTES¿LATA¿PACK,"Guisante muy fino EROSKI BASIC, pack 3x140 g",EROSKI BASIC,17820580,PACK,"0,42",420,1,KG,,,,"2,16",,"5,14",,,"1,9",,,,," 'distance': 0,37786665558815",214073,METRO Chef guisante fino lata 120 gne contiene 3 unidades (200 g),METRO CHEF,,LATA,"0,36",KG,360,1,360,,,,"2,41",,,"6,69",,,,,"-1,55","-1,55",-30%,-30%,-30%,-30%,-30%
"Licor de whisky DRAMBUIE, botella 70 cl",377754,2-ALIMENTACION,11-BEBIDAS,18-BEBIDAS DE ALTA GRADUACION,17-LICORES CON ALCOHOL,15-LICOR BASE WHISKY,"Licor de whisky DRAMBUIE, botella 70 cl",DRAMBUIE,377754,BOTELLA,"0,7",700,1,L,,,,"22,95",,"32,79",,,0,,"19,51","27,87",15%," 'distance': 1,683436393737793",61596,'DRAMBUIE licor whisky botella 70cl',DRAMBUIE,,BOTELLA,"0,70",L,700,1,700,,,,"32,85",,,"46,93",,,,,"-19,06","-14,14",-43%,-68%,-43%,-29%,-29%
BOQUERON ARTEIÑAKI,16292781,1-FRESCOS,7-PESCADERIA,12-ESPECIALIDADES,30-CONSERVAS DE ANCHOA,35-BOQUERON EN VINAGRE,BOQUERON ARTEIÑAKI,ARTEIÑAKI,16292781,TARRINA,"0,25",250,1,KG,,,,"5,17","4,91","20,68","19,65",,"47,69",5%,"3,68","14,73",25%," 'distance': 0,181173965334892",106677,Arteiñaki boquerón aliñado 250 g,Arteiñaki,,TARRINA,"0,25",KG,250,1,250,,,,"6,66","5,73",,"26,64","22,91",,14%,COMPRA MAS PAGA MENOS,"-8,18","-3,26",-17%,-55%,-29%,-29%,-29%
Grarbanzo lechoso EROSKI paquete 1 kg,25948357,2-ALIMENTACION,9-COCINA,9-LEGUMBRES,3-GARBANZO SECO,3-GARBANZO LECHOSO,Grarbanzo lechoso EROSKI paquete 1 kg,EROSKI,25948357,PAQUETE,1,1000,1,KG,,,,"2,50",,"2,50",,,"1,15",,"2,13","2,13",15%," 'distance': 6,243133544921875",200649,'makro Chef garbanzo lechoso paquete 1kg',MAKRO CHEF,,BOLSA/BOLSON,"1,00",KG,1000,1,1000,,,,"3,21","2,92",,"3,21","2,92",,9%,COMPRA MAS PAGA MENOS,"-0,80","-0,42",-17%,-37%,-28%,-28%,-28%
"Tinto de verano clásico LA CASERA, lata 33 cl",26141986,2-ALIMENTACION,11-BEBIDAS,13-VINO DE MESA,20-TINTO DE VERANO,5-TINTO DE VERANO REGULAR,"Tinto de verano clásico LA CASERA, lata 33 cl",LA CASERA,26141986,LATA,"0,33",330,1,L,,,,"1,00",,"3,03",,,1,,"0,90","2,73",10%," 'distance': 1,6072649955749512",86198,'La Casera tinto de verano botella 27,LA CASERA,,BOTELLA,"0,28",L,275,24,6600,,,,"25,35",,,"3,84",,,,,"-1,11","-0,81",-27%,-41%,-27%,-27%,-28%
"Cuchara de café Hotel, inox 18/0 JAY, 3 uds",16107906,4-BAZAR,20-MENAJE,1-SERVICIO DE MESA,7-CUBIERTOS,"1-DESPIECE DE CUBIERTOS EN INOX,","Cuchara de café Hotel, inox 18/0 JAY, 3 uds",JAY,16107906,INOX,3,3000,3,UDS,,,,"1,99",,"0,66",,,"2,65",,,,," 'distance': 3,338245391845703",502645,Jay cuchara café hotel 18% contiene 6 unidades',JAY,,UNIDAD,"0,02",UDS,19,6,114,,,,"5,38","4,57",,"0,90","0,76",,15%,COMPRA MAS PAGA MENOS,"-0,10","-0,10",-15%,-15%,-35%,-36%,-31%
"Rape entero y limpio (1-3 kg), pieza al peso aprox, 1,5 kg",835744,1-FRESCOS,7-PESCADERIA,14-MOSTRADOR PESCADERIA,25-RAPE,5-PIEZAS DE RAPE,"Rape entero y limpio (1-3 kg), pieza al peso aprox, 1,5 kg",EROSKI,835744,PIEZA,"1,5",1500,1,KG,,,,"16,10","14,97","10,73","9,98",,"4,49",7%,"13,48","8,98",10%," 'distance': 4,399233818054199",209372,"Rape limpio 0,8-1 Kg FAO27",MAKRO,,KILO,"0,90",KG,900,1,900,,,,"12,38",,,"16,23",,,,,"-7,25","-6,25",-63%,-81%,-51%,15%,-13%
Anacardo crudo EROSKI bolsa 175 g,21975388,2-ALIMENTACION,8-SALADO,3-FRUTOS SECOS,21-NOBLES,3-ANACARDOS,Anacardo crudo EROSKI bolsa 175 g,EROSKI,21975388,BOLSA,"0,175",175,1,KG,,,,"2,36",,"13,49",,,"6,69",,"2,24","12,81",5%," 'distance': 0,167397048302840",158076,"METRO Chef Anacardo crudo , en bolsa de 500 g",METRO CHEF,,BOLSA/BOLSON,"0,5",KG,500,1,500,,,,"7,64",,,"15,28",,,,,"-2,47","-1,79",-13%,-19%,-13%,-22%,-26%
"Leche desnatada sin lactosa KAIKU, brik 1 litro",8389207,2-ALIMENTACION,5-LACTEOS,3-LECHE,4-LECHE SIN LACTOSA,15-LECHE SIN LACTOSA DESNATADA,"Leche desnatada sin lactosa KAIKU, brik 1 litro",KAIKU,8389207,BRIK,1,1000,1,L,España,,,"1,29",,"1,29",,,"44,46",,"1,23","1,23",5%," 'distance': 2,262162446975708",43588,'Kaiku leche desnatada sin lactosa brik 1 L contiene 6 unidades',KAIKU,,CAJA/CAJON,"1,00",L,1000,6,6000,,,,"9,83",,,"1,64",,,,,"-0,41","-0,35",-27%,-34%,-27%,-27%,-26%
"Aceite oliva virgen extra DOP SIERRA DE CAZORLA, botella 50 cl",25493735,2-ALIMENTACION,9-COCINA,1-ACEITE,3-ACEITE OLIVA VIRGEN,"2-ACEITE V, EXTRA 500 ML D,O,","Aceite oliva virgen extra DOP SIERRA DE CAZORLA, botella 50 cl","S, CAZORLA",25493735,BOTELLA,"0,5",500,1,L,,,,"8,41",,"16,82",,,"0,38",,"7,99","15,98",5%," 'distance': 1,7480411529541016",401115,'Oleo Cazorla aceite oliva virgen extra botella 500ml',OLEO CAZORLA,,UNIDAD,"0,50",L,500,1,500,,,,"10,66",,,"21,32",,,,,"-5,34","-4,50",-27%,-33%,-27%,-27%,-27%
"Espinazos de cerdo EROSKI bandeja aprox, 470 g",11771565,1-FRESCOS,2-CARNICERIA,62-PORCINO ENVASADO,1-PORCINO BLANCO ENVASADO,11-DESPOJO BLANCO ENVASADO,"Espinazos de cerdo EROSKI bandeja aprox, 470 g",EROSKI,11771565,BANDEJA,"0,47",470,1,KG,,,,"1,53",,"3,26",,,"2,07",,"1,45","3,09",5%," 'distance': 3,0700278282165527",183533,'Espinazo de cerdo en bandeja precio kg',MAKRO CHEF,,KILO,"1,35",KG,1350,1,1350,,,,"4,13",,,"4,13",,,,,"-1,04","-0,87",-27%,-34%,-27%,-27%,-27%
"Bloc de oca MARTIKO, pack 2x40 g",10569911,1-FRESCOS,4-CHARCUTERIA,11-PATES PORCION,2-PATES DE PATO/OCA PORCION,10-PATES PATO/OCA PORCI CELEB BLO,"Bloc de oca MARTIKO, pack 2x40 g",MARTIKO,10569911,PACK,"0,08",80,1,KG,,,,"10,95",,"136,88",,,"0,07",,"9,86","123,19",10%," 'distance': 0,221235856413841",144005,Martiko foie gras entero de oca caja 125g,MARTIKO,,CAJA/CAJON,"0,125",KG,125,1,125,,,,"24,04",,,"174,80",,,,,"-51,61","-37,93",-28%,-42%,-28%,-28%,-27%
"Recambio de fregona microfibras EROSKI pack 1 unid,",9504929,2-ALIMENTACION,12-DROGUERIA,59-UTILES DE LIMPIEZA,1-FREGONAS,5-RECAMBIO¿FREGONA¿TIRAS MF,"Recambio de fregona microfibras EROSKI pack 1 unid,",EROSKI,9504929,PACK,1,1000,1,UDS,,,,"2,65",,"2,65",,,"0,73",,,,," 'distance': 6,946578502655029",197700,'METRO PROFESSIONAL repuesto fregona microfibra azul',METRO PROFESSIONAL,,BOLSA/BOLSON,"0,16",UDS,157,1,157,,,,"3,33","2,86",,"3,33","2,86",,14%,COMPRA MAS PAGA MENOS,"-0,21","-0,21",-8%,-8%,-26%,-26%,-25%
"Cerveza americana BUDWEISER, pack botellÍn 6x25 cl",588525,2-ALIMENTACION,11-BEBIDAS,8-CERVEZAS,1-CERVEZAS LAGER,3-CERVEZAS LAGER ESPECIALES,"Cerveza americana BUDWEISER, pack botellÍn 6x25 cl",BUDWEISER,588525,PACK,"1,5",1500,6,L,,,,"4,89",,"3,26",,,"0,23",,"3,67","2,45",25%," 'distance': 3,211979389190674",80028,BUDWEISER cerveza americana 33cl contiene 24 botellas,BUDWEISER,,PACK,"0,33",L,330,24,7920,,,,"35,88",,,"4,53",,,,,"-2,09","-1,27",-39%,-85%,-39%,-26%,-26%
Cacahuete frito con piel EROSKI bolsa 200 g,25944034,2-ALIMENTACION,8-SALADO,3-FRUTOS SECOS,19-SNACKS,1-CACAHUETES,Cacahuete frito con piel EROSKI bolsa 200 g,EROSKI,25944034,BOLSA,"0,2",200,1,KG,,,,"1,04",,"5,20",,,,,"0,99","4,94",5%," 'distance': 0,188774406909943",238875,METRO Chef cacahuete frito con piel en bolsa de 1 kg,METRO CHEF,,BOLSA/BOLSON,1,KG,1000,1,1000,,,,"5,78",,,"5,78",,,,,"-0,84","-0,58",-11%,-17%,-11%,-27%,-26%
"Mostaza americana FRENCH'S, bote 226 g",20896270,2-ALIMENTACION,9-COCINA,3-SALSAS,7-MOSTAZA,3-MOSTAZAS PET Y SOBRES,"Mostaza americana FRENCH'S, bote 226 g",FRENCH'S,20896270,BOTE,"0,226",226,1,KG,Estados Unidos,,,"3,25",,"14,38",,,"0,26",,"2,76","12,22",15%," 'distance': 1,024917483329773",137694,"""French's mostaza americana",FRENCH'S,,BOTE,"0,23",L,226,1,226,,,,"3,51",,,"15,53",,,,,"-3,31","-1,15",-8%,-27%,-8%,-8%,-19%
TORTILL MAIZ MEXIFOODS 18U C/18,21320239,2-ALIMENTACION,8-SALADO,39-COMIDAS DEL MUNDO,5-COMIDA AMERICA,20-MEXICANA MASAS,TORTILL MAIZ MEXIFOODS 18U C/18,MEXIFOODS,21320239,POLTSA,1,1000,18,UDS,,,,"1,98",,"0,11",,,"1,34",,"1,58","1,58",20%," 'distance': 0,214164793491363",125875,"Mexifoods tortilla maíz 12cm contiene 18 unidades (360 g aprox,)",MEXIFOODS,,Retractil,"0,36",UDS,360,18,6480,,,,"2,55","2,19",,"0,14","0,12",,14%,COMPRA MAS PAGA MENOS,"-0,01","-0,01",-11%,-11%,-29%,-29%,-26%
"ESPARR,BCO,EXT,17/24 SERVIHOS,12",6819882,2-ALIMENTACION,8-SALADO,12-ESPARRAGOS,9-ESPARRAGOS BLANCOS,15-ESPARRAGO FRASCO MEDIO,"ESPARR,BCO,EXT,17/24 SERVIHOS,12",SERVIHOSTEL,6819882,lata,"0,66",660,1,KG,,,,"3,84",,"5,82",,,"0,15",,,,, 'distance': 100,78245,makro Chef espárrago 17/24 lata 500g,MAKRO CHEF,,lata,"0,5",KG,500,1,500,,,,"5,05","4,60",,"10,10","9,19",,9%,COMPRA MAS PAGA MENOS,"-3,37","-3,37",-58%,-58%,-74%,-25%,-25%
"Films estuche sierra individual SERVIHOSTEL, caja 300 metros",14243190,2-ALIMENTACION,12-DROGUERIA,61-DESECHABLES,3-FILM,1-FILM,"Films estuche sierra individual SERVIHOSTEL, caja 300 metros",SERVIHOSTEL,14243190,CAJA,,,300,M,,,,"6,95",,"0,02",,,"0,07",,,,," 'distance': 0,164936493649343",81028,makro PROFESSIONAL film transparente 7 micras 300mx29cm,MAKRO PROFESSIONAL,,ESTUCHE,1,M,1000,300,300000,,,,"7,44","6,40",,"0,02","0,02",,14%,COMPRA MAS PAGA MENOS,"0,00","0,00",8%,8%,-7%,-24%,-24%
"PIMIENTO M,TIRAS E,SERVIHOSTEL 6",14882195,2-ALIMENTACION,8-SALADO,11-PIMIENTOS,5-PIMIENTOS ROJOS,1-PIMIENTO ROJO LATA,"PIMIENTO M,TIRAS E,SERVIHOSTEL 6",SERVIHOSTEL,14882195,LATA,3,3000,1,KG,,,,"6,77",,"2,26",,,"0,03",,,,," 'distance': 0,923664808273315",356850,"METRO Chef Pimiento rojo en tiras, categoría primera lata de 1650gne (2500 g)",METRO CHEF,,Lata,"2,5",KG,2500,1,2500,,,,"6,88","6,26",,"2,80","2,55",,9%,COMPRA MAS PAGA MENOS,"-0,29","-0,29",-13%,-13%,-24%,-24%,-24%
"Vinagre de vino blanco EROSKI basic, botella 1 litro",318410,2-ALIMENTACION,9-COCINA,2-VINAGRES Y ADEREZOS,5-VINAGRES DE VINO,10-VINAGRES DE VINO 1L,"Vinagre de vino blanco EROSKI basic, botella 1 litro",EROSKI BASIC,318410,BOTELLA,1,1000,1,L,,,,"0,65",,"0,65",,,"18,38",,"0,59","0,59",10%," 'distance': 0,303331673145294",346632,METRO Chef vinagre vino blanco botella 1l contiene 6 unidades,METRO CHEF,,BOTELLA,1,L,1000,6,6000,,,,"4,83",,,"0,81",,,,,"-0,22","-0,16",-24%,-38%,-24%,-7%,-18%
"Queso Edam XXL ORO HOLANDA, lonchas, bandeja 500 g",26395681,1-FRESCOS,4-CHARCUTERIA,3-QUESOS PORCION,20-QUESO LONCHAS PORCIÓN,65-LONCHAS PORCION INTERNACIONAL,"Queso Edam XXL ORO HOLANDA, lonchas, bandeja 500 g",ORO HOLANDA,26395681,BANDEJA,"0,5",500,1,KG,,,,"4,35",,"8,70",,,"1,26",,"3,92","7,83",10%," 'distance': 1,3837814331054688",216858,'ORO DE HOLANDA queso emmental lonchas bandeja 500g',ORO DE HOLANDA,,BANDEJA,"0,50",KG,500,1,500,,,,"5,09","4,33",,"10,18","8,65",,15%,COMPRA MAS PAGA MENOS,"-0,82","0,05",1%,-11%,-17%,-24%,-24%
"Cafe molido natural EROSKI BASIC, paquete 250 g",8484214,2-ALIMENTACION,10-DULCE,8-CAFE,3-CAFE MOLIDO,1-CAFE MOLIDO NATURAL,"Café molido natural EROSKI BASIC, paquete 250 g",EROSKI BASIC,8484214,PAQUETE,"0,25",250,1,KG,,,,"2,90",,"11,60",,,"15,8",,"2,61","10,44",10%," 'distance': 0,7653923034667969",196362,RIOBA café molido natural 250 g contiene 2 unidades (total 500 g),RIOBA,,RETRACTIL,"0,5",KG,500,1,500,,,,"6,88","5,85",,"11,38","9,67",,15%,COMPRA MAS PAGA MENOS,"0,77","1,93",17%,7%,2%,2%,-15%
"Guacamole FRESHMIX, tarrina 200 g",20227682,1-FRESCOS,14-SOLUCIONES CULINARIAS,25-LISTO PARA COMER,5-TENTEMPIE/SNACKING,10-DIPS,"Guacamole FRESHMIX, tarrina 200 g",FRESHMIX,20227682,TARRINA,"0,2",200,1,KG,,,,"1,65",,"8,25",,,"3,65",,,,," 'distance': 2,21824312210083",80309,'Guacamole tarrina 200g',FRESHMIX,,TARRINA,"0,20",L,200,1,200,,,,"2,04",,,"10,20",,,,,"-1,95","-1,95",-24%,-24%,-24%,-24%,-22%
"Actimel para beber natural DANONE, pack 14x100 ml",8367187,2-ALIMENTACION,5-LACTEOS,4-YOGURES Y POSTRES,11-YOGURES FUNCIONALES,81-PROBIOTICO NATURAL,"Actimel para beber natural DANONE, pack 14x100 ml",ACTIMEL,8367187,PACK,"1,4",1400,14,L,,,,"6,79",,"4,85",,,"4,15",,,,," 'distance': 0,780104458332062",2002,Actimel liquido natural 100 ml contiene 6 unidades,ACTIMEL,,PACK,"0,1",L,100,6,600,,,,"3,03",,,"5,05",,,,,"-0,20","-0,20",-4%,-4%,-4%,-18%,-22%
"Chuleta de aguja de cerdo XXL EROSKI bandeja aprox, 1,2 kg",9702234,1-FRESCOS,2-CARNICERIA,62-PORCINO ENVASADO,1-PORCINO BLANCO ENVASADO,2-CHULETA  BLANCO ENVASADO,"Chuleta de aguja de cerdo XXL EROSKI bandeja aprox, 1,2 kg",EROSKI,9702234,BANDEJA,"1,2",1200,1,KG,,,,"6,59",,"5,49",,,"13,73",,"6,26","5,22",5%," 'distance': 2,6586503982543945",183487,'Chuleta aguja de cerdo bandeja precio kg',MAKRO CHEF,,KILO,"1,70",KG,1700,1,1700,,,,"7,10",,,"7,10",,,,,"-1,88","-1,61",-29%,-36%,-29%,-23%,-23%
"Margarina vegetal 3/4 LUXMAR, tarrina 500 g",25322496,2-ALIMENTACION,5-LACTEOS,14-MANTEQUILLAS Y MARGARINAS,2-MARGARINA,1-MARGARINA FAMILIAR,"Margarina vegetal 3/4 LUXMAR, tarrina 500 g",LUXMAR,25322496,TARRINA,"0,5",500,1,KG,,,,"1,50",,"3,00",,,"1,65",,"1,28","2,55",15%," 'distance': 2,430675506591797",207587,'Luxmar margarina original 60% tarrina 2 Kg',LUXMAR,,TARRINA,"2,00",KG,2000,1,2000,,,,"7,36","6,33",,"3,68","3,16",,14%,COMPRA MAS PAGA MENOS,"-0,61","-0,16",-5%,-24%,-23%,-23%,-22%
"Cava Brut Extra CODORNÍU, botella 75 cl",151357,2-ALIMENTACION,11-BEBIDAS,16-ESPUMOSOS,3-CAVAS,3-CAVAS BRUT,"Cava Brut Extra CODORNÍU, botella 75 cl",CODORNÍU,151357,BOTELLA,"0,75",750,1,L,España,,,"7,95",,"10,60",,,0,,"6,36","8,48",20%," 'distance': 1,384385108947754",72501,'Codorniu cava extra brut 3 botellas 20cl',CODORNIU,,BOTELLA,"0,20",L,200,3,600,,,,"7,13",,,"11,88",,,,,"-3,40","-1,28",-12%,-40%,-12%,-12%,-19%
"Biscotes PROCELI, caja 150 g",16212318,2-ALIMENTACION,10-DULCE,2-PRODUCTOS SALUD,84-PRODUCTOS SIN GLUTEN,27-PAN TOSTADO,"Biscotes PROCELI, caja 150 g",PROCELI,16212318,CAJA,"0,15",150,1,KG,,,,"3,55",,"23,67",,,"0,34",,,,," 'distance': 0,780795931816101",9075,Proceli biscote celiacos sin gluten 150g,PROCELI,,CAJA/CAJON,"0,15",KG,150,1,150,,,,"4,05",,,"27,00",,,,,"-3,33","-3,33",-14%,-14%,-14%,-14%,-20%
"Tomate frito EROSKI basic, pack 3x390 g",12771838,2-ALIMENTACION,8-SALADO,10-TOMATE,9-TOMATE FRITO,3-TOMATE FRITO LISO BRIK PACK,"Tomate frito EROSKI basic, pack 3x390 g",EROSKI BASIC,12771838,PACK,"1,17",1170,3,KG,,,,"1,35",,"1,15",,,"32,73",,"1,15","0,98",15%," 'distance': 0,790408253669739",218372,aro tomate frito lata 2550 gn,ARO,,UNIDAD,"2,55",KG,2550,1,2550,,,,"3,58",,,"1,40",,,,,"-0,42","-0,25",-22%,-43%,-22%,-22%,-22%
"Néctar de piña GRANINI, botellín 33 cl",17875931,2-ALIMENTACION,11-BEBIDAS,6-ZUMOS Y NECTARES,5-ZUMO Y NECTAR TO GO,3-ZUMO Y NECTAR TO GO PREMIUM,"Néctar de piña GRANINI, botellín 33 cl",GRANINI,17875931,BOTELLÍN,"0,33",330,1,L,,,,"1,41",,"4,27",,,"1,84",,,,," 'distance': 1,9496164321899414",201972,GRANINI néctar Piña 20cl,GRANINI,,BOTELLA,"0,20",L,200,24,4800,,,,"24,67","22,20",,"5,14","4,63",,10%,COMPRA MAS PAGA MENOS,"-0,35","-0,35",-8%,-8%,-20%,-20%,-21%
CJ GULICIOSAS EROSKI BASIC 400G         ,25516220,1-FRESCOS,7-PESCADERIA,12-ESPECIALIDADES,15-SUCEDANEO DE ANGULA,"5-SUC, ANGULA COCINAR",CJ GULICIOSAS EROSKI BASIC 400G         ,"E,BASIC",25516220,BANDEJA,"0,4",400,1,KG,,,,"2,99",,"7,48",,,"6,61",,"2,24","5,61",25%," 'distance': 1,65434730052948",78438,makro chef manjares de mar 2*200gr,MAKRO CHEF,,Bandeja,"0,4",KG,400,1,400,,,,"3,51","3,16",,"8,78","7,90",,10%,COMPRA MAS PAGA MENOS,"-2,29","-0,42",-6%,-41%,-17%,-17%,-20%
Pimiento de piquillo entero EROSKI frasco 260 g,16940280,2-ALIMENTACION,8-SALADO,11-PIMIENTOS,7-PIMIENTO PIQUILLO,13-PIMI PIQUI FCO ENTERO BASICO,Pimiento de piquillo entero EROSKI frasco 260 g,EROSKI,16940280,FRASCO,"0,26",260,1,KG,,,,"1,35",,"5,19",,,"12,5",,,,," 'distance': 0,24261729419231415",196403,METRO Chef pimiento de piquillo 19/24 piezas frasco 380gne (350 g),METRO CHEF,,FRASCO,"0,35",KG,350,1,350,,,,"2,63",,,"6,29",,,,,"-1,10","-1,10",-21%,-21%,-21%,-21%,-21%
"Chuleta de lomo de cerdo, bandeja aprox, 800 g",18699249,1-FRESCOS,2-CARNICERIA,62-PORCINO ENVASADO,1-PORCINO BLANCO ENVASADO,2-CHULETA  BLANCO ENVASADO,"Chuleta de lomo de cerdo, bandeja aprox, 800 g",EROSKI,18699249,BANDEJA,"0,8",800,1,KG,,,,"5,06",,"6,33",,,"6,69",,"4,81","6,01",5%," 'distance': 1,4825794696807861",183506,'Chuleta lomo cerdo en bandeja precio kg',MAKRO CHEF,,KILO,"1,10",KG,1100,1,1100,,,,"7,65",,,"7,65",,,,,"-1,64","-1,33",-21%,-27%,-21%,-21%,-21%
"Morcilla de arroz EROSKI 2 uds, sobre 530 g",15182397,1-FRESCOS,2-CARNICERIA,65-ELABORADOS ENVASADO,4-ELABORADOS MORCILLAS ENVASADO,1-MORCILLA DE BURGOS ENVASADO,"Morcilla de arroz EROSKI 2 uds, sobre 530 g",EROSKI,15182397,SOBRE,"0,53",530,1,KG,España,,,"2,49",,"4,70",,,"8,3",,"2,24","4,23",10%," 'distance': 4,8639302253723145",78131,Morcilla de arroz bandeja precio Kg,MAKRO CHEF,,UNIDAD,"1,00",KG,1000,1,1000,,,,"5,67",,,"5,67",,,,,"-1,44","-0,97",-21%,-34%,-21%,-21%,-20%
4 ESTACIONES MAXI EROSKI 450G,18298042,1-FRESCOS,1-FRUTA Y HORTALIZA,8-IV GAMA,50-ENSALADAS CLASICAS,10-ENSALADAS MEZCLA,4 ESTACIONES MAXI EROSKI 450G,EROSKI,18298042,BOLSA,"0,45",450,1,KG,,,,"1,48",,"3,29",,,"7,52",,,,," 'distance': 1,02936947345734",63576,Ensalada 4 estaciones bolsa 250g,MAKRO,,BOLSA/BOLSON,"0,25",KG,250,1,250,,,,"1,03",,,"4,12",,,,,"-0,83","-0,83",-25%,-25%,-25%,-25%,-21%
Filetes de pechuga de pavo al ajillo EROSKI bandeja aprox. 500 g,16148421,1-FRESCOS,2-CARNICERIA,72-PAVO Y OTRAS AVES ENVASADO,5-PAVO ENVASADO AVES,20-PAVO MARINADO,Filetes de pechuga de pavo al ajillo EROSKI bandeja aprox. 500 g,EROSKI,16148421,BANDEJA,"0,5",500,1,KG,,,,"4,09",,"8,18",,,"19,34",,"3,68","7,36",10%," 'distance': 0,864997625350952",132832,"Pechuga de pavo adobada al ajillo 2,5 kg precio Kg",MAKRO CHEF,,KILO,"1,5",KG,1500,1,1500,,,,"9,85",,,"9,85",,,,,"-2,49","-1,67",-20%,-34%,-20%,-20%,-20%
TOMATE EN RAMA GRANEL,62216,1-FRESCOS,1-FRUTA Y HORTALIZA,2-HORTALIZA,80-TOMATES,25-TOMATES RAMA,TOMATE EN RAMA GRANEL,EROSKI,62216,GRANEL,"0,6",600,1,KILO,,,,"1,34",,"2,24",,,"22,33",,"1,14","1,90",15%," 'distance': 0,849038004875183",56006,METRO Chef Tomate rama Calibre G tarrina 2kg,METRO CHEF,,CAJA/CAJON,2,KG,2000,1,2000,,,,"3,84",,,"1,92",,,,,"-0,02","0,32",14%,-1%,14%,-4%,-14%
CAFÉ GRANO NATURAL BAQUE 1K,26250605,2-ALIMENTACION,10-DULCE,8-CAFE,1-CAFE GRANO,1-CAFE GRANO NATURAL,CAFÉ GRANO NATURAL BAQUE 1K,BAQUE,26250605,paquete,1,1000,1,KG,,,,"14,99",,"14,99",,,"0,15",,"13,49","13,49",10%," 'distance': 0,0241819228976965",97142,Baqué café en grano natural 1Kg,BAQUÉ,,paquete,1,KG,1000,1,1000,,,,"23,75",,,"21,11",,,,,"-7,62","-6,12",-41%,-56%,-41%,-41%,-27%
Caldo de verduras EROSKI brik 1 litro,4840666,2-ALIMENTACION,9-COCINA,15-SOPAS PURES Y CALDOS,6-CALDOS¿LÍQUIDOS,11-CALDO LIQUIDO VEGETAL,Caldo de verduras EROSKI brik 1 litro,EROSKI,4840666,BRIK,1,1000,1,L,,,,"1,00",,"1,00",,,5,,,,," 'distance': 3,3170406818389893",137412,'aro caldo verduras 1L',ARO,,BRIK,"1,00",L,1000,1,1000,,,,"1,20",,,"1,20",,,,,"-0,20","-0,20",-20%,-20%,-20%,-20%,-20%
"Vino Tinto Crianza R, del Duero PROTOS, botellín 37 cl",10138329,2-ALIMENTACION,11-BEBIDAS,14-VINO D.O.,"9-VINOS D,O, TINTOS","48-V,TTO,D,O,RIBERA DUERO CRIANZA","Vino Tinto Crianza R, del Duero PROTOS, botellín 37 cl",PROTOS,10138329,BOTELLÍN,"0,37",370,1,L,,,,"9,95",,"26,89",,,"0,03",,"8,46","22,86",15%," 'distance': 2,4943180084228516",176635,'Protos vino tinto 27 botella 75cl',PROTOS,,CAJA/CAJON,"0,75",L,750,1,750,,,,"24,19",,,"32,25",,,,,"-9,40","-5,36",-20%,-41%,-20%,-20%,-20%
"Bayeta microfibra para cristales EROSKI pack 1 ud,",23059116,2-ALIMENTACION,12-DROGUERIA,59-UTILES DE LIMPIEZA,7-BAYETAS,"1-BAYETA COCINA, BAÑO, CRISTALES Y ESPEJOS","Bayeta microfibra para cristales EROSKI pack 1 ud,",EROSKI,23059116,PACK,1,1000,1,UDS,,,,"0,85",,"0,85",,,"1,38",,,,," 'distance': 5,39659309387207",78666,'aro Bayeta microfibra 35x40 4 unidades',ARO,,RETRACTIL,"0,13",UDS,125,4,500,,,,"4,46",,,"1,12",,,,,"-0,27","-0,27",-31%,-31%,-31%,-31%,-23%
Tumaca natural EROSKI pack 2x185 g,11974672,2-ALIMENTACION,8-SALADO,10-TOMATE,1-TOMATE NATURAL,20-ESPECIALIDADES,Tumaca natural EROSKI pack 2x185 g,EROSKI,11974672,PACK,"0,37",370,1,KG,,,,"1,91",,"5,16",,,"2,84",,"1,62","4,39",15%," 'distance': 1,7383770942688",183324,METRO Chef tomate con aove y ajo lata 700g,METRO CHEF,,LATA,"0,7",L,700,1,700,,,,"4,35",,,"6,21",,,,,"-1,83","-1,05",-20%,-42%,-20%,-20%,-20%
"TOMATE TRITURAD,EXT SERVIHOSTEL3",4529186,2-ALIMENTACION,8-SALADO,10-TOMATE,1-TOMATE NATURAL,15-TOMATE TRITURADO MAS DE 500G,"TOMATE TRITURAD,EXT SERVIHOSTEL3",SERVIHOSTEL,4529186,LATA,4,4000,1,KG,,,,"5,27",,"1,32",,,0,,"4,48","1,12",15%," 'distance': 0,914801239967346",873262,makro Chef tomate triturado lata 800gn contiene 6 unidades (900 g),METRO CHEF,,Lata,"0,9",KG,900,6,5400,,,,"8,53","7,34",,"1,58","1,36",,14%,COMPRA MAS PAGA MENOS,"-0,24","-0,04",-3%,-21%,-20%,-20%,-20%
"Lejía futura azul NEUTREX, garrafa 1,9 litros",24918930,2-ALIMENTACION,12-DROGUERIA,47-LEJIAS,7-LEJÍAS LAVADORA,1-LAVADORA¿PEQUEÑA,"Lejía futura azul NEUTREX, garrafa 1,9 litros",NEUTREX,24918930,GARRAFA,"1,9",1900,1,L,,,,"3,97",,"2,09",,,"2,96",,,,," 'distance': 2,459169864654541",207104,NEUTREX lejía futura azul 1,NEUTREX,,BOTELLA,"1,90",L,1900,1,1900,,,,"3,38",,,"1,94",,,,,"0,15","0,15",7%,7%,7%,7%,-9%
PICOS CAMPEROS EROSKI 250G        ,17921834,2-ALIMENTACION,10-DULCE,28-PAN TOSTADO,11-PANES ESPECIALES,10-PANES ESPECIAL ACOMPAÑAMIENTO,PICOS CAMPEROS EROSKI 250G        ,EROSKI,17921834,BOLSA,"0,25",250,1,KG,,,,"0,99",,"3,96",,,"9,34",,,,," 'distance': 4,905405044555664",214860,"METRO Chef pico campero 850g,",METRO CHEF,,PAQUETE,"0,85",KG,850,1,850,,,,"4,21",,,"4,95",,,,,"-0,99","-0,99",-25%,-25%,-25%,-25%,-21%
"Suavizante original azul FLOR, botella 63 dosis",25277666,2-ALIMENTACION,12-DROGUERIA,43-SUAVIZANTES,1-SUAVIZANTES ESTANDAR,7-SUAVIZANTES ESTANDAR AZUL,"Suavizante original azul FLOR, botella 63 dosis",FLOR,25277666,BOTELLA,63,63000,63,DOSIS,,,,"4,29",,"0,07",,,"0,23",,,,," 'distance': 3,211979389190674",586235,flor Suavizante azul 220 lavados 10 L,FLOR,,BIDON,10,DOSIS,10000,220,2200000,,,,"18,21",,,"0,08",,,,,"-0,01","-0,01",-22%,-22%,-22%,-18%,-18%
"Vermicelli YANG-TSE, paquete 250 g",16971798,2-ALIMENTACION,8-SALADO,39-COMIDAS DEL MUNDO,10-COMIDA ASIATICA,15-JAPONESA,"Vermicelli YANG-TSE, paquete 250 g",YANG-TSE,16971798,PAQUETE,"0,25",250,1,KG,China,,,"2,75",,"11,00",,,"0,26",,"2,20","8,80",20%," 'distance': 1,7651253938674927",138909,'Yang Tse fideo vermicelli pack 250 g x24ud',YANG TSE,,PAQUETE,"0,25",KG,250,1,250,,,,"3,29","2,83",,"13,16","11,32",,14%,COMPRA MAS PAGA MENOS,"-2,52","-0,32",-3%,-29%,-20%,-20%,-18%
"Magdalenas de chocolate sin gluten PROCELI, paquete 180 g",22338594,2-ALIMENTACION,10-DULCE,2-PRODUCTOS SALUD,84-PRODUCTOS SIN GLUTEN,3-BOLLERIA,"Magdalenas de chocolate sin gluten PROCELI, paquete 180 g",PROCELI,22338594,PAQUETE,"0,18",180,1,KG,,,,"2,79",,"15,50",,,"0,38",,,,," 'distance': 3,211979389190674",9073,Proceli magdalenas celiacos sin gluten 40 g contiene 4 unidades (total 160 g),PROCELI,,BOLSA/BOLSON,"0,16",KG,160,1,160,,,,"2,92",,,"18,25",,,,,"-2,75","-2,75",-18%,-18%,-18%,-18%,-18%
"Filete de panceta de cerdo, bandeja aprox, 1,01 kg",3740826,1-FRESCOS,2-CARNICERIA,62-PORCINO ENVASADO,1-PORCINO BLANCO ENVASADO,7-BEICON/PANCETA BLANCO ENVASADO,"Filete de panceta de cerdo, bandeja aprox, 1,01 kg",EROSKI,3740826,BANDEJA,"1,01",1010,1,KG,,,,"7,37",,"7,30",,,"1,34",,"7,00","6,93",5%," 'distance': 2,1763858795166016",183483,'Filetes panceta de cerdo para plancha bandeja precio kg',MAKRO CHEF,,KILO,"1,80",KG,1800,1,1800,,,,"8,36",,,"8,20",,,,,"-1,27","-0,90",-12%,-18%,-12%,-12%,-15%
"Limpiador original en crema CIF, botella 750 ml",403220,2-ALIMENTACION,12-DROGUERIA,50-LIMPIADORES,19-RESTO HOGAR,1-LIMPIAHOGAR GENERAL PERFUMADO,"Limpiador original en crema CIF, botella 750 ml",CIF,403220,BOTELLA,"0,75",750,1,L,,,,"3,05","2,29","4,07","3,05",,"6,53",2nd unit-50%,"2,17","2,90",5%," 'distance': 2,9410181045532227",131391,'Cif / Viss Prof limpiador en crema profesional 2L',CIF PROF,,BOTELLA,"2,00",L,2000,1,2000,,,,"9,74","8,38",,"4,87","4,19",,14%,COMPRA MAS PAGA MENOS,"-1,29","-1,14",-37%,-45%,-20%,-17%,-15%
"Donuts glacé DONUTS, paquete 4 uds",310839,2-ALIMENTACION,10-DULCE,24-BOLLERIA INDUSTRIAL,3-MERIENDA,20-BERLINA,"Donuts glacé DONUTS, paquete 4 uds",BIMBO,310839,PAQUETE,"0,208",208,1,KG,,,,"2,79",,"13,41",,,"4,07",,,,," 'distance': 5,291064739227295",176419,'Bimbo Donuts glace 4 unidades (total 208 g)',BIMBO,,BLISTER,"0,21",KG,208,1,208,,,,"3,18",,,"15,29",,,,,"-1,88","-1,88",-14%,-14%,-14%,-17%,-16%
"Salsa chili dulce GO TAN, frasco 270 ml",22495774,2-ALIMENTACION,8-SALADO,39-COMIDAS DEL MUNDO,10-COMIDA ASIATICA,20-COMIDA ASIATICA RESTO,"Salsa chili dulce GO TAN, frasco 270 ml",GO TAN,22495774,FRASCO,"0,27",270,1,L,Países Bajos,,,"4,29",,"15,89",,,"0,53",,"3,43","12,71",20%," 'distance': 2,160494089126587",144713,'GO-TAN salsa chili dulce bote 215g',GO-TAN,,BOTE,"0,22",L,215,1,215,,,,"3,69",,,"17,16",,,,,"-4,45","-1,27",-8%,-35%,-8%,-19%,-17%
Filete de pechuga de pavo EROSKI bandeja al peso aprox. 550 g,5848916,1-FRESCOS,2-CARNICERIA,72-PAVO Y OTRAS AVES ENVASADO,5-PAVO ENVASADO AVES,5-PAVO¿FRESCO,Filete de pechuga de pavo EROSKI bandeja al peso aprox. 550 g,EROSKI,5848916,BANDEJA,"0,55",550,1,KG,,,,"4,72",,"8,58",,,"17,26",,"4,25","7,72",10%," 'distance': 0,493108510971069",218839,Pechuga fileteada pavo vacío,MAKRO CHEF,,KILO,"1,3",KG,1300,1,1300,,,,"13,38",,,"10,29",,,,,"-2,57","-1,71",-20%,-33%,-20%,-16%,-16%
"Mostaza antigua MAILLE, frasco 210 g",446807,2-ALIMENTACION,9-COCINA,3-SALSAS,7-MOSTAZA,9-MOSTAZAS ANTIGUA,"Mostaza antigua MAILLE, frasco 210 g",MAILLE,446807,FRASCO,"0,21",210,1,KG,,,,"3,85",,"18,33",,,"0,69",,"3,27","15,58",15%," 'distance': 0,7134777307510376",213179,'MAILLE mostaza antigua frasco 845 g',MAILLE,,UNIDAD,"0,85",KG,845,1,845,,,,"18,43","16,77",,"21,81","19,85",,9%,COMPRA MAS PAGA MENOS,"-4,26","-1,51",-8%,-27%,-19%,-19%,-17%
"Tomate triturado EROSKI basic, lata 800 g",320267,2-ALIMENTACION,8-SALADO,10-TOMATE,1-TOMATE NATURAL,15-TOMATE TRITURADO MAS DE 500G,"Tomate triturado EROSKI basic, lata 800 g",EROSKI BASIC,320267,LATA,"0,8",800,1,KG,,,,"0,98",,"1,23",,,"5,25",,"0,83","1,04",15%," 'distance': 0,307718515396118",122930,aro tomate triturado 4000g,ARO,,LATA,4,KG,4000,1,4000,,,,"6,26","5,32",,"1,57","1,33",,15%,COMPRA MAS PAGA MENOS,"-0,29","-0,11",-9%,-28%,-28%,-16%,-16%
"Atún en aceite de girasol CAMPOS, lata 400 g",18601153,2-ALIMENTACION,8-SALADO,23-CONSERVAS DE PESCADO,3-ATUN,15-ATUN EN ACEITE GIRASOL,"Atún en aceite de girasol CAMPOS, lata 400 g",CAMPOS,18601153,LATA,"0,4",400,1,KG,Ecuador,,,"4,89",,"12,23",,,"0,15",,"4,40","11,00",10%," 'distance': 1,7885907888412476",93346,Campos atún claro aceite girasol lata 104 gne contiene 4 unidades (160 g)',CAMPOS,,RETRACTIL,"0,16",KG,160,4,640,,,,"9,08",,,"14,19",,,,,"-3,19","-1,96",-16%,-29%,-16%,-16%,-16%
Salvauñas fibra azul EROSKI pack 3 uds,24265100,2-ALIMENTACION,12-DROGUERIA,59-UTILES DE LIMPIEZA,5-ESTROPAJOS,17-SALVAUÑAS AZUL,Salvauñas fibra azul EROSKI pack 3 uds,EROSKI BASIC,24265100,PACK,3,3000,3,UDS,,,,"0,75",,"0,25",,,"1,11",,,,," 'distance': 0,484255313873291",123238,makro PROFESSIONAL Salvauñas triple uso 3 unidades,MAKRO PROFESSIONAL,,ESTUCHE,"0,06",UDS,60,3,180,,,,"0,87",,,"0,29",,,,,"-0,04","-0,04",-16%,-16%,-16%,-16%,-16%
Croquetas de bacalao EROSKI bolsa 350 g,17512781,2-ALIMENTACION,3-CONGELADOS,5-PLATOS PREPARADOS CONGELADOS,3-FRITOS,7-CROQUETAS BACALAO,Croquetas de bacalao EROSKI bolsa 350 g,EROSKI,17512781,BOLSA,"0,35",350,1,KG,,,,"1,99",,"5,69",,,"0,88",,"1,79","5,12",10%," 'distance': 0,434755206108093",95605,makro Chef Croqueta casera mini bacalao 2Kg,MAKRO CHEF,,BOLSA/BOLSON,2,KG,2000,1,2000,,,,"12,97","11,02",,"6,49","5,51",,15%,COMPRA MAS PAGA MENOS,"-0,40","0,17",3%,-8%,-14%,-16%,-16%
Galleta Digestive con avena EROSKI caja 425 g,14626022,2-ALIMENTACION,10-DULCE,20-GALLETAS,5-GALLETAS SALUD Y BIENESTAR,2-FIBRA O INTEGRAL,Galleta Digestive con avena EROSKI caja 425 g,EROSKI,14626022,CAJA,"0,425",425,1,KG,España,,,"1,10",,"2,59",,,"5,46",,"0,99","2,33",10%," 'distance': 3,9079086780548096",92954,'METRO Chef galletas digestive 400 g',METRO CHEF,,PAQUETE,"0,40",KG,400,1,400,,,,"1,20","1,09",,"3,00","2,73",,9%,COMPRA MAS PAGA MENOS,"-0,40","-0,14",-5%,-17%,-16%,-16%,-16%
Alubias con verduras EROSKI frasco 400 g,22297675,2-ALIMENTACION,9-COCINA,9-LEGUMBRES,9-ALUBIA COCIDA,4-ALUBIA COCIDA C/GUARNICION FRA,Alubias con verduras EROSKI frasco 400 g,EROSKI,22297675,FRASCO,"0,4",400,1,KG,,,,"1,17",,"2,93",,,"3,95",,"0,99","2,49",15%," 'distance': 0,5327451229095459",210435,METRO Chef alubia con verdura cocida al natural frasco 1600gne (540 g),METRO CHEF,,TARRO,"0,54",KG,540,1,540,,,,"1,93",,,"3,24",,,,,"-0,75","-0,32",-11%,-30%,-11%,-16%,-16%
"Fuet espetec CAN DURAN, pieza 180 g",16818957,1-FRESCOS,4-CHARCUTERIA,8-CARNICOS PIEZA,2-EMBUTIDOS PIEZA,14-FUET,"Fuet espetec CAN DURAN, pieza 150 g",CAN DURAN,16818957,PIEZA,"0,15",150,1,KG,,,,"2,35",,"15,67",,,"2,15",,"2,23","14,88",5%," 'distance': 2,5179615020751953",9987,'Can Duran fuet espetec 150 g contiene 2 unidades (total 300 g)',CAN DURAN,,BOLSA/BOLSON,"0,30",KG,300,1,300,,,,"5,01",,,"16,70",,,,,"-1,82","-1,03",-7%,-12%,-7%,-7%,-12%
"Chocolate puro VALOR, tableta 300 g",344358,2-ALIMENTACION,10-DULCE,14-CHOCOLATES,5-CHOCOLATE NEGRO,1-CHOCOLATE NEGRO,"Chocolate puro VALOR, tableta 300 g",VALOR,344358,TABLETA,"0,3",300,1,KG,,,,"4,95",,"16,50",,,"2,26",,,,," 'distance': 2,7873125076293945",184573,'Chocolates Valor puro 300g',CHOCOLATES VALOR,,UNIDAD,"0,30",KG,300,1,300,,,,"5,71",,,"19,03",,,,,"-2,53","-2,53",-15%,-15%,-15%,-15%,-14%
"Aceite de oliva virgen extra SERVIHOSTEL, garrafa 5 litros",8351884,2-ALIMENTACION,9-COCINA,1-ACEITE,3-ACEITE OLIVA VIRGEN,5-ACEITE VIRGEN FORMATOS GRANDES,"Aceite de oliva virgen extra SERVIHOSTEL, garrafa 5 litros",SERVIHOSTEL,8351884,GARRAFA,5,5000,1,L,,,,"24,18",,"4,84",,,,,"22,97","4,59",5%," 'distance': 0,435729475927495",78296,makro Chef aceite oliva virgen extra bidón 5l,MAKRO CHEF,,BIDON,5,L,5000,1,5000,,,,"22,2",,,"4,44",,,,,"0,15","0,40",8%,3%,8%,-19%,-17%
"SUAVIZ, TEXTIL CASH RECORD 5LT,C1",8445231,2-ALIMENTACION,12-DROGUERIA,43-SUAVIZANTES,1-SUAVIZANTES ESTANDAR,7-SUAVIZANTES ESTANDAR AZUL,"SUAVIZ, TEXTIL CASH RECORD 5LT,C1",SERVIHOSTEL,8445231,UNIDAD,5,5000,1,UDS,,,,"7,2",,"1,44",,,,,,,," 'distance': 1,43385243415832",78529,aro Suavizante 48 lavados 4L,ARO,,garrafa,4,L,4000,1,4000,,,,"2,72",,,"0,68",,,,,"0,76","0,76",53%,53%,53%,-15%,-15%
"Salchichas Frankfurt ELPOZO, pack 3x160 g",23148836,1-FRESCOS,4-CHARCUTERIA,13-SALCHICHAS,1-SALCHICHAS FRANKFURT SC,1-SALCHICHAS FRANKFURT,"Salchichas Frankfurt ELPOZO, pack 3x160 g",ELPOZO,23148836,PACK,"0,48",480,1,KG,,,,"2,00",,"4,17",,,"0,63",,,,," 'distance': 0,8336710929870605",212741,'Elpozo salchichas Frankfurt 160 g contiene 3 pack ( total 480 g)',ELPOZO,,PACK,"0,48",KG,480,1,480,,,,"2,30",,,"4,79",,,,,"-0,63","-0,63",-15%,-15%,-15%,-15%,-15%
"Gilda de anchoa ZUBELZU, 40 uds, cubeta 2,1 kg",26533661,1-FRESCOS,7-PESCADERIA,12-ESPECIALIDADES,30-CONSERVAS DE ANCHOA,45-GILDAS,"Gilda de anchoa ZUBELZU, 40 uds, cubeta 2,1 kg",LA GILDA DEL NORTE,26533661,CUBETA,"2,1",2100,1,KG,,,,"31,99",,"15,23",,,"0,00",,"23,99","11,43",25%," 'distance': 2,7952537536621094",209127,'Gildas Albizabal cubo gilda con anchoa 836gne 50 unidades (2069 g)',GILDAS ALBIZABAL,,BANDEJA,"69,00",KG,69000,1,69000,,,,"36,07",,,"17,43",,,,,"-6,01","-2,20",-14%,-53%,-14%,-14%,-14%
Judias verdes planas EROSKI bolsa 1 kg,19519081,2-ALIMENTACION,3-CONGELADOS,7-VERDURAS CONGELADAS,1-VERDURA NATURAL,3-JUDIA PLANA,Judias verdes planas EROSKI bolsa 1 kg,EROSKI,19519081,BOLSA,1,1000,1,KG,,,,"1,6",,"1,60",,,"6,11",,"1,44","1,44",10%," 'distance': 0,644086301326752",93631,"makro Chef Judia verde plana 2,5Kg",MAKRO CHEF,,BOLSA/BOLSON,"2,5",KG,2500,1,2500,,,,"3,8","3,23",,"1,52","1,29",,15%,COMPRA MAS PAGA MENOS,"0,15","0,31",19%,10%,5%,-14%,-14%
"Bonito del norte en escabeche bajo en sal ORTIZ, lata 112 g",16046385,2-ALIMENTACION,8-SALADO,23-CONSERVAS DE PESCADO,7-BONITO,11-BONITO ESCABECHE,"Bonito del norte en escabeche bajo en sal ORTIZ, lata 112 g",ORTIZ,16046385,LATA,"0,112",112,1,KG,,,,"3,39",,"30,27",,,,,"3,05","27,24",10%," 'distance': 0,544123351573944",645541,Conservas Ortiz bonito en escabeche 175 gne contiene 2 unidades (260 g),CONSERVAS ORTIZ,,LATA,"0,26",KG,260,2,520,,,,"14,58","12,39",,"28,04","23,83",,15%,COMPRA MAS PAGA MENOS,"3,41","6,44",21%,13%,7%,7%,-7%
ENSALDA GOURMET MAXI EROSKI320,12080859,1-FRESCOS,1-FRUTA Y HORTALIZA,8-IV GAMA,51-ENSALADAS VALOR,5-ENSALADAS GOURMET,ENSALDA GOURMET MAXI EROSKI320,EROSKI,12080859,BOLSA,"0,32",320,1,KG,,,,"1,84",,"5,75",,,11,,,,," 'distance': 0,511063992977142",7173,makro Chef Ensalada gourmet bolsa 500g,MAKRO CHEF,,BOLSA/BOLSON,"0,5",KG,500,1,500,,,,"3,28",,,"6,56",,,,,"-0,81","-0,81",-14%,-14%,-14%,-14%,-14%
"Uva blanca sin semilla, cubeta 500 g",17778762,1-FRESCOS,1-FRUTA Y HORTALIZA,1-FRUTA,31-UVAS,10-UVAS SIN SEMILLA,"Uva blanca sin semilla, cubeta 500 g",EROSKI,17778762,CUBETA,"0,5",500,1,KG,,,,"2,55",,"5,10",,,"42,9",,"2,30","4,59",10%," 'distance': 0,575182735919952",582062,METRO Chef Uva blanca sin pepitas tarrina 500g,METRO CHEF,,TARRINA,"0,5",KG,500,1,500,,,,"2,65",,,"5,30",,,,,"-0,71","-0,20",-4%,-15%,-4%,8%,-6%
"Salsa tikka masala PATAK'S, frasco 450 g",24275869,2-ALIMENTACION,8-SALADO,39-COMIDAS DEL MUNDO,10-COMIDA ASIATICA,10-INDIA Y THAI,"Salsa tikka masala PATAK'S, frasco 450 g",PATAK'S,24275869,FRASCO,"0,45",450,1,KG,,,,"3,25",,"7,22",,,"0,76",,"2,60","5,78",20%," 'distance': 0,429101884365082",199832,PATAK'S salsa curry tikka masala sin gluten tarro 450 g,PATAK'S,,TARRO,"0,45",L,450,1,450,,,,"3,95","3,59",,"8,78","7,99",,9%,COMPRA MAS PAGA MENOS,"-2,21","-0,77",-11%,-38%,-22%,-17%,-14%
"Medallones solomillo de vaca al vacío skin, bandeja aprox, 400 g",24246191,1-FRESCOS,2-CARNICERIA,61-VACUNO ENVASADO,5-VACUNO MAYOR ENVASADO,2-MAYOR LOMO ENVASADO,"Medallones solomillo de vaca al vacío skin, bandeja aprox, 400 g",EROSKI,24246191,BANDEJA,"0,4",400,1,KG,,,,"14,78","12,86","36,95","32,15",,"3,8",13%,"9,64","24,11",25%," 'distance': 2,3744194507598877",178107,Medallón de solomillo de vaca bandeja 10udx200g precio kg',MAKRO,,KILO,"2,00",KG,2000,1,2000,,,,"42,85",,,"43,95",,,,,"-19,84","-11,80",-37%,-82%,-19%,-13%,-13%
"Cebolla blanca Buti, malla 1 kg",1934785,1-FRESCOS,1-FRUTA Y HORTALIZA,20-COMPLEMENTOS BASICOS,10-CEBOLLAS,5-CEBOLLAS AMARILLAS,"Cebolla blanca Buti, malla 1 kg",EROSKI,1934785,MALLA,1,1000,1,KG,,,,"2,15",,"2,15",,,"71,15",,"1,72","1,72",20%," 'distance': 2,429976463317871",47635,METRO Chef Cebolla blanca especial caramelizar calibre 60/80 malla 1kg,METRO CHEF,,MALLA,1,KG,1000,1,1000,,,,"1,86",,,"1,72",,,,,"0,00","0,43",20%,0%,20%,27%,2%
"P,HIGIENICO 2C E,BASIC 24U",25898693,2-ALIMENTACION,12-DROGUERIA,65-PAPEL HIGIENICO,1-PAPEL HIGIENICO SECO,"1-P,H, SECO BASICO 2C NORMAL","P,HIGIENICO 2C E,BASIC 24U","E,BASIC",25898693,PAQUETE,,,24,ROLLOS,,,,"4,87",,"0,20",,,"3,8",,,,," 'distance': 0,946050047874451",177940,METRO PROFESSIONAL Papel higienico industrial eco 2 capas 173 m 18 rollos,METRO PROFESSIONAL,,SACO,1,ROLLOS,1000,18,18000,,,,"36,17","30,74",,"0,20","0,17",,15%,COMPRA MAS PAGA MENOS,"0,03","0,03",15%,15%,0%,-2%,-9%
"Bebida isotónica Ice Storm POWERADE, botellín 50 cl",3913001,2-ALIMENTACION,11-BEBIDAS,10-BEBIDAS REFRESCANTES,45-ISOTONICO,5-ISOTONICO PET,"Bebida isotónica Ice Storm POWERADE, botellín 50 cl",POWERADE,3913001,BOTELLÍN,"0,5",500,1,L,,,,"1,49",,"2,98",,,"13,82",,"1,19","2,38",20%," 'distance': 3,1385891437530518",217015,POWERADE bebida isotónica Ice storm pet 50 cl contiene 12 unidades',POWERADE,,BOTELLA,"0,50",L,500,12,6000,,,,"20,15","18,34",,"3,36","3,06",,9%,COMPRA MAS PAGA MENOS,"-0,67","-0,08",-3%,-28%,-13%,-13%,-12%
"Cuchara de café Corona, inox 18/10 JAY, 3 uds",16107989,4-BAZAR,20-MENAJE,1-SERVICIO DE MESA,7-CUBIERTOS,"1-DESPIECE DE CUBIERTOS EN INOX,","Cuchara de café Corona, inox 18/10 JAY, 3 uds",JAY,16107989,INOX,3,3000,3,UDS,,,,"5,25",,"1,75",,,"0,46",,,,," 'distance': 4,3261003494262695",4567,Jay cuchara café titanio inoxidable 18/10 contiene 6 unidades',JAY,,PACK,"0,03",UDS,26,6,156,,,,"11,80","10,03",,"1,97","1,67",,15%,COMPRA MAS PAGA MENOS,"0,08","0,08",4%,4%,-12%,-12%,-12%
"Mantequilla ASTURIANA, pastilla 1 kg",20150868,2-ALIMENTACION,5-LACTEOS,14-MANTEQUILLAS Y MARGARINAS,1-MANTEQUILLA,1-MANTEQUILLA PASTILLA,"Mantequilla ASTURIANA, pastilla 1 kg",ASTURIANA,20150868,PASTILLA,1,1000,1,KG,España,,,"12,29",,"12,29",,,"0,69",,"10,45","10,45",15%," 'distance': 3,0249977111816406",29073,'Asturiana mantequilla bloque 5 Kg',ASTURIANA,,BLOQUE,"5,00",KG,5000,1,5000,,,,"59,28",,,"11,86",,,,,"-1,41","0,43",4%,-13%,4%,-12%,-12%
300434-ARROZ EXTRA REDONDO BASIC 10/1KG,300434,2-ALIMENTACION,9-COCINA,7-ARROZ,1-ARROZ REDONDO,3-ARROZ REDONDO,300434-ARROZ EXTRA REDONDO BASIC 10/1KG,"E,BASIC",300434,PAQUETE,1,1000,1,KG,,,,"1,30",,"1,30",,,"14,23",,,,," 'distance': 1,71790790557861",78276,aro arroz 1kg contiene 10 unidades,ARO,,Paquete,1,KG,1000,10,10000,,,,"14,45",,,"1,49",,,,,"-0,19","-0,19",-15%,-15%,-15%,-15%,-13%
"Yuca, al peso, compra minima 1,12 kg / 2 u",961318,1-FRESCOS,1-FRUTA Y HORTALIZA,1-FRUTA,67-TROPICALES,30-OTROS TROPICALES,"Yuca, al peso, compra minima 1,12 kg / 2 u",EROSKI,961318,GRANEL,"1,12",1120,1,KG,,,,"3,70",,"3,30",,,"2,25",,"3,33","2,97",10%," 'distance': 1,16550898551941",11303,Yuca bandeja,MAKRO,,BANDEJA,1,KG,1000,1,1000,,,,"3,80",,,"3,80",,,,,"-0,83","-0,50",-15%,-28%,-15%,-12%,-12%
"Ensalada jamón y puerro LA COCINA DEL NORTE, tarrina 200 g",24174526,1-FRESCOS,14-SOLUCIONES CULINARIAS,25-LISTO PARA COMER,"10-ENSALADAS-ENSALADILLAS B,LPC,",10-ENSALADAS,"Ensalada jamón y puerro LA COCINA DEL NORTE, tarrina 200 g",LA COCINA DEL NORTE,24174526,TARRINA,"0,2",200,1,KG,España,,,"2,75",,"13,75",,,"0,9",,,,," 'distance': 1,015573263168335",142820,La Cocina Del Norte ensalada de jamón y puerro 500g',LA COCINA DEL NORTE,,TARRINA,"0,50",KG,500,1,500,,,,"7,69","6,61",,"15,38","13,23",,14%,COMPRA MAS PAGA MENOS,"0,52","0,52",4%,4%,-12%,-12%,-11%
"Pizza Bella Italia Prosciutto&Fungh sin gluten SCHAR, caja 335 g",21416326,2-ALIMENTACION,10-DULCE,39-REFRIGERADO Y CONGEL S/GLUTEN,10-PRODUCTOS CONGELADOS S/G,20-PLATOS PREPARADOS CONGELADOS,"Pizza Bella Italia Prosciutto&Fungh sin gluten SCHAR, caja 335 g",SCHAR,21416326,CAJA,"0,335",335,1,KG,,,,"4,35",,"12,99",,,"0,36",,,,," 'distance': 3,1341116428375244",165120,Schar pizza jamon champiñon sin gluten 335 g',SCHAR,,CAJA/CAJON,"0,34",KG,335,1,335,,,,"4,02",,,"12,00",,,,,"0,99","0,99",8%,8%,8%,12%,-5%
"Arroz con leche REINA, tarrina 500 g",23158256,2-ALIMENTACION,5-LACTEOS,4-YOGURES Y POSTRES,5-POSTRES BASICOS,83-ARROZ CON LECHE,"Arroz con leche REINA, tarrina 500 g",REINA,23158256,TARRINA,"0,5",500,1,KG,España,,,"1,59",,"3,18",,,2,,,,," 'distance': 3,4539828300476074",190685,'Reina arroz con leche 130 g contiene 4 unidades',REINA,,BANDEJA,"0,13",KG,130,4,520,,,,"2,15",,,"4,13",,,,,"-0,95","-0,95",-30%,-30%,-30%,-12%,-12%
"Chuleta de contramuslos de pavo EROSKI bandeja al peso aprox, 340 g",14894604,1-FRESCOS,2-CARNICERIA,72-PAVO Y OTRAS AVES ENVASADO,5-PAVO ENVASADO AVES,5-PAVO¿FRESCO,"Chuleta de contramuslos de pavo EROSKI bandeja al peso aprox, 340 g",EROSKI,14894604,BANDEJA,"0,34",340,1,KG,,,,"2,67",,"7,85",,,"1,84",,"2,40","7,07",10%," 'distance': 3,2475175857543945",143997,'Chuleta de pavo marinada bandeja 1,MAKRO CHEF,,BANDEJA,"1,75",KG,1750,1,1750,,,,"15,35",,,"8,77",,,,,"-1,70","-0,92",-12%,-24%,-12%,-12%,-11%
Garbanzo extra EROSKI paquete 1 kg,25948340,2-ALIMENTACION,9-COCINA,9-LEGUMBRES,3-GARBANZO SECO,1-GARBANZO MEJICANO,Garbanzo extra EROSKI paquete 1 kg,EROSKI,25948340,PAQUETE,1,1000,1,KG,,,,"2,20",,"2,20",,,"3,86",,"1,87","1,87",15%," 'distance': 6,1333723068237305",200651,'makro Chef garbanzo extra paquete 1kg',MAKRO CHEF,,BOLSA/BOLSON,"1,00",KG,1000,1,1000,,,,"2,49","2,24",,"2,49","2,24",,10%,COMPRA MAS PAGA MENOS,"-0,37","-0,04",-2%,-20%,-13%,-13%,-12%
"MAYONESA SERVIHOSTEL 3,6 K           ",23332521,2-ALIMENTACION,9-COCINA,3-SALSAS,"3-MAYONESAS, S,FINAS Y S,LIGERAS","3-MAYO,S,FINAS FCO MAS 300 ML","MAYONESA SERVIHOSTEL 3,6 K           ",SERVIHOSTEL,23332521,CUBETA,"3,6",3600,1,KG,,,,"9,52",,"2,64",,,"0,11",,"9,04","2,51",5%," 'distance': 2,931441307067871",451555,METRO Chef mayonesa cubo 5l,METRO CHEF,,BOTE,5,L,5000,1,5000,,,,"14,73","13,26",,"2,95","2,65",,10%,COMPRA MAS PAGA MENOS,"-0,14","-0,01",0%,-6%,-11%,-12%,-12%
"Caldo de pollo AVECREM, 24 pastillas, caja 240 g",485300,2-ALIMENTACION,9-COCINA,15-SOPAS PURES Y CALDOS,3-CALDOS EN PASTILLAS,3-CALDO PASTILLA AVE,"Caldo de pollo AVECREM, 24 pastillas, caja 240 g",AVECREM,485300,CAJA,"0,24",240,1,KG,,,,"2,95","1,92","12,29","7,99",,3,2nd unit-70%,,,," 'distance': 1,1753183603286743",561951,'Avecrem caldo de pollo 24 pastillas (total 240 g)',AVECREM,,ESTUCHE,"0,24",KG,240,1,240,,,,"2,82",,,"11,75",,,,,"-3,76","-3,76",-47%,-47%,4%,4%,-6%
"Ginebra MG, botella 70 cl",19989714,2-ALIMENTACION,11-BEBIDAS,18-BEBIDAS DE ALTA GRADUACION,3-GINEBRA,3-GINEBRA ESTANDAR,"Ginebra MG, botella 70 cl",MG,19989714,BOTELLA,"0,7",700,1,L,España,,,"13,35",,"19,07",,,"0,07",,"11,35","16,21",15%," 'distance': 0,6604365706443787",166795,'Mg ginebra botella 70cl',MG,,BOTELLA,"0,70",L,700,1,700,,,,"13,3",,,"19,00",,,,,"-2,79","0,07",0%,-17%,0%,-16%,-13%
"Suavizante concentrado azul FLOR, garrafa 172 dosis",18602300,2-ALIMENTACION,12-DROGUERIA,43-SUAVIZANTES,1-SUAVIZANTES ESTANDAR,7-SUAVIZANTES ESTANDAR AZUL,"Suavizante concentrado azul FLOR, garrafa 172 dosis",FLOR,18602300,GARRAFA,172,172000,172,DOSIS,,,,"9,89",,"0,06",,,"0,26",,,,," 'distance': 2,123457431793213",158711,"finish suavizante flor azul 172 lavados (total 3,096 L)",FLOR,,GARRAFA,"172,00",DOSIS,172000,172,29584000,,,,"11,97",,,"0,07",,,,,"-0,01","-0,01",-21%,-21%,-21%,-16%,-13%
Arroz vaporizado EROSKI paquete 1 kg,4374153,2-ALIMENTACION,9-COCINA,7-ARROZ,5-ARROZ VAPORIZADO,3-ARROZ VAPORIZADO,Arroz vaporizado EROSKI paquete 1 kg,EROSKI,4374153,PAQUETE,1,1000,1,KG,,,,"1,65",,"1,65",,,"8,96",,,,," 'distance': 0,524080872535706",78335,makro Chef arroz largo vaporizado 1kg contiene 10 unidades,MAKRO CHEF,,PAQUETE,1,KG,1000,10,10000,,,,"16,90",,,"1,69",,,,,"-0,04","-0,04",-2%,-2%,-2%,-2%,-8%
"Zumo de tomate GRANINI, botella 33 cl",26239558,2-ALIMENTACION,11-BEBIDAS,6-ZUMOS Y NECTARES,5-ZUMO Y NECTAR TO GO,3-ZUMO Y NECTAR TO GO PREMIUM,"Zumo de tomate GRANINI, botella 33 cl",GRANINI,26239558,BOTELLA,"0,33",330,1,L,,,,"1,45",,"4,39",,,"1,65",,,,," 'distance': 1,0334270000457764",344981,'GRANINI zumo tomate botella 20 cl contiene 24 unidades',GRANINI,,BOTELLA,"0,20",L,200,24,4800,,,,"22,43","20,19",,"4,67","4,21",,10%,COMPRA MAS PAGA MENOS,"0,19","0,19",4%,4%,-6%,-6%,-11%
"Mostaza de Dijon MAILLE, frasco 215 g",382226,2-ALIMENTACION,9-COCINA,3-SALSAS,7-MOSTAZA,7-MOSTAZAS DIJON,"Mostaza de Dijon MAILLE, frasco 215 g",MAILLE,382226,FRASCO,"0,215",215,1,KG,España,,,"3,85",,"17,91",,,"1,34",,"3,27","15,22",15%," 'distance': 0,8854807615280151",213180,'MAILLE mostaza Dijon original frasco 865 g',MAILLE,,UNIDAD,"0,87",KG,865,1,865,,,,"18,43","16,77",,"21,31","19,39",,9%,COMPRA MAS PAGA MENOS,"-4,17","-1,48",-8%,-27%,-19%,-19%,-14%
"Tejas-cigarrillos de chocolate CASA ECEIZA, caja 350 g",11631751,2-ALIMENTACION,10-DULCE,20-GALLETAS,9-GALLETAS ESPECIALIDADES,20-PASTAS ARTESANAS O SURTIDAS,"Tejas-cigarrillos de chocolate CASA ECEIZA, caja 350 g",CASA ECEIZA,11631751,CAJA,"0,35",350,1,KG,,,,"8,79","8,00","25,11","22,85",,"0,96",9%,"7,20","20,57",10%," 'distance': 2,1851232051849365",129786,'Casa Eceiza tejas y cigarrillos chocolate de Tolosa 350g',CASA ECEIZA,,ESTUCHE,"0,35",KG,350,1,350,,,,"8,97",,,"25,63",,,,,"-5,06","-2,77",-12%,-25%,-2%,-2%,-7%
Pimienta negra molida para sazonar EROSKI frasco 43 g,237834,2-ALIMENTACION,9-COCINA,35-ESPECIAS,15-PIMIENTAS Y OTROS CONDIMENTOS,5-PIMIENTA NEGRA,Pimienta negra molida para sazonar EROSKI frasco 43 g,EROSKI,237834,FRASCO,"0,043",43,1,KG,,,,"0,8",,"18,60",,,,,,,," 'distance': 0,83702552318573",214733,METRO Chef pimienta negra molida 550 g,METRO CHEF,,TARRO,"0,55",KG,550,1,550,,,,"7,91",,,"14,38",,,,,"4,22","4,22",23%,23%,23%,-11%,-11%
"Cerveza KELER, lata 33 cl",1202506,2-ALIMENTACION,11-BEBIDAS,8-CERVEZAS,1-CERVEZAS LAGER,5-CERVEZAS LAGER LATA,"Cerveza KELER, lata 33 cl",KELER,1202506,LATA,"0,33",330,1,L,,,,"0,82",,"2,48",,,"19,84",,"0,62","1,86",25%," 'distance': 1,275644063949585",116506,'Keler cerveza 18 33cl contiene 24 latas',KELER,,LATA,"0,33",L,330,24,7920,,,,"20,99","18,89",,"2,65","2,39",,10%,COMPRA MAS PAGA MENOS,"-0,52","0,10",4%,-28%,-7%,-11%,-12%
"Limon ecologico, al peso, compra minima 555 g / 3 u",12811568,1-FRESCOS,1-FRUTA Y HORTALIZA,1-FRUTA,71-FRUTAS ECO,5-FRUTAS ECO,"Limon ecologico, al peso, compra minima 555 g / 3 u",EROSKI,12811568,GRANEL,"0,555",555,1,KG,,,,"1,86",,"3,35",,,,,"1,67","3,02",10%," 'distance': 1,0064058303833",182924,METRO Chef Bio Limon Bio calibre 2/6 malla de 500gr,METRO CHEF BIO,,MALLA,"0,5",KG,500,1,500,,,,"1,92",,,"3,84",,,,,"-0,82","-0,49",-15%,-27%,-15%,-11%,-11%
Garbanzo pedrosillano EROSKI paquete 1 kg,25948365,2-ALIMENTACION,9-COCINA,9-LEGUMBRES,3-GARBANZO SECO,7-GARBANZO PEDROSILLANO,Garbanzo pedrosillano EROSKI paquete 1 kg,EROSKI,25948365,PAQUETE,1,1000,1,KG,,,,"1,90",,"1,90",,,"3,92",,"1,62","1,62",15%," 'distance': 4,992213249206543",200650,'makro Chef garbanzo pedrosillano paquete 1kg',MAKRO CHEF,,BOLSA/BOLSON,"1,00",KG,1000,1,1000,,,,"1,97","1,77",,"1,97","1,77",,10%,COMPRA MAS PAGA MENOS,"-0,16","0,13",7%,-10%,-4%,-4%,-8%
Longaniza de pollo EROSKI bandeja 575 g,25228032,1-FRESCOS,2-CARNICERIA,65-ELABORADOS ENVASADO,3-ELABORADOS SALCHICHAS ENVASADO,2-SALCHICHA DE AVE ENVASADO,Longaniza de pollo EROSKI bandeja 575 g,EROSKI,25228032,BANDEJA,"0,575",575,1,KG,,,,"4,29","3,65","7,46","6,34",,"8,92",2nd unit-30%,"3,28","5,71",10%," 'distance': 1,73757004737854",66865,'Longaniza de pollo 2kg bandeja',MAKRO,,BANDEJA,"2,00",KG,2000,1,2000,,,,"16,45",,,"8,23",,,,,"-2,52","-1,88",-30%,-44%,-10%,-10%,-10%
"PATATA FRIT,SERVIHOSTEL 2X500G C",15074271,2-ALIMENTACION,8-SALADO,5-PATATAS FRITAS Y SNACKS,15-PATATAS FRITAS,15-PATATA SAL LISA,"PATATA FRIT,SERVIHOSTEL 2X500G C",SERVIHOSTEL,15074271,PACK,1,1000,1,KG,,,,"5,23",,"5,23",,,"0,11",,,,," 'distance': 2,931441307067871",181265,aro patatas fritas 2kg,ARO,,CAJA/CAJON,2,KG,2000,1,2000,,,,"11,61",,,"5,81",,,,,"-0,57","-0,57",-11%,-11%,-11%,-5%,-8%
"Masa de hojaldre BUITONI, paquete 230 g",857011,1-FRESCOS,14-SOLUCIONES CULINARIAS,35-DISFRUTA COCINANDO,30-MASAS REFRIGERADAS,"2-MASAS REFRIG,HOJALDRES","Masa de hojaldre BUITONI, paquete 230 g",BUITONI,857011,PAQUETE,"0,23",230,1,KG,Suiza,,,"1,95",,"8,48",,,"2,4",,,,," 'distance': 2,4357943534851074",211510,'Buitoni masa hojaldre 230g',BUITONI,,BANDEJA,"0,23",KG,230,1,230,,,,"2,19",,,"9,52",,,,,"-1,04","-1,04",-12%,-12%,-12%,-3%,-7%
"Bebida vegetal de avena barista KAIKU, brik 1 litro",26727339,2-ALIMENTACION,5-LACTEOS,3-LECHE,6-PREPARADOS VEGETALES,3-BEBIDA DE AVENA,"Bebida vegetal de avena barista KAIKU, brik 1 litro",KAIKU,26727339,BRIK,1,1000,1,L,,,,"1,49","1,40","1,49","1,40",,,6%,"1,33","1,33",5%," 'distance': 0,477655857801437",186798,Kaiku Begetal avena barista 1L,KAIKU,,BRIK,"1,03",L,1030,1,1030,,,,"1,86",,,"1,64",,,,,"-0,31","-0,24",-17%,-23%,-10%,-10%,-10%
"Alubia negrita LUENGO, paquete 500 g",14708085,2-ALIMENTACION,9-COCINA,9-LEGUMBRES,1-ALUBIA SECA,7-ALUBIA NEGRILLA,"Alubia negrita LUENGO, paquete 500 g",LUENGO,14708085,PAQUETE,"0,5",500,1,KG,,,,"1,95",,"3,90",,,"1,34",,"1,66","3,32",15%," 'distance': 0,291200280189514",195225,Luengo alubia negrita 500g,LUENGO,,PAQUETE,"0,5",KG,500,1,500,,,,"2,28",,,"4,38",,,,,"-1,07","-0,48",-12%,-32%,-12%,-12%,-11%
Pimiento de piquillo entero EROSKI frasco 350 g,25010943,2-ALIMENTACION,8-SALADO,11-PIMIENTOS,7-PIMIENTO PIQUILLO,13-PIMI PIQUI FCO ENTERO BASICO,Pimiento de piquillo entero EROSKI frasco 350 g,EROSKI,25010943,FRASCO,"0,35",350,1,KG,,,,"1,85",,"5,29",,,"2,75",,,,," 'distance': 0,485036164522171",196407,METRO Chef pimiento piquillo 80/100 en lata 1900 gne (2500 g),TO BE DETERMINED,,LATA,"2,5",KG,2500,1,2500,,,,"13,41",,,"5,36",,,,,"-0,08","-0,08",-1%,-1%,-1%,-10%,-10%
"Galleta María Ligera sin sal-sin azúcar GULLÓN, caja 600 g",92569,2-ALIMENTACION,10-DULCE,20-GALLETAS,5-GALLETAS SALUD Y BIENESTAR,20-BAJO O SIN AZUCAR,"Galleta María Ligera sin sal-sin azúcar GULLÓN, caja 600 g",GULLON,92569,CAJA,"0,6",600,1,KG,,,,"3,4",,"5,67",,,"3,11",,"3,06","5,10",10%," 'distance': 2,3029122352600098",694031,Gullón galleta ligera 600 g',GULLON,,CAJA/CAJON,"0,60",KG,600,1,600,,,,"4,06",,,"6,77",,,,,"-1,67","-1,10",-19%,-33%,-19%,-10%,-10%
"Bombones surtidos LINDT Champs Élysées, caja 469 g",19867357,2-ALIMENTACION,10-DULCE,18-BOMBONES,3-BOMBONES REGALO,3-BOMBON REGALO CAJAS Y BANDEJAS,"Bombones surtidos LINDT Champs Élysées, caja 469 g",LINDT,19867357,CAJA,"0,469",469,1,KG,,,,"23,99",,"51,15",,,"0,23",,,,," 'distance': 3,211979389190674",168503,Lindt bombones surtidos LINDOR 287 g,LINDT,,ESTUCHE,"0,287",KG,287,1,287,,,,"7,40",,,"25,78",,,,,"25,37","25,37",50%,50%,50%,20%,0%
"Bonito en aceite de oliva ZALLO, pack 2x65 g",18406819,2-ALIMENTACION,8-SALADO,23-CONSERVAS DE PESCADO,7-BONITO,9-BONITO ACEITE,"Bonito en aceite de oliva ZALLO, pack 2x65 g",ZALLO,18406819,PACK,"0,13",130,2,KG,,,,"3,55",,"27,31",,,"0,26",,"3,20","24,58",10%," 'distance': 0,30744743347168",165400,Zallo bonito de la costa aceite de oliva lata 190 gne contiene 2 unidades (266 g),ZALLO,,TARRO,"0,19",KG,190,2,380,,,,"11,43",,,"30,08",,,,,"-5,50","-2,77",-10%,-22%,-10%,-10%,-10%
"Masa para minipizzas BUITONI, bolsa 265 g",15072630,1-FRESCOS,14-SOLUCIONES CULINARIAS,35-DISFRUTA COCINANDO,30-MASAS REFRIGERADAS,1-MASAS REFRIG. PIZZAS,"Masa para minipizzas BUITONI, bolsa 265 g",BUITONI,15072630,BOLSA,"0,265",265,1,KG,,,,"1,99","1,33","7,51","5,00",,"1,15",3x2,,,," 'distance': 0,318533569574356",5734,Buitoni masa mini pizza 265 g contiene 8 unidades,BUITONI,,PACK,"0,265",KG,265,1,265,,,,"2,41",,,"8,26",,,,,"-3,26","-3,26",-65%,-65%,-10%,-10%,-10%
"Desatascador cabello especial tuberías WCNET, botella 1 litro",25260795,2-ALIMENTACION,12-DROGUERIA,50-LIMPIADORES,5-BAÑO,41-TUBERIAS Y FOSAS MANTENIMIENTO,"Desatascador cabello especial tuberías WCNET, botella 1 litro",WC NET,25260795,BOTELLA,1,1000,1,L,,,,"7,25","4,71","7,25","4,71",,"0,76",2nd unit-70%,"4,48","4,48",5%," 'distance': 3,489304780960083",112781,'WC NET desatascador tuberias turbo 1L 50% gratis',WC NET,,BOTE,"1,00",L,1000,1,1000,,,,"7,61",,,"7,61",,,,,"-3,13","-2,90",-61%,-70%,-5%,-10%,-10%
Espinaca EROSKI bolsa 300 g,18298018,1-FRESCOS,1-FRUTA Y HORTALIZA,8-IV GAMA,54-PLATOS PARA COCINAR,20-VERDURA Y HORTALIZA CRUDA,Espinaca EROSKI bolsa 300 g,EROSKI,18298018,BOLSA,"0,3",300,1,KG,España,,,"1,22",,"4,07",,,"26,32",,,,," 'distance': 5,616042137145996",489814,'makro Chef espinaca cortada bolsa 300g',MAKRO CHEF,,BOLSA/BOLSON,"0,30",KG,300,1,300,,,,"1,34",,,"4,47",,,,,"-0,40","-0,40",-10%,-10%,-10%,-10%,-9%
"Detergente en cápsulas WIPP POWER, bolsa 55 dosis",25003336,2-ALIMENTACION,12-DROGUERIA,41-DETERGENCIA ROPA,5-DETERGENTE CAPSULAS,"9-DET,CAP DIARIO-BLANCO MAS 30","Detergente en cápsulas WIPP POWER, bolsa 55 dosis",WIPP,25003336,BOLSA,55,55000,55,DOSIS,,,,"22,9","14,89","0,42","0,27",,"0,19",2nd unit-70%,,,," 'distance': 2,348069667816162",212300,WIPP detergente express power cápsulas 55 unidades',WIPP,,PACK,"0,77",KG,770,55,42350,,,,"23,29",,,"0,42",,,,,"-0,15","-0,15",-56%,-56%,-2%,-16%,-12%
"Vermouth Rojo LA COPA, botella 75 cl",23633456,2-ALIMENTACION,11-BEBIDAS,18-BEBIDAS DE ALTA GRADUACION,25-VERMOUTH,1-VERMOUTH ROJO,"Vermouth Rojo LA COPA, botella 75 cl",LA COPA,23633456,BOTELLA,"0,75",750,1,L,España,,,"11,15",,"14,87",,,"0,19",,"9,48","12,64",15%," 'distance': 3,0847697257995605",162866,'La Copa vermut rojo 75cl',LA COPA,,BOTELLA,"0,75",L,750,1,750,,,,"9,79",,,"13,05",,,,,"-0,42","1,81",12%,-3%,12%,12%,-3%
"Arroz redondo BRILLANTE sabroz, paquete 1 kg",14863369,2-ALIMENTACION,9-COCINA,7-ARROZ,1-ARROZ REDONDO,3-ARROZ REDONDO,"Arroz redondo BRILLANTE sabroz, paquete 1 kg",BRILLANTE,14863369,PAQUETE,1,1000,1,KG,,,,"2,79",,"2,79",,,"3,73",,,,," 'distance': 0,8350984454154968",213816,'Brillante arroz sabroz paquete 1 kg',BRILLANTE,,PAQUETE,"1,00",KG,1000,1,1000,,,,"3,07",,,"3,07",,,,,"-0,28","-0,28",-10%,-10%,-10%,-10%,-10%
Orejon de albaricoque EROSKI bolsa 250 g,25944109,2-ALIMENTACION,8-SALADO,3-FRUTOS SECOS,25-FRUTAS DESECADAS,11-OTRAS FRUTAS DESECADAS,Orejon de albaricoque EROSKI bolsa 250 g,EROSKI,25944109,BOLSA,"0,25",250,1,KG,,,,"3,06",,"12,24",,,"0,23",,"2,91","11,63",5%," 'distance': 0,491386294364929",108689,METRO Chef Orejones amarillos BOLSA 500 g,METRO CHEF,,BOLSA/BOLSON,"0,5",KG,500,1,500,,,,"6,71",,,"13,42",,,,,"-1,79","-1,18",-10%,-15%,-10%,-10%,-10%
"TOMATE FRITO BRIK ORLANDO 6/2,1K",20144002,2-ALIMENTACION,8-SALADO,10-TOMATE,9-TOMATE FRITO,1-TOMATE FRITO LISO BRIK UNIT,"TOMATE FRITO BRIK ORLANDO 6/2,1K",ORLANDO,20144002,brik,"2,1",2100,1,KG,,,,"4,02",,"1,91",,,"1,11",,"3,42","1,63",15%," 'distance': 0,276594489812851",123013,"ORLANDO tomate frito brik 2,1 kg",ORLANDO,,brik,"2,1",KG,2100,1,2100,,,,"4,39","3,95",,"2,09","1,88",,10%,COMPRA MAS PAGA MENOS,"-0,25","0,03",2%,-16%,-9%,-3%,-7%
"Secreto de cerdo al vacío, 2 uds,, sobre aprox, 820 g",16998221,1-FRESCOS,2-CARNICERIA,62-PORCINO ENVASADO,1-PORCINO BLANCO ENVASADO,9-SECRETO/PRESA BLANCO ENVASADO,"Secreto de cerdo al vacío, 2 uds,, sobre aprox, 820 g",EROSKI,16998221,SOBRE,"0,82",820,1,KG,,,,"5,73",,"6,99",,,"2,7",,"5,44","6,64",5%," 'distance': 2,420858860015869",183515,Secreto cerdo al vacío precio kg',MAKRO CHEF,,KILO,"1,40",KG,1400,1,1400,,,,"8,55","7,70",,"6,11","5,50",,10%,COMPRA MAS PAGA MENOS,"1,14","1,49",21%,17%,13%,-9%,-9%
"Mermelada de fresas LA VIEJA FABRICA, frasco 800 g",25329053,2-ALIMENTACION,8-SALADO,15-MERMELADAS,1-MERMELADA O CONFITURA,7-MERMELADA/CONFITURA FRESA,"Mermelada de fresas LA VIEJA FABRICA, frasco 800 g",LA VIEJA FABRICA,25329053,FRASCO,"0,8",800,1,KG,,,,"5,89",,"7,36",,,"0,03",,,,," 'distance': 0,9476798176765442",515203,LA VIEJA FÁBRICA mermelada de fresa tarro 800 g',LA VIEJA FABRICA,,FRASCO,"0,80",KG,800,1,800,,,,"6,37","5,73",,"7,96","7,17",,10%,COMPRA MAS PAGA MENOS,"0,20","0,20",3%,3%,-8%,-8%,-9%
Pan rallado sin gluten EROSKI paquete 200 g,20068540,2-ALIMENTACION,10-DULCE,2-PRODUCTOS SALUD,84-PRODUCTOS SIN GLUTEN,"15-HARINAS, PAN RALLADO, PREPARAD",Pan rallado sin gluten EROSKI paquete 200 g,EROSKI,20068540,PAQUETE,"0,2",200,1,KG,,,,"1,16",,"5,80",,,"1,23",,,,," 'distance': 4,824742317199707",215695,'METRO Chef pan rallado sin gluten 550 g',METRO CHEF,,TARRO,"0,55",KG,550,1,550,,,,"3,58",,,"6,51",,,,,"-0,71","-0,71",-12%,-12%,-12%,-12%,-10%
"Tenedor Lunch Hotel, inox 18/0 JAY, 3 uds",16107922,4-BAZAR,20-MENAJE,1-SERVICIO DE MESA,7-CUBIERTOS,"1-DESPIECE DE CUBIERTOS EN INOX,","Tenedor Lunch Hotel, inox 18/0 JAY, 3 uds",JAY,16107922,INOX,3,3000,3,UDS,,,,"1,99",,"0,66",,,"0,73",,,,," 'distance': 4,5273332595825195",502671,'Jay tenedor lunch hotel 18% contiene 6 unidades',JAY,,UNIDAD,"0,02",UDS,16,6,96,,,,"4,59","3,90",,"0,77","0,65",,15%,COMPRA MAS PAGA MENOS,"0,01","0,01",2%,2%,-15%,-16%,-11%
Chorizo fresco EROSKI bandeja 350 g,16843245,1-FRESCOS,2-CARNICERIA,65-ELABORADOS ENVASADO,5-ELABORADOS CHORIZOS ENVASADO,1-CHORIZO FRESCO ENVASADO,Chorizo fresco EROSKI bandeja 350 g,EROSKI,16843245,BANDEJA,"0,35",350,1,KG,,,,"2,45","2,01","7,00","5,74",,"0,43",18%,"1,81","5,17",10%," 'distance': 0,5308788418769836",11288,Chorizo bandeja 1kg aprox,MAKRO,,KILO,"0,9",KG,900,1,900,,,,"7,65",,,"7,65",,,,,"-2,48","-1,91",-33%,-48%,-9%,-9%,-9%
Lenteja pardina EROSKI paquete 1 kg,25948381,2-ALIMENTACION,9-COCINA,9-LEGUMBRES,5-LENTEJA SECA,3-LENTEJA PARDINA,Lenteja pardina EROSKI paquete 1 kg,EROSKI,25948381,PAQUETE,1,1000,1,KG,,,,"2,10",,"2,10",,,"4,08",,"1,79","1,79",15%," 'distance': 5,367191791534424",200645,'makro Chef lenteja pardina paquete 1kg',MAKRO CHEF,,BOLSA/BOLSON,"1,00",KG,1000,1,1000,,,,"2,38","2,14",,"2,38","2,14",,10%,COMPRA MAS PAGA MENOS,"-0,36","-0,04",-2%,-20%,-13%,-13%,-10%
"Corazon de Romana EROSKI NATUR, bolsa 2 uds",5607577,1-FRESCOS,1-FRUTA Y HORTALIZA,2-HORTALIZA,78-HORTALIZAS DE ENSALADA,5-LECHUGAS,"Corazon de Romana EROSKI NATUR, bolsa 2 uds",E. NATUR,5607577,BOLSA,2,2000,2,UDS,,,,"1,62","1,46","1,62","1,46",,"14,28",10%,"1,24","1,24",15%," 'distance': 0,74330860376358",261911,Lechuga romana bandeja 2unidades,MAKRO,,BOLSA/BOLSON,2,UDS,2000,1,2000,,,,"1,65",,,"1,65",,,,,"-0,41","-0,19",-13%,-33%,-2%,-2%,-7%
SIROPE CHOCOLATE SERVIHOSTEL 6/1,16489130,2-ALIMENTACION,9-COCINA,21-REPOSTERIA,7-INGREDIENTES Y AYUDAS,3-CARAMELOS Y SIROPES,SIROPE CHOCOLATE SERVIHOSTEL 6/1,SERVIHOSTEL,16489130,BOTE,"1,2",1200,1,KG,,,,"4,68",,"3,90",,,"0,11",,"4,21","3,51",10%," 'distance': 0,494158148765564",152558,METRO Chef sirope de chocolate botella de 1kg,METRO CHEF,,Botella,1,KG,1000,1,1000,,,,"4,28","3,85",,"4,28","3,85",,10%,COMPRA MAS PAGA MENOS,"-0,34","0,05",1%,-10%,-10%,-10%,-9%
CARAMELO LIQUIDO SERVIHOSTEL 6/1,16489148,2-ALIMENTACION,9-COCINA,21-REPOSTERIA,7-INGREDIENTES Y AYUDAS,3-CARAMELOS Y SIROPES,CARAMELO LIQUIDO SERVIHOSTEL 6/1,SERVIHOSTEL,16489148,BOTE,"1,2",1200,1,KG,,,,"4,68",,"3,90",,,"0,07",,,,," 'distance': 0,830498695373535",152562,METRO Chef sirope de caramelo botella de 1kg,METRO CHEF,,Botella,1,KG,1000,1,1000,,,,"4,28","3,85",,"4,24","3,82",,10%,COMPRA MAS PAGA MENOS,"0,08","0,08",2%,2%,-9%,-9%,-9%
"Salsa sriracha TABASCO, bote 256 ml",23447808,2-ALIMENTACION,9-COCINA,3-SALSAS,9-SALSAS ESPECIALES,12-SALSAS PICANTES,"Salsa sriracha TABASCO, bote 256 ml",TABASCO,23447808,BOTE,"0,256",256,1,L,Estados Unidos,,,"6,55",,"25,59",,,"0,57",,"5,57","21,75",15%," 'distance': 1,4735994338989258",208691,'TABASCO  salsa sriracha 256 ml',TABASCO,,UNIDAD,"0,26",L,256,1,256,,,,"7,25",,,"28,32",,,,,"-6,57","-2,73",-11%,-30%,-11%,-11%,-9%
Vinagre de manzana bio sin filtrar EROSKI botella 50 cl,22384655,2-ALIMENTACION,9-COCINA,2-VINAGRES Y ADEREZOS,10-VINAGRES DE MANZANA O SIDRA,5-VINAGRES DE MANZANA O SIDRA,Vinagre de manzana bio sin filtrar EROSKI botella 50 cl,Eroski Bio/ECO,22384655,BOTELLA,"0,5",500,1,L,,,,"2,15",,"4,30",,,"3,96",,"1,94","3,87",10%," 'distance': 0,13831889629364",208193,METRO Chef Bio vinagre de manzana sin filtrar botella 500 ml,METRO CHEF BIO,,BOTELLA,"0,5",L,500,1,500,,,,"2,59",,,"5,18",,,,,"-1,31","-0,88",-20%,-34%,-20%,-20%,-12%
Salsa barbacoa EROSKI bote 320 g,25557208,2-ALIMENTACION,9-COCINA,3-SALSAS,9-SALSAS ESPECIALES,3-SALSAS BARBACOA,Salsa barbacoa EROSKI bote 320 g,EROSKI,25557208,BOTE,"0,32",320,1,KG,,,,"1,05",,"3,28",,,3,,"0,89","2,79",15%," 'distance': 4,176472187042236",186874,RIOBA salsa barbacoa biberón 300g',RIOBA,,BOTELLA,"0,30",KG,300,1,300,,,,"1,31","1,17",,"4,37","3,89",,11%,COMPRA MAS PAGA MENOS,"-1,10","-0,61",-18%,-39%,-33%,-33%,-17%
"Carcasas de pollo EROSKI bandeja al peso aprox, 950 g",22307268,1-FRESCOS,2-CARNICERIA,69-POLLO ENVASADO AVES,15-POLLO SUBPRODUCT ENVASADO AVES,5-POLLO CARCASAS Y GALLINA CALDO,"Carcasas de pollo EROSKI bandeja al peso aprox, 950 g",EROSKI,22307268,BANDEJA,"0,95",950,1,KG,,,,"1,33",,"1,40",,,"6,08",,"1,26","1,33",5%," 'distance': 3,9237170219421387",89430,'Pollo carcasas bandeja AI',MAKRO CHEF,,KILO,"1,20",KG,1200,1,1200,,,,"1,82",,,"1,52",,,,,"-0,19","-0,12",-8%,-14%,-8%,-8%,-10%
Aceite alto oleico EROSKI botella 1 litro,4196671,2-ALIMENTACION,9-COCINA,1-ACEITE,5-ACEITES GIRASOL,1-ACEITES GIRASOL 1L,Aceite alto oleico EROSKI botella 1 litro,EROSKI,4196671,BOTELLA,1,1000,1,L,,,,"1,99",,"1,99",,,"2,19",,"1,89","1,89",5%," 'distance': 0,8413453102111816",78094,METRO Chef aceite girasol alto oléico bidón 25l,METRO CHEF,,BIDON,25,L,25000,1,25000,,,,"53,96",,,"2,16",,,,,"-0,27","-0,17",-8%,-14%,-8%,-9%,-8%
"Cuchara de café Cuarzo, inox 18/10 JAY, 3 uds",7132467,4-BAZAR,20-MENAJE,1-SERVICIO DE MESA,7-CUBIERTOS,"1-DESPIECE DE CUBIERTOS EN INOX,","Cuchara de café Cuarzo, inox 18/10 JAY, 3 uds",JAY,7132467,INOX,3,3000,3,UDS,,,,"5,50",,"1,83",,,0,,,,," 'distance': 3,238318920135498",188466,Jay Cuchara café inoxidable iris 18/10 contiene 6 unidades',JAY,,SIN ENVASE,"0,14",UDS,144,6,864,,,,"10,83","9,21",,"1,81","1,53",,15%,COMPRA MAS PAGA MENOS,"0,30","0,30",16%,16%,2%,1%,-5%
"Patatas fritas SERVIHOSTEL, bolsa 1 kg",25462151,2-ALIMENTACION,8-SALADO,5-PATATAS FRITAS Y SNACKS,15-PATATAS FRITAS,15-PATATA SAL LISA,"Patatas fritas SERVIHOSTEL, bolsa 1 kg",SERVIHOSTEL,25462151,BOLSA,1,1000,1,KG,,,,"5,49",,"5,49",,,"0,91",,,,," 'distance': 0,614426136016846",208565,METRO Chef patatas fritas 1kg,METRO CHEF,,CAJA/CAJON,1,KG,1000,1,1000,,,,"5,93","5,10",,"5,93","5,10",,14%,COMPRA MAS PAGA MENOS,"0,39","0,39",7%,7%,-8%,-9%,-8%
"NESCAFE DESCAF,100 SOB,2GR C/6",5023361,2-ALIMENTACION,10-DULCE,8-CAFE,5-CAFE SOLUBLE,11-CAFE¿SOLUBLE¿DESCAFE SOBRES,"NESCAFE DESCAF,100 SOB,2GR C/6",NESCAFE,5023361,CAJA,100,100000,1,SOBRES,,,,"10,84",,"0,11",,,0,,"9,76","0,10",10%," 'distance': 2,931441307067871",174538,NESCAFÉ professional descafeinado sobre 2g contiene 100 unidades,NESCAFÉ,,ESTUCHE,"0,002",SOBRES,2,100,200,,,,"12,75",,,"0,13",,,,,"-0,03","-0,02",-18%,-31%,-18%,-16%,-11%
"CJ PAN DE MOLDE C/C E,BASIC 820",17946732,2-ALIMENTACION,10-DULCE,26-PAN DE MOLDE,6-PAN BLANCO,5-PAN BLANCO C/CORTEZA +700GR,"CJ PAN DE MOLDE C/C E,BASIC 820","E,BASIC",17946732,PAQUETE,"0,82",820,1,KG,,,,"1,18",,"1,44",,,"38,88",,"1,12","1,37",5%," 'distance': 0,881748735904694",9750,METRO Chef pan de molde especial sandwich 1kg,METRO CHEF,,BOLSA/BOLSON,1,KG,1000,1,1000,,,,"1,51",,,"1,64",,,,,"-0,27","-0,20",-14%,-20%,-14%,-14%,-12%
"ACEITE FR,SERVIHOSTEL SELECC,20L",16121238,2-ALIMENTACION,9-COCINA,1-ACEITE,7-ACEITES DE SEMILLAS,3-OTROS ACEITES DE SEMILLAS,"ACEITE FR,SERVIHOSTEL SELECC,20L",SERVIHOSTEL,16121238,LATA,20,20000,1,L,,,,"38,45",,"1,92",,,"0,03",,"36,53","1,83",5%," 'distance': 0,593848884105682",157289,makro Chef aceite especial frituras bidón 25l,METRO CHEF,,BIDON,25,L,25000,1,25000,,,,"49,49","45,53",,"1,98","1,82",,8%,COMPRA MAS PAGA MENOS,"0,01","0,10",5%,0%,-3%,1%,-5%
"Patatas fritas CASA VELLA, bolsa 150 g",17718859,2-ALIMENTACION,8-SALADO,5-PATATAS FRITAS Y SNACKS,15-PATATAS FRITAS,30-PATATA TRADICIONAL GOURMET,"Patatas fritas CASA VELLA, bolsa 150 g",A CASA VELLA,17718859,BOLSA,"0,15",150,1,KG,,,,"2,45",,"16,33",,,"1,42",,,,," 'distance': 0,8814671039581299",187760,'A Casa Vella patatas fritas 150g',A CASA VELLA,,BOLSA/BOLSON,"0,15",KG,150,1,150,,,,"2,98",,,"19,87",,,,,"-3,53","-3,53",-22%,-22%,-22%,-22%,-12%
"Vino Rosado D,O, Navarra PLENO, botella 75 cl",244327,2-ALIMENTACION,11-BEBIDAS,14-VINO D.O.,"7-VINOS D,O, ROSADOS","45-VINO ROSADO D,O, NAVARRA","Vino Rosado D,O, Navarra PLENO, botella 75 cl",PLENO,244327,BOTELLA,"0,75",750,1,L,España,,,"2,95",,"3,93",,,"1,07",,"2,51","3,34",15%," 'distance': 1,3627924919128418",131098,'Pleno vino rosado botella 75cl',PLENO,,BOTELLA,"0,75",L,750,1,750,,,,"2,84","2,44",,"3,79","3,26",,14%,COMPRA MAS PAGA MENOS,"0,08","0,67",17%,3%,4%,-2%,-6%
"Aceite de oliva virgen plancha y airfryer CARBONELL, spray 20 cl",15633126,2-ALIMENTACION,9-COCINA,1-ACEITE,3-ACEITE OLIVA VIRGEN,6-ESPECIALES PEQUEÑOS Y SPRAYS,"Aceite de oliva virgen plancha y airfryer CARBONELL, spray 20 cl",CARBONELL,15633126,SPRAY,"0,2",200,1,L,España,,,"2,80",,"14,00",,,"1,19",,"2,66","13,30",5%," 'distance': 2,7518019676208496",178259,'Carbonell aceite en spray para ensaladas y tostadas 200ml',CARBONELL,,AEROSOL/SPRAY,"0,20",L,200,1,200,,,,"2,65",,,"13,25",,,,,"0,05","0,75",5%,0%,5%,5%,-2%
"Prelavado sin manchas KH-7, recambio 780 ml",26139923,2-ALIMENTACION,12-DROGUERIA,74-COMPLEMENTOS DE LAVADO,20-QUITAMANCHAS,15-PRE LAVADO LIQUIDO,"Prelavado sin manchas KH-7, recambio 780 ml",KH-7,26139923,RECAMBIO,"0,78",780,1,L,,,,"4,39",,"5,63",,,"2,76",,,,," 'distance': 2,291682720184326",215402,'KH-7 quitamanchas sin manchas 780 ml',KH-7,,BOTELLA,"0,78",L,780,1,780,,,,"5,02","4,27",,"6,44","5,47",,15%,COMPRA MAS PAGA MENOS,"0,16","0,16",3%,3%,-14%,-14%,-8%
AGUACATE MADURO,18374611,1-FRESCOS,1-FRUTA Y HORTALIZA,1-FRUTA,65-AGUACATES,5-AGUACATES,AGUACATE MADURO,EROSKI,18374611,GRANEL,"0,43",430,1,KG,,,,"2,06",,"4,80",,,"26,92",,"1,85","4,32",10%," 'distance': 1,56313335895538",922974,METRO Chef Aguacate premadurado calibre 14/16 caja 4 kg,METRO CHEF,,CAJA/CAJON,4,KG,4000,1,4000,,,,"19,65","17,88",,"4,91","4,47",,9%,COMPRA MAS PAGA MENOS,"-0,15","0,33",7%,-3%,-2%,2%,-11%
"Cuchillo chuletero, inox 18/10 JAY, 1 ud",1964485,4-BAZAR,20-MENAJE,1-SERVICIO DE MESA,7-CUBIERTOS,"1-DESPIECE DE CUBIERTOS EN INOX,","Cuchillo chuletero, inox 18/10 JAY, 1 ud",JAY,1964485,INOX,1,1000,1,UDS,,,,"3,69",,"3,69",,,"0,88",,,,," 'distance': 3,6207427978515625",505947,'Jay cuchillo chuletero acero inoxidable 22,JAY,,UNIDAD,"0,09",UDS,90,3,270,,,,"11,56","9,83",,"3,85","3,28",,15%,COMPRA MAS PAGA MENOS,"0,41","0,41",11%,11%,-4%,-4%,-6%
TRASERO POLLO BAÑERA GRANEL WF,19357318,1-FRESCOS,2-CARNICERIA,75-VITRINA,66-POLLO VITRINA,20-POLLO VITRINA,TRASERO POLLO BAÑERA GRANEL WF,EROSKI,19357318,cuartos,"0,5",500,1,KG,,,,"1,45",,"2,90",,,,,,,," 'distance': 0,86974561214447",89185,Traseros de pollo bandeja precio kg,MAKRO,,pieza,"1,6",KG,1600,1,1600,,,,"3,41",,,"3,25",,,,,"-0,35","-0,35",-12%,-12%,-12%,-12%,-9%
"Chorizo extra picante LA GLORIA RIOJANA, sarta 230 g",25613399,1-FRESCOS,4-CHARCUTERIA,8-CARNICOS PIEZA,2-EMBUTIDOS PIEZA,30-CHORIZO SARTA EXTRA,"Chorizo extra picante LA GLORIA RIOJANA, sarta 230 g",LA GLORIA RIOJANA,25613399,SARTA,"0,23",230,1,KG,,,,"3,13",,"13,61",,,"3,69",,"2,97","12,93",5%," 'distance': 0,361697167158127",53048,La Gloria Riojana sarta artesana picante pieza 230g,LA GLORIA RIOJANA,,PIEZA,"0,23",KG,230,1,230,,,,"3,40",,,"14,78",,,,,"-1,85","-1,17",-9%,-14%,-9%,-9%,-7%
"Bebida vegetal de avena sin azúcar VEGETANEA, brik 1 litro",25035825,2-ALIMENTACION,5-LACTEOS,3-LECHE,6-PREPARADOS VEGETALES,3-BEBIDA DE AVENA,"Bebida vegetal de avena sin azúcar VEGETANEA, brik 1 litro",VEGETANEA,25035825,BRIK,1,1000,1,L,,,,"1,60","1,04","1,60","1,04",,"0,84",2nd unit-70%,"0,99","0,99",5%," 'distance': 0,85156786441803",209527,Veget√°nea bebida avena sin az√∫car añadido 1 L contiene 6 unidades,VEGET√ÅNEA,,UNIDAD,1,L,1000,6,6000,,,,"10,22",,,"1,70",,,,,"-0,72","-0,66",-64%,-72%,-6%,-6%,-6%
"Masa pizza tradizionale BUITONI, caja 330 g",26171892,1-FRESCOS,14-SOLUCIONES CULINARIAS,35-DISFRUTA COCINANDO,30-MASAS REFRIGERADAS,"1-MASAS REFRIG, PIZZAS","Masa pizza tradizionale BUITONI, caja 330 g",BUITONI,26171892,CAJA,"0,33",330,1,KG,Suiza,,,"2,95","1,96","8,94","5,95",,"0,53",3x2,,,," 'distance': 1,7954767942428589",219047,'Buitoni masa de pizza tradizionale 330 g',BUITONI,,ESTUCHE,"0,33",KG,330,1,330,,,,"3,14",,,"9,52",,,,,"-3,56","-3,56",-60%,-60%,-6%,-6%,-6%
"Masa de pizza finissima maxi BUITONI, caja 350 g",26171926,1-FRESCOS,14-SOLUCIONES CULINARIAS,35-DISFRUTA COCINANDO,30-MASAS REFRIGERADAS,"1-MASAS REFRIG, PIZZAS","Masa de pizza finissima maxi BUITONI, caja 350 g",BUITONI,26171926,CAJA,"0,35",350,1,KG,Suiza,,,"2,95","1,96","8,43","5,61",,"5,07",3x2,,,," 'distance': 1,3020247220993042",219048,'Buitoni masa de pizza finissima maxi 350 g',BUITONI,,ESTUCHE,"0,35",KG,350,1,350,,,,"3,14",,,"8,97",,,,,"-3,36","-3,36",-60%,-60%,-6%,-6%,-6%
"Vinagre balsámico de módena BORGES, botella 50 cl",9191412,2-ALIMENTACION,9-COCINA,2-VINAGRES Y ADEREZOS,15-VINAGRES ESPECIALES,10-VINAGRES BALSAMICOS,"Vinagre balsámico de módena BORGES, botella 50 cl",BORGES,9191412,BOTELLA,"0,5",500,1,L,,,,"4,5",,"9,00",,,"5,42",,"4,05","8,10",10%," 'distance': 3,211979389190674",35187,BORGES vinagre balsámico de módena botella 500 ml,BORGES,,BOTELLA,"0,5",L,500,1,500,,,,"4,13",,,"8,26",,,,,"-0,16","0,74",8%,-2%,8%,-4%,-5%
"Pimiento de cristal en tiras VIUDA DE CAYO, frasco 190 g",20119731,2-ALIMENTACION,8-SALADO,11-PIMIENTOS,7-PIMIENTO PIQUILLO,98-ESPECIALIDADES,"Pimiento de cristal en tiras VIUDA DE CAYO, frasco 190 g",VIUDA DE CAYO,20119731,FRASCO,"0,19",190,1,KG,,,,"4,75",,"25,00",,,"0,57",,,,," 'distance': 1,3790581226348877",179874,'Viuda De Cayo pimiento cristal en tiras 190g',VIUDA DE CAYO,,FRASCO,"0,19",KG,190,1,190,,,,"5,05",,,"26,58",,,,,"-1,58","-1,58",-6%,-6%,-6%,-6%,-6%
"Garbanzo selecto LUENGO, paquete 1 kg",5223,2-ALIMENTACION,9-COCINA,9-LEGUMBRES,3-GARBANZO SECO,1-GARBANZO MEJICANO,"Garbanzo selecto LUENGO, paquete 1 kg",LUENGO,5223,PAQUETE,1,1000,1,KG,,,,"4,15","2,99","4,15","2,99",,"4,2",28%,"2,54","2,54",15%," 'distance': 1,3053569793701172",37026,'Luengo garbanzo selecto 5kg',LUENGO,,PAQUETE,"5,00",KG,5000,1,5000,,,,"20,54",,,"4,11",,,,,"-1,57","-1,12",-37%,-62%,1%,1%,-4%
"Maíz dulce EROSKI BASIC, lata 285 g",870683,2-ALIMENTACION,8-SALADO,13-CONSERVAS VEGETALES,35-MAIZ,5-MAIZ DULCE UNITARIO,"Maíz dulce EROSKI BASIC, lata 285 g",EROSKI BASIC,870683,LATA,"0,285",285,1,KG,,,,"0,99",,"3,47",,,"4,38",,,,," 'distance': 0,5340544581413269",158157,METRO Chef maíz dulce lata 570gne (600 g),METRO CHEF,,LATA,"0,6",KG,600,1,600,,,,"2,30","1,98",,"3,67","3,16",,14%,COMPRA MAS PAGA MENOS,"0,32","0,32",9%,9%,-6%,-6%,-6%
"Pimiento verde, al peso, compra mínima 460 g / 2 u",3020,1-FRESCOS,1-FRUTA Y HORTALIZA,2-HORTALIZA,62-PIMIENTOS,5-PIMIENTOS VERDES,"Pimiento verde, al peso, compra mínima 460 g / 2 u",EROSKI,3020,KILO,"0,56",560,1,U,,,,"1,76",,"3,15",,,"1,69",,"1,50","2,67",15%," 'distance': 0,7416704297065735",207582,Pimiento lamuyo verde segunda caja 5 kg,MAKRO,,CAJA/CAJON,5,KG,5000,1,5000,,,,"10,08",,,"2,02",,,,,"0,66","1,13",36%,25%,36%,-6%,-6%
"Codillo de jamón ELPOZO, pieza 850 g",4047338,1-FRESCOS,4-CHARCUTERIA,8-CARNICOS PIEZA,1-CARNICOS BLANCO PIEZA,7-CODILLOS,"Codillo de jamón ELPOZO, pieza 850 g",ELPOZO,4047338,PIEZA,"0,85",850,1,KG,,,,"2,35",,"2,76",,,"1,53",,"2,23","2,63",5%," 'distance': 2,131302833557129",181453,Elpozo codillo de jamón cortado envasado al vacio 850g',ELPOZO,,RETRACTIL,"0,85",KG,850,1,850,,,,"2,48",,,"2,92",,,,,"-0,29","-0,15",-6%,-11%,-6%,-6%,-6%
Bonito en aceite de oliva EROSKI lata 111 g,280271,2-ALIMENTACION,8-SALADO,23-CONSERVAS DE PESCADO,7-BONITO,9-BONITO ACEITE,Bonito en aceite de oliva EROSKI lata 111 g,EROSKI,280271,LATA,"0,111",111,1,KG,España,,,"1,99",,"17,93",,,"4,03",,"1,79","16,14",10%," 'distance': 4,767453670501709",104009,'METRO Chef bonito del norte en aceite oliva lata 650 gne (900 g)',METRO CHEF,,LATA,"0,90",KG,900,1,900,,,,"20,12",,,"22,36",,,,,"-6,22","-4,43",-25%,-39%,-25%,-25%,-12%
Gaseosa EROSKI botella 50 cl,15565617,2-ALIMENTACION,11-BEBIDAS,10-BEBIDAS REFRESCANTES,13-C/G SODA GASEOSA,10-C/G SODA GASEOSA PEQUE,Gaseosa EROSKI botella 50 cl,EROSKI,15565617,BOTELLA,"0,5",500,1,L,,,,"0,32",,"0,64",,,"6,73",,"0,26","0,51",20%," 'distance': 5,055397033691406",150704,'RIOBA gaseosa botella 50cl contiene 12 unidades',RIOBA,,BOTE,"0,50",L,500,12,6000,,,,"4,05","3,65",,"0,68","0,61",,10%,COMPRA MAS PAGA MENOS,"-0,10","0,03",5%,-19%,-5%,-5%,-5%
"Cerveza americana BUDWEISER, lata 33 cl",465740,2-ALIMENTACION,11-BEBIDAS,8-CERVEZAS,1-CERVEZAS LAGER,3-CERVEZAS LAGER ESPECIALES,"Cerveza americana BUDWEISER, lata 33 cl",BUDWEISER,465740,LATA,"0,33",330,1,L,Reino Unido,,,"0,94",,"2,85",,,"12,15",,"0,71","2,14",25%," 'distance': 2,8822977542877197",79898,'BUDWEISER cerveza americana 33cl contiene 24 latas',BUDWEISER,,LATA,"0,33",L,330,24,7920,,,,"20,19",,,"2,55",,,,,"-0,41","0,30",11%,-19%,11%,-5%,-6%
"Vino Blanco VIÑA COSTEIRA, botella 75 cl",423541,2-ALIMENTACION,11-BEBIDAS,14-VINO D.O.,5-VINOS D.O.BLANCOS,65-VINO¿BLANCO¿OTRAS D.O.GALLEGAS,"Vino Blanco VIÑA COSTEIRA, botella 75 cl",VIÑA COSTEIRA,423541,BOTELLA,"0,75",750,1,L,,,,"7,99",,"10,65",,,"0,19",,"6,79","9,06",15%," 'distance': 0,172713905572891",316810,Viña Costeira vino blanco Rias Baixas botella 75cl,VIñA COSTEIRA,,BOTELLA,"0,75",L,750,1,750,,,,"7,32","6,30",,"9,76","8,39",,14%,COMPRA MAS PAGA MENOS,"0,66","2,26",21%,7%,8%,8%,-1%
"Aceitunas receta tradicional JOLCA, frasco 720 g",25879040,2-ALIMENTACION,8-SALADO,1-ACEITUNAS Y ENCURTIDOS,7-ACEITUNAS ESPECIALIDADES,2-ACEITUNAS ESPECIALIDADES RESTO,"Aceitunas receta tradicional JOLCA, frasco 720 g",JOLCA,25879040,FRASCO,"0,72",720,1,KG,España,,,"4,3",,"5,97",,,"0,3",,"3,23","4,48",25%," 'distance': 0,9520436525344849",216175,Jolca aceituna aliñada partida tradicional frasco 400 gne (720 g)',JOLCA,,FRASCO,"0,72",KG,720,1,720,,,,"4,35",,,"6,04",,,,,"-1,56","-0,07",-1%,-35%,-1%,-19%,-11%
"Tomate triturado EROSKI BASIC, lata 400 g",307892,2-ALIMENTACION,8-SALADO,10-TOMATE,1-TOMATE NATURAL,10-TOMATE TRITURADO HASTA 500G,"Tomate triturado EROSKI BASIC, lata 400 g",EROSKI BASIC,307892,LATA,"0,4",400,1,KG,,,,"0,65",,"1,63",,,"53,15",,"0,55","1,38",15%," 'distance': 0,253332376480102",218527,METRO Chef tomate triturado lata 2500 gne,METRO CHEF,,UNIDAD,"2,5",KG,2500,1,2500,,,,"4,28",,,"1,71",,,,,"-0,33","-0,09",-5%,-24%,-5%,-5%,-5%
"Crema de cacao original NOCILLA, bote 850 g",24824716,2-ALIMENTACION,10-DULCE,12-CREMAS DE UNTAR,4-CREMAS CACAO,5-CREMAS CACAO CHOCO MAS 400 GR,"Crema de cacao original NOCILLA, bote 850 g",NOCILLA,24824716,BOTE,"0,85",850,1,KG,,,,"7,49","5,62","8,81","6,61",,"0,84",4x3,,,," 'distance': 0,983972072601318",174172,Nocilla original 1 sabor lata 3kg,NOCILLA,,BLISTER,3,KG,3000,1,3000,,,,"26,13",,,"8,71",,,,,"-2,10","-2,10",-32%,-32%,1%,-16%,-9%
"Chocolate a la taza VALOR, tableta 300 g",344333,2-ALIMENTACION,10-DULCE,14-CHOCOLATES,11-CHOCOLATE¿TAZA¿Y¿POSTRES,6-CHOCOLATE¿TAZA,"Chocolate a la taza VALOR, tableta 300 g",VALOR,344333,TABLETA,"0,3",300,1,KG,,,,"4,50",,"15,00",,,"8,76",,,,," 'distance': 1,6815489530563354",184568,'Chocolates Valor a la taza 300g',CHOCOLATES VALOR,,UNIDAD,"0,30",KG,300,1,300,,,,"4,72",,,"15,73",,,,,"-0,73","-0,73",-5%,-5%,-5%,-5%,-5%
"Fideo Cabellín EROSKI basic, paquete 1 kg",349167,2-ALIMENTACION,9-COCINA,13-PASTAS,3-PASTA CLÁSICA,8-PASTA SOPA FIDEO,"Fideo Cabellín EROSKI basic, paquete 1 kg","E,BASIC",349167,PAQUETE,1,1000,1,KG,España,,,"1,49",,"1,49",,,"2,92",,"1,27","1,27",15%," 'distance': 4,798260688781738",212774,'aro fideo cabellin paquete 5kg',ARO,,PAQUETE,"5,00",KG,5000,1,5000,,,,"6,77",,,"1,35",,,,,"-0,09","0,14",9%,-7%,9%,9%,4%
"Txakoli D,O, Getaria AMEZTOI, botella 75 cl",9527730,2-ALIMENTACION,11-BEBIDAS,14-VINO D.O.,"5-VINOS D,O,BLANCOS","73-VINO BLANCO D,O, TXAKOLI","Txakoli D,O, Getaria AMEZTOI, botella 75 cl",AMEZTOI,9527730,BOTELLA,"0,75",750,1,L,España,,,"8,2",,"10,93",,,"0,57",,"6,97","9,29",15%," 'distance': 1,9716956615447998",33278,'Ameztoi Txa vino blanco txacoli botella 75cl',AMEZTOI TXA,,BOTELLA,"0,75",L,750,1,750,,,,"9,01",,,"12,01",,,,,"-2,72","-1,08",-10%,-29%,-10%,-16%,-9%
"Batido de cacao PULEVA, pack 9x200 ml",25616921,2-ALIMENTACION,5-LACTEOS,16-BATIDOS Y LACTOZUMOS.NO REFRIG,1-BATIDOS,1-BATIDO CACAO INDIVIDUAL,"Batido de cacao PULEVA, pack 9x200 ml",PULEVA,25616921,PACK,"1,8",1800,1,L,,,,"3,99",,"2,22",,,"1,57",,,,," 'distance': 2,46456241607666",60589,'PULEVA batido de cacao 200 ml contiene 30 unidades',PULEVA,,CAJA/CAJON,"0,20",L,200,30,6000,,,,"13,19",,,"2,20",,,,,"0,02","0,02",1%,1%,1%,0%,-2%
Masa de hojaldre EROSKI paquete 275 g,24257826,1-FRESCOS,14-SOLUCIONES CULINARIAS,35-DISFRUTA COCINANDO,30-MASAS REFRIGERADAS,2-MASAS REFRIG.HOJALDRES,Masa de hojaldre EROSKI paquete 275 g,EROSKI,24257826,PAQUETE,"0,275",275,1,KG,,,,"1,75",,"6,36",,,"8,69",,,,," 'distance': 0,468216389417648",145729,METRO Chef masa hojaldre 230g,METRO CHEF,,ESTUCHE,"0,23",KG,230,1,230,,,,"1,53","1,32",,"6,65","5,72",,14%,COMPRA MAS PAGA MENOS,"0,64","0,64",10%,10%,-5%,-5%,-5%
"Desengrasante KH-7, recambio 780 ml",24878431,2-ALIMENTACION,12-DROGUERIA,50-LIMPIADORES,3-COCINA,3-QUITAGRASAS GENERAL,"Desengrasante KH-7, recambio 780 ml",KH-7,24878431,RECAMBIO,"0,78",780,1,L,,,,"3,19",,"4,09",,,"6,26",,"3,03","3,89",5%," 'distance': 1,1039987802505493",206263,'KH-7 Desengrasante recambio 780 ml',KH-7,,BOTELLA,"0,78",L,780,1,780,,,,"3,23",,,"4,27",,,,,"-0,38","-0,18",-4%,-10%,-4%,-4%,-3%
"Mayonesa YBARRA, frasco 450 ml",228056,2-ALIMENTACION,9-COCINA,3-SALSAS,"3-MAYONESAS, S.FINAS Y S.LIGERAS",3-MAYO.S.FINAS FCO MAS 300 ML,"Mayonesa YBARRA, frasco 450 ml",YBARRA,228056,FRASCO,"0,45",450,1,L,,,,"2,35",,"5,22",,,"3,46",,"2,00","4,44",15%," 'distance': 0,3665820360183716",956449,"Ybarra mayonesa cubo 1,8l",YBARRA,,CUBO,"1,8",L,1800,1,1800,,,,"11,17",,,"6,21",,,,,"-1,77","-0,98",-19%,-40%,-19%,-4%,-4%
"Coctel Frutas deshidratadas, bolsa 200 g",23245939,1-FRESCOS,1-FRUTA Y HORTALIZA,25-GRANELES,10-FRUTOS SECOS GRANEL,25-OTROS FRUTOS SECOS,"Coctel Frutas deshidratadas, bolsa 200 g",EROSKI,23245939,BOLSA,"0,2",200,1,KG,,,,"2,99",,"14,95",,,"0,3",,,,," 'distance': 0,76841926574707",214962,METRO Chef Mix frutas deshidratadas tarrina 500 gramos,METRO CHEF,,BOLSA/BOLSON,"0,5",KG,500,1,500,,,,"9,85",,,"19,70",,,,,"-4,75","-4,75",-32%,-32%,-32%,-4%,-4%
"Bolas antipolillas ORION, bolsa 20 uds",13073903,2-ALIMENTACION,12-DROGUERIA,55-INSECTICIDAS,5-ANTIPOLILLAS,11-ANTIPOLILLAS NO COLGAR,"Bolas antipolillas ORION, bolsa 20 uds",ORION,13073903,BOLSA,20,20000,20,UDS,,,,"3,19",,"0,16",,,"0,3",,,,," 'distance': 2,1797666549682617",71377,'Orion Bolsas antipolillas regular',ORION,,BOLSA/BOLSON,"0,03",UDS,25,20,500,,,,"3,33",,,"0,17",,,,,"-0,01","-0,01",-4%,-4%,-4%,-4%,-4%
Chorizo extra dulce EROSKI sarta 250 g,4093837,1-FRESCOS,4-CHARCUTERIA,8-CARNICOS PIEZA,2-EMBUTIDOS PIEZA,30-CHORIZO SARTA EXTRA,Chorizo extra dulce EROSKI sarta 250 g,EROSKI,4093837,SARTA,"0,25",250,1,KG,,,,"2,45",,"9,80",,,"30,42",,"2,33","9,31",5%," 'distance': 4,956973075866699",205245,'makro Chef chorizo sarta extra 280g',MAKRO CHEF,,PAQUETE,"0,28",KG,280,1,280,,,,"3,03",,,"10,82",,,,,"-1,51","-1,02",-10%,-16%,-10%,-10%,-7%
" CINT,LOMO ADOBADO TR,VACIO XXL EROSKI",8479180,1-FRESCOS,2-CARNICERIA,62-PORCINO ENVASADO,1-PORCINO BLANCO ENVASADO,15-LOMO ADOBADO ENVASADO," CINT,LOMO ADOBADO TR,VACIO XXL EROSKI",EROSKI,8479180,BANDEJA,"0,8",800,1,KG,,,,"5,30",,"6,63",,,"4,19",,"5,04","6,29",5%," 'distance': 0,98893415927887",148587,Cinta de lomo adobada extratierna pieza precio kg,METRO CHEF,,PIEZA,1,KG,1000,1,1000,,,,"7,10",,,"6,88",,,,,"-0,59","-0,26",-4%,-9%,-4%,-4%,-4%
"Vino Tinto Crianza Rioja RAMÓN BILBAO, botella 75 cl",319335,2-ALIMENTACION,11-BEBIDAS,14-VINO D.O.,"9-VINOS D,O, TINTOS","53-VINO TINTO D,O, RIOJA CRIANZA","Vino Tinto Crianza Rioja RAMÓN BILBAO, botella 75 cl",RAMON BILBAO,319335,BOTELLA,"0,75",750,1,L,,,,"10,15",,"13,53",,,"2,65",,"8,63","11,50",15%," 'distance': 0,5758806467056274",61639,Ramón Bilbao vino tinto crianza botella 37,RAMÓN BILBAO,,BOTELLA,"0,38",L,375,1,375,,,,"5,43","4,62",,"14,48","12,31",,15%,COMPRA MAS PAGA MENOS,"-0,80","1,23",9%,-7%,-7%,-11%,-7%
"Cerveza especial ESTRELLA GALICIA, pack botellín 6x25 cl",1850163,2-ALIMENTACION,11-BEBIDAS,8-CERVEZAS,1-CERVEZAS LAGER,1-CERVEZAS LAGER BOTELLA,"Cerveza especial ESTRELLA GALICIA, pack botellín 6x25 cl",ESTRELLA GALICIA,1850163,PACK,"1,5",1500,6,L,España,,,"4,09",,"2,73",,,"6,07",,"3,07","2,05",25%," 'distance': 2,6142444610595703",95248,'Estrella Galicia cerveza 33cl contiene 24 botellas',ESTRELLA GALICIA,,BOTELLA,"0,33",L,330,24,7920,,,,"20,99",,,"2,65",,,,,"-0,61","0,08",3%,-30%,3%,2%,-1%
"Fritada pisto HIDA, lata 400 g",951389,2-ALIMENTACION,8-SALADO,10-TOMATE,9-TOMATE FRITO,25-FRITADAS Y PISTOS,"Fritada pisto HIDA, lata 400 g",HIDA,951389,LATA,"0,4",400,1,KG,,,,"2,49",,"6,23",,,"0,8",,"2,12","5,29",15%," 'distance': 3,211979389190674",5956,Hida pisto/fritada lata 400 g contiene 3 unidades,HIDA,,LATA,"0,4",KG,400,3,1200,,,,"6,70",,,"5,58",,,,,"-0,29","0,64",10%,-6%,10%,10%,1%
"Crema de cacao 1 sabor NOCILLA, bote 750 g",14844716,2-ALIMENTACION,10-DULCE,12-CREMAS DE UNTAR,4-CREMAS CACAO,5-CREMAS CACAO CHOCO MAS 400 GR,"Crema de cacao 1 sabor NOCILLA, bote 750 g",NOCILLA,14844716,BOTE,"0,75",750,1,KG,,,,"6,79",,"9,05",,,"2,73",,,,," 'distance': 3,504218339920044",192057,Nocilla original 620g,NOCILLA,,TARRINA,"0,62",KG,620,1,620,,,,"5,82",,,"9,39",,,,,"-0,33","-0,33",-4%,-4%,-4%,-4%,-3%
"Crema de cacao 2 sabores NOCILLA, bote 750 g",15143787,2-ALIMENTACION,10-DULCE,12-CREMAS DE UNTAR,4-CREMAS CACAO,5-CREMAS CACAO CHOCO MAS 400 GR,"Crema de cacao 2 sabores NOCILLA, bote 750 g",NOCILLA,15143787,BOTE,"0,75",750,1,KG,,,,"6,79",,"9,05",,,"2,61",,,,," 'distance': 3,504218339920044",192058,Nocilla 2 sabores 620g,NOCILLA,,TARRINA,"0,62",KG,620,1,620,,,,"5,82",,,"9,39",,,,,"-0,33","-0,33",-4%,-4%,-4%,-4%,-3%
Detergente en polvo eficacia EROSKI maleta 65 dosis,25879248,2-ALIMENTACION,12-DROGUERIA,41-DETERGENCIA ROPA,1-DETERGENTE MAQUINA POLVO,11-DETERGENTE¿POLVO¿HASTA 40,Detergente en polvo eficacia EROSKI maleta 65 dosis,EROSKI,25879248,MALETA,65,65000,65,DOSIS,,,,"9,01",,"0,14",,,"0,23",,,,," 'distance': 4,628342628479004",156515,'aro Detergente maleta 100 lavados 8Kg',ARO,,MALETA,"8,30",DOSIS,8300,100,830000,,,,"15,55",,,"0,16",,,,,"-0,02","-0,02",-12%,-12%,-12%,-11%,-6%
"Café molido natural BAQUÉ Gran Sabor, paquete 250 g",1175249,2-ALIMENTACION,10-DULCE,8-CAFE,3-CAFE MOLIDO,1-CAFE MOLIDO NATURAL,"Café molido natural BAQUÉ Gran Sabor, paquete 250 g",BAQUE,1175249,PAQUETE,"0,25",250,1,KG,España,,,"4,69",,"18,76",,,"1,11",,"4,22","16,88",10%," 'distance': 2,070530891418457",97137,Baqué café molido gran sabor 250g contiene 4 unidades',BAQUÉ,,RETRACTIL,"0,25",KG,250,4,1000,,,,"19,46",,,"15,28",,,,,"1,60","3,48",19%,10%,19%,19%,4%
"Mostaza de miel MAILLE, frasco 230 g",16198061,2-ALIMENTACION,9-COCINA,3-SALSAS,7-MOSTAZA,98-MOSTAZAS OTRAS FCO,"Mostaza de miel MAILLE, frasco 230 g",MAILLE,16198061,FRASCO,"0,23",230,1,KG,,,,"3,95",,"17,17",,,"0,76",,"3,36","14,60",15%," 'distance': 0,0697677135467529",126262,MAILLE mostaza a la miel tarro 230 g,MAILLE,,TARRO,"0,2",L,200,1,200,,,,"4,02",,,"17,95",,,,,"-3,35","-0,78",-5%,-23%,-5%,-5%,-4%
"Cereales Variety KELLOGG'S, 8 unid,, caja 215 g",21603626,2-ALIMENTACION,10-DULCE,22-CEREALES DE DESAYUNO,1-BARRITAS Y SNACKS,13-OTROS FORMATOS SNACKS,"Cereales Variety KELLOGG'S, 8 unid,, caja 215 g",KELLOGGS,21603626,CAJA,"0,215",215,1,KG,Reino Unido,,,"4,85",,"22,56",,,"0,21",,,,," 'distance': 1,7823476791381836",164422,"""Kellogg's cereales variety caja 204g contiene 8ud""",KELLOGG'S,,CAJA/CAJON,"0,20",KG,204,1,204,,,,"4,61",,,"22,60",,,,,"-0,04","-0,04",0%,0%,0%,0%,-2%
"Aperitivo anisado RICARD, botella 1 litro",317594,2-ALIMENTACION,11-BEBIDAS,18-BEBIDAS DE ALTA GRADUACION,25-VERMOUTH,10-VERMOUTH APERITIVOS (AMARGOS),"Aperitivo anisado RICARD, botella 1 litro",RICARD,317594,BOTELLA,1,1000,1,L,,,,"17,95",,"17,95",,,"0,07",,"15,26","15,26",15%," 'distance': 0,6164910197258",63479,RICARD licor botella 1 L,RICARD,,BOTELLA,1,L,1000,1,1000,,,,"18,74",,,"18,74",,,,,"-3,48","-0,79",-4%,-23%,-4%,-15%,-7%
"Solomillo de cerdo al vacío, sobre aprox, 500 g",2946119,1-FRESCOS,2-CARNICERIA,62-PORCINO ENVASADO,1-PORCINO BLANCO ENVASADO,3-SOLOMILLO BLANCO ENVASADO,"Solomillo de cerdo al vacío, sobre aprox, 500 g",EROSKI,2946119,SOBRE,"0,5",500,1,KG,,,,"4,65",,"9,30",,,"9,6",,"4,42","8,84",5%," 'distance': 3,3621983528137207",183527,Solomillo de cerdo al vacío precio kg',MAKRO CHEF,,KILO,"2,30",KG,2300,1,2300,,,,"18,86",,,"8,2",,,,,"0,64","1,10",12%,7%,12%,-3%,-2%
Tortellini rellenos de jamón EROSKI paquete 250 g,26193391,2-ALIMENTACION,9-COCINA,13-PASTAS,7-PASTAS RELLENAS Y OTRAS,1-TORTELLINIS,Tortellini rellenos de jamón EROSKI paquete 250 g,EROSKI,26193391,PAQUETE,"0,25",250,1,KG,,,,"1,41",,"5,64",,,"1,03",,"1,20","4,79",15%," 'distance': 0,538736820220947",214091,aro tortelloni jamon bandeja 1kg,ARO,,BANDEJA,1,KG,1000,1,1000,,,,"5,82","4,95",,"5,82","4,95",,15%,COMPRA MAS PAGA MENOS,"-0,15","0,69",12%,-3%,-3%,-3%,-3%
MAYONESA SERVIHOSTEL 14ML 200BL,14333926,2-ALIMENTACION,9-COCINA,3-SALSAS,"3-MAYONESAS, S,FINAS Y S,LIGERAS","3-MAYO,S,FINAS FCO MAS 300 ML",MAYONESA SERVIHOSTEL 14ML 200BL,SERVIHOSTEL,14333926,CAJA,14,2800,1,KG,,,,"13,52",,"4,83",,,,,"11,49","4,10",15%," 'distance': 0,489169090986252",151207,RIOBA mayonesa sobre 14ml contiene 200 unidades,RIOBA,,Sobre,"0,014",L,14,200,2800,,,,"14,58","12,39",,"5,21","4,43",,15%,COMPRA MAS PAGA MENOS,"-0,32","0,40",8%,-8%,-8%,-11%,-6%
Mix de golosinas pica EROSKI bolsa 200 g,26171769,2-ALIMENTACION,8-SALADO,9-CHICLES Y CARAMELOS,1-CARAMELO,38-GOMA PICA,Mix de golosinas pica EROSKI bolsa 200 g,EROSKI,26171769,BOLSA,"0,2",200,1,KG,,,,"1,07",,"5,35",,,"3,5",,,,," 'distance': 5,016365051269531",215599,'RIOBA Gomas mix pica bolsa 1 kg',RIOBA,,BOLSA/BOLSON,"1,00",KG,1000,1,1000,,,,"5,67","4,88",,"5,67","4,88",,14%,COMPRA MAS PAGA MENOS,"0,47","0,47",9%,9%,-6%,-6%,-4%
Mix de golosinas con brillo EROSKI bolsa 200 g,25970070,2-ALIMENTACION,8-SALADO,9-CHICLES Y CARAMELOS,1-CARAMELO,35-GOMA BRILLO,Mix de golosinas con brillo EROSKI bolsa 200 g,EROSKI,25970070,BOLSA,"0,2",200,1,KG,,,,"1,07",,"5,35",,,"2,76",,,,," 'distance': 0,373648583889008",215600,RIOBA Gomas mix brillo bolsa 1 kg,RIOBA,,BOLSA/BOLSON,1,KG,1000,1,1000,,,,"5,67","4,88",,"5,67","4,88",,14%,COMPRA MAS PAGA MENOS,"0,47","0,47",9%,9%,-6%,-6%,-4%
"Filete de aguja de cerdo, al corte, compra minima 500 g",10473825,1-FRESCOS,2-CARNICERIA,75-VITRINA,12-PORCINO BLANCO VITRINA,5-LOMO BLANCO VITRINA,"Filete de aguja de cerdo, al corte, compra minima 500 g",EROSKI,10473825,GRANEL,"0,5",500,1,KG,,,,"3,98",,"7,96",,,,,,,," 'distance': 0,874156713485718",183485,Aguja fileteada de cerdo bandeja precio kg,MAKRO,,KILO,"1,8",KG,1800,1,1800,,,,"8,20",,,"8,20",,,,,"-0,24","-0,24",-3%,-3%,-3%,-3%,-3%
"Caldo para paella de pescado-marisco ANETO, brik 1 litro",10998623,2-ALIMENTACION,9-COCINA,15-SOPAS PURES Y CALDOS,6-CALDOS¿LÍQUIDOS,15-CALDO LIQUIDO ARROZ Y FIDEUA,"Caldo para paella de pescado-marisco ANETO, brik 1 litro",ANETO,10998623,BRIK,1,1000,1,L,,,,"5,25",,"5,25",,,"0,26",,,,," 'distance': 3,284040689468384",75714,'Aneto caldo natural paella carne 1L',ANETO,,BRIK,"1,00",L,1000,1,1000,,,,"6,04",,,"5,82",,,,,"-0,57","-0,57",-11%,-11%,-11%,4%,-1%
"Bonito del norte en aceite de oliva ORTIZ, frasco 400 g",15596513,2-ALIMENTACION,8-SALADO,23-CONSERVAS DE PESCADO,7-BONITO,9-BONITO ACEITE,"Bonito del norte en aceite de oliva ORTIZ, frasco 400 g",ORTIZ,15596513,FRASCO,"0,4",400,1,KG,,,,"11,4",,"28,50",,,"0,76",,"10,26","25,65",10%," 'distance': 0,146524339914322",498394,Conservas Ortiz bonito del norte aceite oliva frasco 280 gne (400 g),CONSERVAS ORTIZ,,TARRO,"0,4",KG,400,1,400,,,,"10,66","9,17",,"26,65","22,92",,14%,COMPRA MAS PAGA MENOS,"2,73","5,58",20%,11%,6%,-3%,-3%
"Bayeta posavajillas EROSKI pack 1 unid,",15135668,2-ALIMENTACION,12-DROGUERIA,59-UTILES DE LIMPIEZA,7-BAYETAS,11-BAYETA¿POSAVAJILLAS,"Bayeta posavajillas EROSKI pack 1 unid,",EROSKI,15135668,PACK,1,1000,1,UDS,,,,"1,35",,"1,35",,,"2,3",,,,," 'distance': 7,976506233215332",215871,'METRO PROFESSIONAL rollo bayeta escurre vajillas 8 m 46 cm',METRO PROFESSIONAL,,UNIDAD,"0,88",UDS,884,8,7072,,,,"11,12",,,"1,39",,,,,"-0,04","-0,04",-3%,-3%,-3%,-3%,-3%
"Actimel para beber sabor fresa DANONE, pack 14x100 ml",8932253,2-ALIMENTACION,5-LACTEOS,4-YOGURES Y POSTRES,11-YOGURES FUNCIONALES,82-PROBIOTICO DE SABORES,"Actimel para beber sabor fresa DANONE, pack 14x100 ml",ACTIMEL,8932253,PACK,"1,4",1400,14,L,España,,,"6,79",,"4,85",,,3,,,,," 'distance': 2,497344732284546",31959,'Actimel fresa 100 ml contiene 6 unidades',ACTIMEL,,PACK,"0,10",L,100,6,600,,,,"3,03",,,"5,05",,,,,"-0,20","-0,20",-4%,-4%,-4%,-18%,-11%
"Bonito del norte trozos en aceite girasol COSTA VASCA, lata 1 kg",24583999,2-ALIMENTACION,8-SALADO,23-CONSERVAS DE PESCADO,7-BONITO,9-BONITO ACEITE,"Bonito del norte trozos en aceite girasol COSTA VASCA, lata 1 kg",COSTA VASCA,24583999,LATA,1,1000,1,KG,,,,"15,55",,"15,55",,,"0,28",,"14,00","14,00",10%," 'distance': 0,481037139892578",82973,Conservas Ortiz lomos bonito deshojados en aceite girasol lata 1025 gne (1800 g),CONSERVAS ORTIZ,,LATA,"1,8",KG,1800,1,1800,,,,"28,77","24,74",,"15,98","13,75",,14%,COMPRA MAS PAGA MENOS,"0,25","1,80",12%,2%,-3%,-3%,-3%
Salmón ahumado EROSKI sobre 100 g,18860205,1-FRESCOS,7-PESCADERIA,12-ESPECIALIDADES,25-AHUMADOS,5-SALMON LONCHAS,Salmón ahumado EROSKI sobre 100 g,EROSKI,18860205,SOBRE,"0,1",100,1,KG,,,,"4,49",,"44,90",,,"6,5",,"3,37","33,68",25%," 'distance': 4,97319221496582",189520,METRO Chef salmón ahumado escocés 100g',METRO CHEF,,UNIDAD,"0,10",KG,100,1,100,,,,"4,61",,,"46,10",,,,,"-12,43","-1,20",-3%,-37%,-3%,-3%,-3%
"Surtido de paté superior MARTIKO, pack 4x75 g",18293563,1-FRESCOS,4-CHARCUTERIA,11-PATES PORCION,7-TABLAS PATES,5-TABLAS PATES PATO/OCA,"Surtido de paté superior MARTIKO, pack 4x75 g",MARTIKO,18293563,PACK,"0,3",300,1,KG,,,,"6,95",,"23,17",,,"0,5",,"6,26","20,85",10%," 'distance': 3,211979389190674",62629,Martiko surtido patés 75 g contiene 4 unidades (total 300 g),MARTIKO,,ESTUCHE,"0,3",KG,300,1,300,,,,"7,21",,,"27,33",,,,,"-6,48","-4,16",-18%,-31%,-18%,-18%,-8%
"LAVAVAJILLAS MAQ,6K C/1              ",9193095,2-ALIMENTACION,12-DROGUERIA,57-LAVAVAJILLAS,3-LAVAVAJILLAS MAQUINA,1-MAQUINA POLVO,"LAVAVAJILLAS MAQ,6K C/1              ",SERVIHOSTEL,9193095,GARRAFA,6,6000,1,L,,,,"10,51",,"1,75",,,0,,"7,88","1,31",25%," 'distance': 2,931441307067871",218711,METRO PROFESSIONAL lavavajillas máquina bidón 5 L,METRO PROFESSIONAL,,BIDON,5,L,5000,1,5000,,,,"8,77",,,"1,75",,,,,"-0,44","0,00",0%,-34%,0%,10%,2%
Chorizo criollo EROSKI bandeja aprox. 480 g,633404,1-FRESCOS,2-CARNICERIA,65-ELABORADOS ENVASADO,5-ELABORADOS CHORIZOS ENVASADO,1-CHORIZO FRESCO ENVASADO,Chorizo criollo EROSKI bandeja aprox. 480 g,EROSKI,633404,BANDEJA,"0,48",480,1,KG,,,,"4,01",,"8,35",,,"1,83",,"3,61","7,52",10%," 'distance': 0,690212666988373",108522,Chorizo criollo al vacio precio Kg,MAKRO,,KILO,1,KG,1000,1,1000,,,,"8,20",,,"8,20",,,,,"-0,68","0,15",2%,-9%,2%,-2%,-2%
"Whisky DYC, botella 1,5 litros",8420002,2-ALIMENTACION,11-BEBIDAS,18-BEBIDAS DE ALTA GRADUACION,13-WHISKY,3-WHISKY¿STANDARD,"Whisky DYC, botella 1,5 litros",DYC,8420002,BOTELLA,"1,5",1500,1,L,España,,,"22,95",,"15,30",,,0,,"19,51","13,01",15%," 'distance': 3,0060133934020996",65171,'DYC 5 whisky botella 1,DYC,,BOTELLA,"1,50",L,1500,1,1500,,,,"19,18",,,"12,79",,,,,"0,22","2,51",16%,2%,16%,16%,4%
"Caramelo líquido ROYAL, frasco 400 g",356105,2-ALIMENTACION,9-COCINA,21-REPOSTERIA,7-INGREDIENTES Y AYUDAS,3-CARAMELOS Y SIROPES,"Caramelo líquido ROYAL, frasco 400 g",ROYAL,356105,FRASCO,"0,4",400,1,KG,,,,"2,99",,"7,48",,,"1,42",,,,," 'distance': 2,9176669120788574",160227,Royal caramelo líquido 400g',ROYAL,,TARRINA,"0,40",KG,400,1,400,,,,"3,07",,,"7,68",,,,,"-0,20","-0,20",-3%,-3%,-3%,-3%,-3%
"Tónica Hibiscus SCHWEPPES, botellín 20 cl",19989169,2-ALIMENTACION,11-BEBIDAS,10-BEBIDAS REFRESCANTES,9-C/G TONICA,10-C/G TONICA REG PEQUE,"Tónica Hibiscus SCHWEPPES, botellín 20 cl",SCHWEPPES,19989169,BOTELLÍN,"0,2",200,1,L,,,,"1,83",,"9,15",,,"0,76",,"1,46","7,32",20%," 'distance': 1,2617194652557373",156149,Schweppes tónica hibiscus botella 20cl contiene 4 unidades',SCHWEPPES,,BOTELLA,"0,20",L,200,4,800,,,,"7,37","6,71",,"9,21","8,38",,9%,COMPRA MAS PAGA MENOS,"-1,06","0,77",8%,-15%,-1%,-1%,-2%
"Mango en dados LA CUERVA, bolsa 300 g",20033957,2-ALIMENTACION,3-CONGELADOS,3-HELADO,35-FRUTA,1-FRUTA,"Mango en dados LA CUERVA, bolsa 300 g",LA CUERVA,20033957,BOLSA,"0,3",300,1,KG,,,,"2,40",,"8,00",,,"1,77",,,,," 'distance': 1,2837048768997192",153437,'La Cuerva mango en dados 1Kg',LA CUERVA,,BOLSA/BOLSON,"1,00",KG,1000,1,1000,,,,"7,12",,,"7,12",,,,,"0,88","0,88",11%,11%,11%,11%,3%
"Crema de coco y mango HABELAS HAILAS, botella 77 cl",16854085,2-ALIMENTACION,11-BEBIDAS,18-BEBIDAS DE ALTA GRADUACION,28-CREMAS,5-CREMAS BASE ORUJO,"Crema de coco y mango HABELAS HAILAS, botella 77 cl",HABELAS HAILAS,16854085,BOTELLA,"0,77",770,1,L,,,,"8,69",,"11,29",,,"0,23",,"7,39","9,59",15%," 'distance': 1,6875007152557373",182734,'Habelas Hailas chupicornio mango y coco botella 70cl',HABELAS HAILAS,,BOTELLA,"0,70",L,700,1,700,,,,"8,53",,,"12,19",,,,,"-2,59","-0,90",-8%,-27%,-8%,-2%,-2%
"Bebida sin alcohol 0,0 BEEFEATER, botella 70 cl",26154831,2-ALIMENTACION,11-BEBIDAS,18-BEBIDAS DE ALTA GRADUACION,3-GINEBRA,3-GINEBRA ESTANDAR,"Bebida sin alcohol 0,0 BEEFEATER, botella 70 cl",BEEFEATER,26154831,BOTELLA,"0,7",700,1,L,,,,"15,65","14,40","22,36","20,57",,"0,19",8%,"12,24","17,48",15%," 'distance': 3,5740575790405273",215723,'BEEFEATER 0 Gin Sin botella 70 cl',BEEFEATER,,BOTELLA,"0,70",L,700,1,700,,,,"14,82",,,"21,17",,,,,"-3,69","-0,60",-3%,-21%,5%,-35%,-13%
"ACEITU,VERDE RODAJ,A10 SERVIH,6/",13180716,2-ALIMENTACION,8-SALADO,1-ACEITUNAS Y ENCURTIDOS,3-ACEITUNAS VERDES,4-ACEITUNAS VERDES SIN HUESO,"ACEITU,VERDE RODAJ,A10 SERVIH,6/",SERVIHOSTEL,13180716,LATA,3,3000,1,KG,,,,"9,63",,"3,21",,,0,,"7,22","2,41",25%," 'distance': 2,931441307067871",93204,makro Chef aceituna verde rodajas lata 1560 gne,MAKRO CHEF,,LATA,"2,9",KG,2900,1,2900,,,,"8,09","6,96",,"2,79","2,40",,14%,COMPRA MAS PAGA MENOS,"0,01","0,81",25%,0%,13%,-1%,-1%
Nata para montar EROSKI pack 3x200 ml,16666133,2-ALIMENTACION,5-LACTEOS,12-NATAS-CREMAS,2-NATA MONTAR,1-NATA MONTAR 200 Y MULTIPACK,Nata para montar EROSKI pack 3x200 ml,EROSKI,16666133,PACK,"0,6",600,1,L,,,,"2,20",,"3,67",,,"6,11",,"1,65","2,75",25%," 'distance': 0,868013203144073",199297,aro nata para montar 35% materia grasa 1 L,ARO,,BRIK,1,L,1000,1,1000,,,,"3,95","3,59",,"3,95","3,59",,9%,COMPRA MAS PAGA MENOS,"-0,84","0,07",2%,-31%,-8%,-8%,-4%
"Whisky Premium BUCHANAN'S, botella 1 litro",14218515,2-ALIMENTACION,11-BEBIDAS,18-BEBIDAS DE ALTA GRADUACION,13-WHISKY,5-WHISKY¿PREMIUM,"Whisky Premium BUCHANAN'S, botella 1 litro",BUCHANAN'S,14218515,BOTELLA,1,1000,1,L,,,,"49,85",,"49,85",,,"0,19",,"42,37","42,37",15%," 'distance': 5,765617370605469",12198,"""BUCHANAN'S whisky escocés botella 1L Alc, 40% vol,""",BUCHANAN'S,,BOTELLA,"1,00",L,1000,1,1000,,,,"48,27",,,"46,57",,,,,"-4,20","3,28",7%,-10%,7%,7%,2%
"Brandy CARLOS III, botella 70 cl",315309,2-ALIMENTACION,11-BEBIDAS,18-BEBIDAS DE ALTA GRADUACION,11-BRANDY,3-BRANDY,"Brandy CARLOS III, botella 70 cl",CARLOS III,315309,BOTELLA,"0,7",700,1,L,,,,"12,79",,"18,27",,,"0,38",,"10,87","15,53",15%," 'distance': 0,5338666439056396",593593,'Carlos III brandy botella 70cl',CARLOS III,,BOTELLA,"0,70",L,700,1,700,,,,"11,60",,,"16,57",,,,,"-1,04","1,70",9%,-7%,9%,9%,2%
"Pizza sin gluten SCHAR, caja 300 g",16216335,2-ALIMENTACION,10-DULCE,2-PRODUCTOS SALUD,84-PRODUCTOS SIN GLUTEN,21-MASAS Y PIZZAS,"Pizza sin gluten SCHAR, caja 300 g",SCHAR,16216335,CAJA,"0,3",300,1,KG,,,,"4,75",,"15,83",,,"0,11",,,,," 'distance': 2,093078136444092",165135,Schar base pizza sin gluten 170g',SCHAR,,BANDEJA,"0,17",KG,170,1,170,,,,"3,17","2,69",,"18,65","15,85",,15%,COMPRA MAS PAGA MENOS,"-0,02","-0,02",0%,0%,-18%,-6%,-3%
"Vino Blanco Chardonay VIÑAS DEL VERO, botella 75 cl",564500,2-ALIMENTACION,11-BEBIDAS,14-VINO D.O.,"5-VINOS D,O,BLANCOS","68-VINO¿BLANCO¿D,O, ARAGONESAS","Vino Blanco Chardonay VIÑAS DEL VERO, botella 75 cl",VIÑAS DEL VERO,564500,BOTELLA,"0,75",750,1,L,España,,,"10,85",,"14,47",,,"0,34",,"9,22","12,30",15%," 'distance': 1,4236335754394531",132509,Viñas Del Vero Gewurztraminer vino blanco botella 75cl',VIÑAS DEL VERO,,BOTELLA,"0,75",L,750,1,750,,,,"10,59","9,11",,"14,12","12,14",,14%,COMPRA MAS PAGA MENOS,"0,15","2,32",16%,1%,2%,-6%,-3%
"Whisky Single Barrel JACK DANIELS, botella 70 cl",959361,2-ALIMENTACION,11-BEBIDAS,18-BEBIDAS DE ALTA GRADUACION,13-WHISKY,9-WHISKY AMERICANO,"Whisky Single Barrel JACK DANIELS, botella 70 cl",JACK DANIELS,959361,BOTELLA,"0,7",700,1,L,Estados Unidos,,,"47,00",,"67,14",,,0,,"39,95","57,07",15%," 'distance': 3,0672953128814697",44320,"""JACK DANIEL'S whisky barrel botella 70cl Alc, 40% vol,""",JACK DANIEL'S,,BOTELLA,"0,70",L,700,1,700,,,,"47,42",,,"67,74",,,,,"-10,67","-0,60",-1%,-19%,-1%,-1%,-1%
"Cereal soluble EKO, frasco 150 g",348359,2-ALIMENTACION,10-DULCE,8-CAFE,9-CEREAL SOLUBLE,1-CEREALES SOLUBLES,"Cereal soluble EKO, frasco 150 g",EKO,348359,FRASCO,"0,15",150,1,KG,Portugal,,,"3,55",,"23,67",,,2,,"3,20","21,30",10%," 'distance': 2,4036953449249268",344578,Eko cereales instantáneos 150 g',EKO,,FRASCO,"0,15",KG,150,1,150,,,,"3,73",,,"24,87",,,,,"-3,57","-1,20",-5%,-17%,-5%,-5%,-2%
Bonito del norte aceite de oliva EROSKI frasco 615 g,21816376,2-ALIMENTACION,8-SALADO,23-CONSERVAS DE PESCADO,7-BONITO,9-BONITO ACEITE,Bonito del norte aceite de oliva EROSKI frasco 615 g,EROSKI,21816376,FRASCO,"0,615",615,1,KG,,,,"11,59",,"18,85",,,1,,"10,43","16,96",10%," 'distance': 3,275580406188965",99964,'METRO Chef bonito msc aceite oliva frasco 260 gne (400 g)',METRO CHEF,,FRASCO,"0,40",KG,400,1,400,,,,"8,42","7,16",,"21,05","17,89",,15%,COMPRA MAS PAGA MENOS,"-0,93","0,95",5%,-5%,-12%,-12%,-6%
"Galleta Digestive FONTANEDA, caja 700 g",15973548,2-ALIMENTACION,10-DULCE,20-GALLETAS,5-GALLETAS SALUD Y BIENESTAR,2-FIBRA O INTEGRAL,"Galleta Digestive FONTANEDA, caja 700 g",FONTANEDA,15973548,CAJA,"0,7",700,1,KG,España,,,"3,99",,"5,70",,,"2,46",,"3,59","5,13",10%," 'distance': 2,1923718452453613",14905,'FONTANEDA galleta digestive 700 g',FONTANEDA,,ESTUCHE,"0,70",KG,700,1,700,,,,"4,28",,,"6,11",,,,,"-0,98","-0,41",-7%,-19%,-7%,-1%,-1%
Nata para cocinar EROSKI brik 500 ml,25591157,2-ALIMENTACION,5-LACTEOS,12-NATAS-CREMAS,1-NATA COCINA,9-NATA COCINAR MÁS DE  200 ML,Nata para cocinar EROSKI brik 500 ml,EROSKI,25591157,BRIK,"0,5",500,1,L,,,,"1,45",,"2,90",,,"4,68",,"1,09","2,18",25%," 'distance': 4,877017974853516",199296,'aro nata ligera para cocinar 15% materia grasa 1 L',ARO,,BRIK,"1,00",L,1000,1,1000,,,,"2,96","2,63",,"2,96","2,63",,11%,COMPRA MAS PAGA MENOS,"-0,46","0,27",9%,-21%,-2%,-2%,-2%
"Alas enteras de pollo EROSKI bandeja aprox, 1 kg",20971024,1-FRESCOS,2-CARNICERIA,69-POLLO ENVASADO AVES,5-POLLO STD ENVASADO AVES,20-POLLO STD ASAR¿ALAS¿POLLO,"Alas enteras de pollo EROSKI bandeja aprox, 1 kg",EROSKI,20971024,BANDEJA,1,1000,1,KG,,,,"4,36",,"4,36",,,"20,88",,"4,14","4,14",5%," 'distance': 3,257875442504883",89216,"Alas de pollo bandeja 1,5kg precio kg",MAKRO CHEF,,KILO,"1,60",KG,1600,1,1600,,,,"7,22",,,"4,51",,,,,"-0,37","-0,15",-3%,-9%,-3%,-1%,-1%
"Whisky Honey Tennessee JACK DANIELS, botella 70 cl",16203242,2-ALIMENTACION,11-BEBIDAS,18-BEBIDAS DE ALTA GRADUACION,13-WHISKY,9-WHISKY AMERICANO,"Whisky Honey Tennessee JACK DANIELS, botella 70 cl",JACK DANIELS,16203242,BOTELLA,"0,7",700,1,L,,,,"23,50",,"33,57",,,"0,07",,"19,98","28,54",15%," 'distance': 0,384579062461853",131853,JACK DANIEL'S HONEY miel whisky botella 70cl Alc. 35% vol.,JACK DANIEL'S,,BOTELLA,"0,7",L,700,1,700,,,,"23,58",,,"33,69",,,,,"-5,15","-0,11",0%,-18%,0%,-1%,-1%
"Fabada Asturiana LITORAL, lata 850 g",24548687,2-ALIMENTACION,9-COCINA,11-PLATOS PREPARADOS,4-PLATOS LEGUMBRE FORMATO LATA,3-FABADA FORMATO MAS 600 G,"Fabada Asturiana LITORAL, lata 850 g",LITORAL,24548687,LATA,"0,85",850,1,KG,España,,,"4,70",,"5,53",,,"1,19",,,,," 'distance': 0,353892982006073",26905,'LITORAL fabada asturiana 850 g',LITORAL,,LATA,"0,85",KG,850,1,850,,,,"4,28",,,"5,04",,,,,"0,49","0,49",9%,9%,9%,9%,3%
"CACAHUETE JUMBO C/C TOST,SH 1/5K",16359051,2-ALIMENTACION,8-SALADO,3-FRUTOS SECOS,19-SNACKS,1-CACAHUETES,"CACAHUETE JUMBO C/C TOST,SH 1/5K",SERVIHOSTEL,16359051,bolsa,5,5000,1,KG,,,,"20,35",,"4,07",,,"0,15",,"19,33","3,87",5%," 'distance': 0,853086471557617",78692,METRO Chef cacahuete con cáscara tostado bolsa 3 kg,METRO CHEF,,BOLSA,3,KG,3000,1,3000,,,,"14,40",,,"4,80",,,,,"-0,93","-0,73",-18%,-24%,-18%,0%,0%
"Harina de repostería GALLO, paquete 1 kg",383810,2-ALIMENTACION,9-COCINA,17-HARINAS Y PAN RALLADO,1-HARINAS,5-HARINA REPOSTERIA,"Harina de repostería GALLO, paquete 1 kg",GALLO,383810,PAQUETE,1,1000,1,KG,España,,,"1,65",,"1,65",,,"2,76",,"1,32","1,32",20%," 'distance': 1,3919485807418823",825214,GALLO harina repostería 1 kg contiene 10 unidades',GALLO,,PAQUETE,"1,00",KG,1000,10,10000,,,,"16,53",,,"1,65",,,,,"-0,33","0,00",0%,-25%,0%,0%,-1%
"Arroz bomba EROSKI SELEQTIA, caja 500 g",10594240,2-ALIMENTACION,9-COCINA,7-ARROZ,1-ARROZ REDONDO,5-ARROZ BOMBA,"Arroz bomba EROSKI SELEQTIA, caja 500 g",SELEQTIA,10594240,CAJA,"0,5",500,1,KG,,,,"2,99",,"5,98",,,"1,19",,,,," 'distance': 0,6661075353622437",200748,METRO Chef arroz bomba paquete 1kg,METRO CHEF,,PAQUETE,1,KG,1000,1,1000,,,,"6,23","5,61",,"5,99","5,39",,10%,COMPRA MAS PAGA MENOS,"0,59","0,59",10%,10%,0%,0%,0%
"Arroz redondo SOS, bolsa 2 kg",11736717,2-ALIMENTACION,9-COCINA,7-ARROZ,1-ARROZ REDONDO,3-ARROZ REDONDO,"Arroz redondo SOS, bolsa 2 kg",SOS,11736717,BOLSA,2,2000,1,KG,,,,"3,69","2,77","1,85","1,38",,"3,57",2nd unit-50%,,,," 'distance': 2,67535662651062",213813,'SOS arroz redondo bolsa 5kg',SOS,,BOLSA/BOLSON,"5,00",KG,5000,1,5000,,,,"9,66",,,"1,93",,,,,"-0,55","-0,55",-40%,-40%,-5%,-4%,-2%
Filete de contramuslo de pollo sin piel EROSKI bandeja aprox. 600 g,10736213,1-FRESCOS,2-CARNICERIA,69-POLLO ENVASADO AVES,5-POLLO STD ENVASADO AVES,15-POLLO STD PECHUGA¿FILETE¿POLLO,Filete de contramuslo de pollo sin piel EROSKI bandeja aprox. 600 g,EROSKI,10736213,BANDEJA,"0,6",600,1,KG,,,,"4,26",,"7,10",,,"7,47",,"4,05","6,75",5%," 'distance': 0,344374001026154",89432,Filetes de contramuslo de pollo bandeja precio kg,MAKRO,,KILO,"1,9",KG,1900,1,1900,,,,"14,00",,,"7,37",,,,,"-0,63","-0,27",-4%,-9%,-4%,0%,0%
"Galleta María sin gluten GULLÓN, caja 400 g",21187141,2-ALIMENTACION,10-DULCE,2-PRODUCTOS SALUD,84-PRODUCTOS SIN GLUTEN,6-GALLETAS,"Galleta María sin gluten GULLÓN, caja 400 g",GULLON,21187141,CAJA,"0,4",400,1,KG,España,,,"3,25",,"8,13",,,"3,03",,,,," 'distance': 2,313678026199341",43628,Gullón galleta sin gluten celia 400 g',GULLON,,CAJA/CAJON,"0,40",KG,400,1,400,,,,"3,25",,,"8,13",,,,,"0,00","0,00",0%,0%,0%,0%,0%
"Ginebra NORDÉS, botella 70 cl",15726284,2-ALIMENTACION,11-BEBIDAS,18-BEBIDAS DE ALTA GRADUACION,3-GINEBRA,10-GINEBRA PREMIUM,"Ginebra NORDÉS, botella 70 cl",NORDÉS,15726284,BOTELLA,"0,7",700,1,L,España,,,"26,95",,"38,50",,,"0,03",,"22,91","32,73",15%," 'distance': 0,4117046296596527",131004,Nordés ginebra botella 70cl',NORDÉS,,BOTELLA,"0,70",L,700,1,700,,,,"22,37",,,"31,96",,,,,"0,77","6,54",17%,2%,17%,17%,6%
"Lacasitos de chocolate LACASA, bolsa 325 g",10875094,2-ALIMENTACION,10-DULCE,16-MERIENDA DE CHOCOLATE,5-GRAGEAS¿CHOCOLATE,3-GRAGEAS CHOCOLATE INFANTIL,"Lacasitos de chocolate LACASA, bolsa 325 g",LACASITOS,10875094,BOLSA,"0,325",325,1,KG,,,,"6,59",,"20,28",,,"1,92",,,,," 'distance': 2,4212732315063477",43908,'Lacasitos bolsa 3 g contiene 200 unidades',LACASITOS,,BOLSA/BOLSON,"0,00",KG,3,200,600,,,,"12,97",,,"21,62",,,,,"-1,34","-1,34",-7%,-7%,-7%,3%,2%
"Pimiento verde italiano, al peso, compra mínima 475 g / 5 u",1867,1-FRESCOS,1-FRUTA Y HORTALIZA,2-HORTALIZA,62-PIMIENTOS,5-PIMIENTOS VERDES,"Pimiento verde italiano, al peso, compra mínima 475 g / 5 u",EROSKI,1867,KILO,"0,475",475,1,U,,,,"1,21",,"2,55",,,"19,72",,"1,03","2,17",15%," 'distance': 0,9782739877700806",207576,Pimiento italiano segunda caja 4 kg,MAKRO,,CAJA/CAJON,4,KG,4000,1,4000,,,,"5,56",,,"1,39",,,,,"0,78","1,16",45%,36%,45%,0%,0%
"Galleta caramelizada Biscoff LOTUS, pack 3x125 g",25591629,2-ALIMENTACION,10-DULCE,20-GALLETAS,9-GALLETAS ESPECIALIDADES,9-PREMIUM O INTERNACIONALES,"Galleta caramelizada Biscoff LOTUS, pack 3x125 g",LOTUS,25591629,PACK,"0,375",375,1,KG,Bélgica,,,"2,69",,"7,17",,,"4,23",,"2,42","6,46",10%," 'distance': 1,4443790912628174",192078,'Lotus Biscoff Galleta caramelizada 4x250g (Total 1 Kg)',LOTUS BISCOFF,,PAQUETE,"1,00",KG,1000,1,1000,,,,"7,65","6,50",,"7,65","6,50",,15%,COMPRA MAS PAGA MENOS,"-0,05","0,67",9%,-1%,-7%,-6%,-2%
Alubia pinta EROSKI paquete 1 kg,25948332,2-ALIMENTACION,9-COCINA,9-LEGUMBRES,1-ALUBIA SECA,5-ALUBIA PINTA,Alubia pinta EROSKI paquete 1 kg,EROSKI,25948332,PAQUETE,1,1000,1,KG,,,,"2,50",,"2,50",,,"2,84",,"2,13","2,13",15%," 'distance': 5,101430892944336",200638,'makro Chef alubia pinta paquete 1kg',MAKRO CHEF,,BOLSA/BOLSON,"1,00",KG,1000,1,1000,,,,"2,59","2,36",,"2,59","2,36",,9%,COMPRA MAS PAGA MENOS,"-0,23","0,14",6%,-11%,-4%,-4%,-1%
"Crema de orujo RUAVIEJA ORO, botella 1 litro",20109740,2-ALIMENTACION,11-BEBIDAS,18-BEBIDAS DE ALTA GRADUACION,28-CREMAS,5-CREMAS BASE ORUJO,"Crema de orujo RUAVIEJA ORO, botella 1 litro",RUAVIEJA,20109740,BOTELLA,1,1000,1,L,España,,,"18,05",,"18,05",,,"0,23",,"15,34","15,34",15%," 'distance': 2,0907890796661377",168859,'Ruavieja licor crema botella 1L',RUAVIEJA,,BOTELLA,"1,00",L,1000,1,1000,,,,"17,97",,,"17,97",,,,,"-2,63","0,08",0%,-17%,0%,0%,0%
"Chorizo picante ALEJANDRO, sarta 200 g",17572181,1-FRESCOS,4-CHARCUTERIA,8-CARNICOS PIEZA,2-EMBUTIDOS PIEZA,6-CHORIZO SARTA,"Chorizo picante ALEJANDRO, sarta 200 g",ALEJANDRO,17572181,SARTA,"0,2",200,1,KG,España,,,"4,2",,"21,00",,,"1,96",,"3,99","19,95",5%," 'distance': 1,7524802684783936",176832,'Alejandro chorizo sarta picante 250g',ALEJANDRO,,PAQUETE,"0,25",KG,250,1,250,,,,"4,79",,,"19,16",,,,,"0,79","1,84",9%,4%,9%,0%,0%
"1/2 Conejo troceado, bandeja aprox. 500 g",5859210,1-FRESCOS,2-CARNICERIA,66-CONEJO ENVASADO,2-CONEJO ENVASADO¿TROCEADO,1-CONEJO ENVASADO¿TROCEADO,"1/2 Conejo troceado, bandeja aprox. 500 g",EROSKI,5859210,BANDEJA,"0,5",500,1,KG,,,,"6,63",,"9,90",,,"3,6",,,,," 'distance': 0,964722156524658",220349,Conejo fresco troceado,MAKRO,,KILO,"1,1",KG,1100,1,1100,,,,"10,23",,,"9,3",,,,,"0,60","0,60",6%,6%,6%,1%,1%
"Salsa barbacoa classic HEINZ, bocabajo 400 ml",19530922,2-ALIMENTACION,9-COCINA,3-SALSAS,9-SALSAS ESPECIALES,3-SALSAS BARBACOA,"Salsa barbacoa classic HEINZ, bocabajo 400 ml",HEINZ,19530922,BOCABAJO,"0,4",400,1,L,,,,"3,89",,"9,73",,,"1,34",,"3,31","8,27",15%," 'distance': 3,211979389190674",119342,HEINZ salsa barbacoa bote 875ml,HEINZ,,BOTE,"0,875",L,875,1,875,,,,"8,24",,,"9,42",,,,,"-1,15","0,31",3%,-14%,3%,3%,1%
"Garbanzo pedrosillano LUENGO, paquete 1 kg",955240,2-ALIMENTACION,9-COCINA,9-LEGUMBRES,3-GARBANZO SECO,7-GARBANZO PEDROSILLANO,"Garbanzo pedrosillano LUENGO, paquete 1 kg",LUENGO,955240,PAQUETE,1,1000,1,KG,,,,"3,79","2,96","3,79","2,96",,"3,2",22%,"2,51","2,51",15%," 'distance': 0,256057560443878",195236,Luengo garbanzo pedrosillano 1 kg,LUENGO,,PAQUETE,1,KG,1000,1,1000,,,,"3,42","3,08",,"3,55","3,20",,10%,COMPRA MAS PAGA MENOS,"-0,68","-0,24",-8%,-27%,6%,6%,-2%
"Chocolate a la taza RAM, brik 1 litro",289462,2-ALIMENTACION,5-LACTEOS,16-BATIDOS Y LACTOZUMOS.NO REFRIG,4-CHOCOLATE LIQUIDO,5-CHOCOLATE LIQUIDO,"Chocolate a la taza RAM, brik 1 litro",RAM,289462,BRIK,1,1000,1,L,,,,"2,99",,"2,99",,,"1,73",,,,," 'distance': 2,5464179515838623",192972,'RAM chocolate tazabrik 1 L',RAM,,BRIK,"1,00",L,1000,1,1000,,,,"2,37","2,28",,"2,37","2,28",,4%,COMPRA MAS PAGA MENOS,"0,71","0,71",24%,24%,21%,21%,8%
Mazorca de maiz EROSKI bolsa 450 g,1167014,1-FRESCOS,1-FRUTA Y HORTALIZA,8-IV GAMA,53-VERDURAS COCINADAS,15-OTRAS VERDURAS COCINADAS,Mazorca de maiz EROSKI bolsa 450 g,EROSKI,1167014,BOLSA,"0,45",450,1,KG,,,,"1,79",,"3,98",,,"1,96",,,,," 'distance': 0,40489336848259",213046,METRO Chef maiz cocido bolsa 900 g,METRO CHEF,,BOLSA/BOLSON,"0,9",KG,900,1,900,,,,"3,36",,,"3,73",,,,,"0,24","0,24",6%,6%,6%,6%,3%
"GALLETA CARAMELIZADA LOTUS 300U,",23351711,2-ALIMENTACION,10-DULCE,20-GALLETAS,9-GALLETAS ESPECIALIDADES,15-GALLETAS SURTIDAS,"GALLETA CARAMELIZADA LOTUS 300U,",LOTUS,23351711,caja,"1,8",1800,1,KG,,,,"17,00",,"9,44",,,"0,38",,"15,30","8,50",10%," 'distance': 0,551717877388",20392,"Lotus Biscoff Galleta caramelizada 300 unidades de galletas envueltas individualmente 1,875 Kg",LOTUS BISCOFF,,caja,"1,875",KG,1875,1,1875,,,,"17,26","15,53",,"9,21","8,28",,10%,COMPRA MAS PAGA MENOS,"0,22","1,16",12%,3%,3%,1%,1%
"Cerveza Black Copupage 1906, pack botellín 6x33 cl",23500184,2-ALIMENTACION,11-BEBIDAS,8-CERVEZAS,6-CERVEZAS EXTRA,1-CERVEZAS EXTRA BOTELLA,"Cerveza Black Copupage 1906, pack botellín 6x33 cl",1906,23500184,PACK,"1,98",1980,1,L,España,,,"7,94",,"4,01",,,"0,46",,"5,96","3,01",25%," 'distance': 3,346651554107666",200625,'1906 cerveza negra black coupage 33cl caja 6 botellas',1906,,CAJA/CAJON,"0,33",L,330,6,1980,,,,"7,93",,,"4,01",,,,,"-1,00","0,01",0%,-33%,0%,0%,1%
CJ BEBIDA DE AVENA ALPRO 1L,24879389,2-ALIMENTACION,5-LACTEOS,3-LECHE,6-PREPARADOS VEGETALES,3-BEBIDA DE AVENA,CJ BEBIDA DE AVENA ALPRO 1L,ALPRO,24879389,BRIK,1,1000,1,L,,,,"1,99","1,79","1,99","1,79",,"4,3",10%,"1,70","1,70",5%," 'distance': 0,500503242015839",207251,alpro bebida de avena brick 1 L,ALPRO,,Pack,1,L,1000,6,6000,,,,"1,93",,,"1,93",,,,,"-0,23","-0,14",-8%,-13%,3%,3%,2%
"Pulpa de guindilla picante ZUBIA, frasco 60 g",18395756,2-ALIMENTACION,8-SALADO,11-PIMIENTOS,7-PIMIENTO PIQUILLO,98-ESPECIALIDADES,"Pulpa de guindilla picante ZUBIA, frasco 60 g",ZUBIA,18395756,FRASCO,"0,06",60,1,KG,,,,"2,10",,"35,00",,,"0,38",,,,," 'distance': 1,6362841129302979",160835,'Zubia guindilla pulpa picante lata 60gn',ZUBIA,,LATA,"0,06",KG,60,1,60,,,,"2,08",,,"34,67",,,,,"0,33","0,33",1%,1%,1%,1%,1%
"Salchichas veganas REVOLU GREEN, sobre 170 g",24450058,1-FRESCOS,14-SOLUCIONES CULINARIAS,26-TUS PLATOS,"12-Plat, PROTEINA VEGETAL","1-P,V, FRESCO","Salchichas veganas REVOLU GREEN, sobre 170 g",REVOLU GREEN,24450058,SOBRE,"0,17",170,1,KG,,,,"2,89",,"17,00",,,1,,,,," 'distance': 2,7917838096618652",211067,'REVOLUGREEN! Salchichas 100% veganas 1,REVOLUGREEN!,,PAQUETE,"1,05",KG,1050,1,1050,,,,"17,66",,,"16,82",,,,,"0,18","0,18",1%,1%,1%,1%,1%
"Queso parmigiano reggiano D.O.P. Eroski SELEQTIA, cuña 200 g",20235792,1-FRESCOS,4-CHARCUTERIA,3-QUESOS PORCION,21-QUESOS INTERNACIONALES PORCIÓN,10-QUESO ITALIANO PORCION,"Queso parmigiano reggiano D.O.P. Eroski SELEQTIA, cuña 200 g",SELEQTIA,20235792,CUñA,"0,2",200,1,KG,,,,"6,25","5,13","31,25","25,63",,"1,5",18%,"4,61","23,06",10%," 'distance': 1,0035209655761700",206398,metro chef queso parmigiano reggiano dop meses kg aproximado leche sal cuajo,METRO CHEF,,KILO,1,KG,1000,1,1000,,,,"27,34","23,51",,"27,34","23,51",,14%,COMPRA MAS PAGA MENOS,"-0,45","2,11",8%,-2%,13%,1%,1%
"Whisky 10 años BALLANTINES, botella 70 cl",24909764,2-ALIMENTACION,11-BEBIDAS,18-BEBIDAS DE ALTA GRADUACION,13-WHISKY,5-WHISKY¿PREMIUM,"Whisky 10 años BALLANTINES, botella 70 cl",BALLANTINES,24909764,BOTELLA,"0,7",700,1,L,Reino Unido,,,"22,15","20,16","31,64","28,80",,"0,03",9%,"17,13","24,48",15%," 'distance': 2,158860445022583",206110,"""Ballantine's whisky 10 años botella 70cl Alc, 40% vol,""",BALLANTINE'S,,BOTELLA,"0,70",L,700,1,700,,,,"21,89",,,"31,27",,,,,"-6,80","-2,48",-9%,-28%,1%,1%,1%
"Limpiador vitrocerámica VITROCLEN, pistola 450 ml",11059714,2-ALIMENTACION,12-DROGUERIA,50-LIMPIADORES,3-COCINA,20-VITRO INDUCCION SPRAY,"Limpiador vitrocerámica VITROCLEN, pistola 450 ml",VITROCLEN,11059714,PISTOLA,"0,45",450,1,L,,,,"7,79","5,06","17,31","11,25",,"0,69",2nd unit-70%,"4,81","10,69",5%," 'distance': 2,457818031311035",50816,'VITRO CLEN limpiador pistola 450 ml',VITROCLEN,,AEROSOL/SPRAY,"0,45",L,450,1,450,,,,"7,68",,,"17,07",,,,,"-6,38","-5,82",-52%,-60%,1%,1%,3%
"Bebida vegetal de almendra sin azúcar VEGETANEA, brik 1 litro",25035833,2-ALIMENTACION,5-LACTEOS,3-LECHE,6-PREPARADOS VEGETALES,15-BEBIDA DE ALMENDRA,"Bebida vegetal de almendra sin azúcar VEGETANEA, brik 1 litro",VEGETANEA,25035833,BRIK,1,1000,1,L,España,,,"1,95","1,27","1,95","1,27",,"1,2",2nd unit-70%,"1,20","1,20",5%," 'distance': 2,381664752960205",209528,Vegetánea bebida almendra sin azúcar añadido 1 L contiene 6 unidades',VEGETÁNEA,,BRICK,"1,00",L,1000,6,6000,,,,"11,54",,,"1,92",,,,,"-0,72","-0,66",-52%,-60%,1%,1%,1%
WHISKY 1L BALLANTINES,3387479,2-ALIMENTACION,11-BEBIDAS,18-BEBIDAS DE ALTA GRADUACION,13-WHISKY,3-WHISKY¿STANDARD,WHISKY 1L BALLANTINES,BALLANTINES,3387479,BOTELLA,1,1000,1,L,,,,"19,95",,"19,95",,,"0,42",,"16,96","16,96",15%," 'distance': 0,585218250751495",147329,"Ballantine's whisky escocés botella 1L Alc, 40% vol,",BALLANTINE'S,,BOTELLA,1,L,1000,1,1000,,,,"17,24",,,"17,24",,,,,"-0,28","2,71",14%,-2%,14%,1%,3%
"Limpiador multiusos baño EROSKI garrafa 1,5 litros",20974176,2-ALIMENTACION,12-DROGUERIA,50-LIMPIADORES,5-BAÑO,1-RESTO SUPERFICIES MULTI BOTELL,"Limpiador multiusos baño EROSKI garrafa 1,5 litros",EROSKI,20974176,GARRAFA,"1,5",1500,1,L,,,,"1,45",,"0,97",,,"2,26",,"1,38","0,92",5%," 'distance': 0,537148714065552",78525,aro Limpiador multiusos recambio 1L,ARO,,BOTELLA,1,L,1000,1,1000,,,,"1,11",,,"1,11",,,,,"-0,19","-0,14",-15%,-21%,-15%,-14%,-4%
Panceta salada EROSKI bandeja aprox. 310 g,25234915,1-FRESCOS,2-CARNICERIA,65-ELABORADOS ENVASADO,8-ELABORADOS ARREGLOS ENVASADO,1-SALADOS ENVASADO,Panceta salada EROSKI bandeja aprox. 310 g,EROSKI,25234915,BANDEJA,"0,31",310,1,KG,,,,"3,10",,"10,00",,,"1,58",,"2,79","9,00",10%," 'distance': 0,95184314250946",653679,Panceta de cerdo salada 1/2 pieza precio kg,MAKRO,,KILO,2,KG,2000,1,2000,,,,"9,85",,,"9,85",,,,,"-0,85","0,15",2%,-9%,2%,2%,2%
"Mango extra, pieza al peso aprox. 600 g",8426736,1-FRESCOS,1-FRUTA Y HORTALIZA,1-FRUTA,72-MANGOS,5-MANGOS,"Mango extra, pieza al peso aprox. 600 g",EROSKI,8426736,PIEZA,"0,6",600,1,KG,,,,"2,07","1,80","3,45","3,00",,"30,88",13%,"1,62","2,70",10%," 'distance': 0,6763405799865723",49753,METRO Chef Mango pieza 500g,METRO CHEF,,PIEZA,"0,5",KG,500,1,500,,,,"1,72",,,"3,44",,,,,"-0,74","-0,44",-15%,-27%,0%,18%,7%
"Leche entera KAIKU, brik 1 litro",212886,2-ALIMENTACION,5-LACTEOS,3-LECHE,1-LECHE LARGA VIDA UHT,1-LECHE UHT ENTERA,"Leche entera KAIKU, brik 1 litro",KAIKU,212886,BRIK,1,1000,1,L,,,,"1,25",,"1,25",,,"183,53",,"1,19","1,19",5%," 'distance': 3,211979389190674",29088,Kaiku leche entera 1 L contiene 6 unidades,KAIKU,,CAJA/CAJON,1,L,1000,6,6000,,,,"7,48",,,"1,25",,,,,"-0,06","0,00",0%,-5%,0%,0%,1%
"Leche semidesnatada KAIKU, brik 1 litro",212878,2-ALIMENTACION,5-LACTEOS,3-LECHE,1-LECHE LARGA VIDA UHT,2-LECHE UHT SEMIDESNATADA,"Leche semidesnatada KAIKU, brik 1 litro",KAIKU,212878,BRIK,1,1000,1,L,,,,"1,25",,"1,25",,,"111,46",,"1,19","1,19",5%," 'distance': 0,442318767309189",26436,Kaiku leche semidesnatada brik 1 L contiene 6 unidades,KAIKU,,CAJA/CAJON,1,L,1000,6,6000,,,,"7,48",,,"1,25",,,,,"-0,06","0,00",0%,-5%,0%,0%,1%
"Bebida sin alcohol % SEAGRAMS, botella 70 cl",26188458,2-ALIMENTACION,11-BEBIDAS,18-BEBIDAS DE ALTA GRADUACION,3-GINEBRA,3-GINEBRA ESTANDAR,"Bebida sin alcohol % SEAGRAMS, botella 70 cl",SEAGRAMS,26188458,BOTELLA,"0,7",700,1,L,España,,,"18,75","17,06","26,79","24,38",,"0,15",9%,"14,50","20,72",15%," 'distance': 4,190467834472656",216469,"""Seagram's 00 gin sin alcohol botella 70 cl""",SEAGRAM'S,,BOTELLA,"0,70",L,700,1,700,,,,"16,88",,,"24,11",,,,,"-3,40","0,26",1%,-16%,10%,-29%,-9%
"Flan de vainilla DANONE, pack 4x110 g",1759554,2-ALIMENTACION,5-LACTEOS,4-YOGURES Y POSTRES,5-POSTRES BASICOS,82-FLANES,"Flan de vainilla DANONE, pack 4x110 g",DE POSTRE,1759554,PACK,"0,44",440,1,KG,Francia,,,"2,09",,"4,75",,,"1,73",,,,," 'distance': 3,4501962661743164",521443,'DANONe flan de vainilla de 100 g contiene 4 unidades',DANONE,,PACK,"0,10",KG,100,4,400,,,,"2,04",,,"5,10",,,,,"-0,35","-0,35",-7%,-7%,-7%,2%,3%
LECHUGA ICEBERG,71126,1-FRESCOS,1-FRUTA Y HORTALIZA,2-HORTALIZA,78-HORTALIZAS DE ENSALADA,5-LECHUGAS,LECHUGA ICEBERG,EROSKI,71126,UNIDAD,1,1000,1,UDS,,,,"1,01","0,90","1,01","0,90",,"28,92",11%,"0,76","0,76",15%," 'distance': 0,281953513622284",553592,METRO Chef Lechuga iceberg Calibre 9,METRO CHEF,,Pieza ,"1,2",UDS,1200,1,1200,,,,"0,88",,,"0,88",,,,,"-0,12","0,02",2%,-15%,13%,0%,2%
Leche sin lactosa desnatada EROSKI brik 1 litro,16623084,2-ALIMENTACION,5-LACTEOS,3-LECHE,4-LECHE SIN LACTOSA,15-LECHE SIN LACTOSA DESNATADA,Leche sin lactosa desnatada EROSKI brik 1 litro,EROSKI,16623084,BRIK,1,1000,1,L,,,,"0,93",,"0,93",,,"48,34",,"0,88","0,88",5%," 'distance': 3,7033205032348633",199295,'makro Chef leche desnatada sin lactosa brik 1 L contiene 6 unidades',MAKRO CHEF,,CAJA/CAJON,"1,00",L,1000,6,6000,,,,"5,5",,,"0,92",,,,,"-0,03","0,01",1%,-4%,1%,2%,2%
"Mermelada de albaricoque HELIOS, frasco 340 g",941153,2-ALIMENTACION,8-SALADO,15-MERMELADAS,1-MERMELADA O CONFITURA,5-MERMELAD/CONFITURA ALBARICOQUE,"Mermelada de albaricoque HELIOS, frasco 340 g",HELIOS,941153,FRASCO,"0,34",340,1,KG,,,,"2,05",,"6,03",,,"1,76",,,,," 'distance': 2,3207218647003174",203090,'Helios mermelada albaricoque eco 350g + 25% (total 440 g)',HELIOS,,TARRO,"0,44",KG,440,1,440,,,,"2,52",,,"5,73",,,,,"0,30","0,30",5%,5%,5%,5%,3%
"Ginebra LARIOS, botella 1 litro",16127789,2-ALIMENTACION,11-BEBIDAS,18-BEBIDAS DE ALTA GRADUACION,3-GINEBRA,3-GINEBRA ESTANDAR,"Ginebra LARIOS, botella 1 litro",LARIOS,16127789,BOTELLA,1,1000,1,L,España,,,"12,45","11,08","12,45","11,08",,"0,73",11%,"9,42","9,42",15%," 'distance': 0,9060098528862",75283,'LARIOS ginebra botella 1 L',LARIOS,,BOTELLA,"1,00",L,1000,1,1000,,,,"11,92",,,"11,92",,,,,"-2,50","-0,84",-8%,-27%,4%,7%,4%
"Salsa butter chicken PATAK'S, frasco 450 g",24275885,2-ALIMENTACION,8-SALADO,39-COMIDAS DEL MUNDO,10-COMIDA ASIATICA,10-INDIA Y THAI,"Salsa butter chicken PATAK'S, frasco 450 g",PATAK'S,24275885,FRASCO,"0,45",450,1,KG,Reino Unido,,,"4,59",,"10,20",,,"0,15",,"3,67","8,16",20%," 'distance': 2,374506950378418",198954,"""PATAK'S salsa butter chicken 450 g""",PATAK'S,,TARRO,"0,45",KG,450,1,450,,,,"4,06",,,"9,02",,,,,"-0,86","1,18",12%,-11%,12%,12%,5%
"4374161-ARROZ LARGO E,BASIC 10/1KG",4374161,2-ALIMENTACION,9-COCINA,7-ARROZ,3-ARROZ LARGO,3-ARROZ LARGO,"4374161-ARROZ LARGO E,BASIC 10/1KG","E,BASIC",4374161,PAQUETE,1,1000,1,KG,,,,"1,39",,"1,39",,,"27,84",,,,," 'distance': 0,987042427062988",78194,makro Chef arroz largo bolsa 5 kg,MAKRO CHEF,,BOLSA/BOLSON,5,KG,5000,1,5000,,,,"6,19",,,"1,24",,,,,"0,15","0,15",11%,11%,11%,-2%,1%
"Mermelada de melocotón HELIOS, frasco 640 g",330688,2-ALIMENTACION,8-SALADO,15-MERMELADAS,1-MERMELADA O CONFITURA,1-MERMELADA/CONFITURA MELOCOTON,"Mermelada de melocotón HELIOS, frasco 640 g",HELIOS,330688,FRASCO,"0,64",640,1,KG,,,,"3,75",,"5,86",,,"0,23",,,,," 'distance': 2,683715343475342",203089,Helios mermelada melocotón eco 350g + 25% (total 440 g)',HELIOS,,TARRO,"0,44",KG,440,1,440,,,,"2,52",,,"5,73",,,,,"0,13","0,13",2%,2%,2%,2%,2%
"Leche Condensada LA LECHERA, dosificador 450 g",3434826,2-ALIMENTACION,8-SALADO,21-LECHES ESPECIALES,3-LECHE¿CONDENSADA¿,1-LECHE CONDENSADA GRANDE,"Leche Condensada LA LECHERA, dosificador 450 g",LA LECHERA,3434826,DOSIFICADOR,"0,45",450,1,KG,,,,"3,59",,"7,98",,,"0,03",,,,," 'distance': 0,81451952457428",127355,La Lechera Consumer leche condensada botella 450g,LA LECHERA,,ESTUCHE,"0,45",KG,450,1,450,,,,"3,47",,,"7,71",,,,,"0,27","0,27",3%,3%,3%,3%,3%
"Multidesinfectante SANICENTRO, pistola 750 ml",23498223,2-ALIMENTACION,12-DROGUERIA,50-LIMPIADORES,19-RESTO HOGAR,35-LIMPIAHOGAR MULTIUSOS SPRAY,"Multidesinfectante SANICENTRO, pistola 750 ml",SANICENTRO,23498223,PISTOLA,"0,75",750,1,L,,,,"2,59",,"3,45",,,"0,26",,"2,46","3,28",5%," 'distance': 3,211979389190674",141653,Sanicentro Multisuperficie 750ml,SANICENTRO,,BOTELLA,"0,75",L,750,1,750,,,,"2,53",,,"3,37",,,,,"-0,09","0,08",2%,-3%,2%,2%,2%
Filete de merluza sin piel EROSKI bolsa 540 g,201301,2-ALIMENTACION,3-CONGELADOS,9-PESCADO Y MARISCO CONGELADO,1-PESCADO NATURAL,5-MERLUZA FILETE,Filete de merluza sin piel EROSKI bolsa 540 g,EROSKI,201301,BOLSA,"0,54",540,1,KG,Namibia,,,"5,4",,"10,00",,,"4,91",,"5,13","9,50",5%," 'distance': 3,4552807807922363",98466,'makro Chef Merluza filete sin piel  60/120g 1,MAKRO CHEF,,BOLSA/BOLSON,"2,00",KG,2000,1,2000,,,,"19,09","18,71",,"9,55","9,35",,2%,,"0,15","0,65",6%,2%,5%,1%,2%
"Whisky escocés Green Label 15 años JOHNNIE WALKER, botella 70 cl",25875824,2-ALIMENTACION,11-BEBIDAS,18-BEBIDAS DE ALTA GRADUACION,13-WHISKY,5-WHISKY¿PREMIUM,"Whisky escocés Green Label 15 años JOHNNIE WALKER, botella 70 cl",JOHNNIE WALKER,25875824,BOTELLA,"0,7",700,1,L,Reino Unido,,,"59,99",,"85,70",,,"0,03",,"50,99","72,85",15%," 'distance': 1,9029508829116821",161944,"JOHNNIE WALKER green whisky escocés botella 70cl Alc, 43% vol,'",JOHNNIE WALKER,,BOTELLA,"0,70",L,700,1,700,,,,"54,99",,,"78,56",,,,,"-5,71","7,14",8%,-8%,8%,8%,4%
"Ron NEGRITA, botella 70 cl",315754,2-ALIMENTACION,11-BEBIDAS,18-BEBIDAS DE ALTA GRADUACION,5-RON,5-RON¿OSCURO¿ESTANDAR,"Ron NEGRITA, botella 70 cl",NEGRITA,315754,BOTELLA,"0,7",700,1,L,España,,,"9,25",,"13,21",,,"0,23",,"7,86","11,23",15%," 'distance': 2,1935486793518066",76986,"Negrita ron botella 70cl Alc, 37",NEGRITA,,BOTELLA,"0,70",L,700,1,700,,,,"9,38",,,"13,40",,,,,"-2,17","-0,19",-1%,-19%,-1%,6%,3%
"Mayonesa HELLMANN'S, bocabajo 430 ml",9658550,2-ALIMENTACION,9-COCINA,3-SALSAS,"3-MAYONESAS, S,FINAS Y S,LIGERAS","7-MAYO,S,FINAS PET MAS 300 ML","Mayonesa HELLMANN'S, bocabajo 430 ml",HELLMANN'S,9658550,BOCABAJO,"0,43",430,1,L,España,,,"3,45","2,30","8,02","5,34",,"3,65",3x2,"1,95","4,54",15%," 'distance': 0,7269840836524963",216587,"""HELLMANN'S mayonesa bote bocabajo 430 ml""",HELLMANN'S,,PACK,"0,43",L,430,1,430,,,,"3,36",,,"7,81",,,,,"-3,27","-2,47",-46%,-72%,3%,3%,2%
"Endibia EROSKI NATUR, bandeja 450 g",4480331,1-FRESCOS,1-FRUTA Y HORTALIZA,2-HORTALIZA,78-HORTALIZAS DE ENSALADA,15-ENDIBIAS,"Endibia EROSKI NATUR, bandeja 450 g","E, NATUR",4480331,BANDEJA,"0,45",450,1,KG,España,,,"1,99","1,79","4,42","3,98",,"3,52",10%,"1,52","3,38",15%," 'distance': 2,4506325721740723",20406,'Endivia bandeja 700g',MAKRO,,BANDEJA,"0,70",KG,700,1,700,,,,"3,07",,,"4,39",,,,,"-1,00","-0,41",-10%,-30%,1%,1%,2%
Piñón crudo EROSKI tarrina 125 g,17321951,2-ALIMENTACION,8-SALADO,45-FRUTOS SECOS TRADICIONALES,20-TRADICIONALES SIN CASCARA,"25-FRUTOS SEC, S/ CASCARA OTROS",Piñón crudo EROSKI tarrina 125 g,EROSKI,17321951,TARRINA,"0,125",125,1,KG,,,,"9,99",,"79,92",,,"1,38",,"9,49","75,92",5%," 'distance': 5,155365943908691",159795,METRO Chef piñón nacional pelado tarrina 250 g',METRO CHEF,,TARRINA,"0,25",KG,250,1,250,,,,"24,22",,,"96,88",,,,,"-20,96","-16,96",-21%,-28%,-21%,8%,3%
"Pasapures disco acero inoxidable INOXIBAR, 20cm",468413,4-BAZAR,20-MENAJE,2-ACCESORIOS COCINA,3-UTILES DE CORTAR,5-COLADORES/PASAPURES,"Pasapures disco acero inoxidable INOXIBAR, 20cm",INOXIBAR,468413,UNIDAD,20,20000,1,UDS,,,,"24,90",,"24,90",,,"0,15",,,,," 'distance': 1,1583943367004395",119501,Inoxibar Pasapurés acero inoxidable 3 discos 20 cm',INOXIBAR,,CAJA/CAJON,"0,59",UDS,590,1,590,,,,"19,36",,,"19,36",,,,,"5,54","5,54",22%,22%,22%,22%,8%
"Tortilla de patata sin cebolla EROSKI 1 ud,, 600 g",26129346,1-FRESCOS,14-SOLUCIONES CULINARIAS,30-CALENTAR Y LISTO,"25-TORTILLAS Y MUND,PATATA",1-TORTILLAS,"Tortilla de patata sin cebolla EROSKI 1 ud,, 600 g",EROSKI,26129346,UNIDAD,"0,6",600,1,KG,,,,"2,55",,"4,25",,,"5,69",,,,," 'distance': 3,921964406967163",207999,'METRO Chef tortilla de patata sin cebolla 1kg',METRO CHEF,,BANDEJA,"1,00",KG,1000,1,1000,,,,"4,46","4,33",,"4,13","4,01",,3%,,"0,24","0,24",6%,6%,3%,3%,3%
"Nuez con cáscara Usa BORGES, bolsa 500 g",15630395,2-ALIMENTACION,8-SALADO,45-FRUTOS SECOS TRADICIONALES,25-TRADICIONALES CON CASCARA,"10-FRUTOS SEC, C/CASCARA NUEZ","Nuez con cáscara Usa BORGES, bolsa 500 g",BORGES,15630395,BOLSA,"0,5",500,1,KG,España,,,"4,99",,"9,98",,,"0,45",,"4,74","9,48",5%," 'distance': 1,4944276809692383",93093,BORGES Nuez cáscara pizarro bolsa 500g',BORGES,,BOLSA/BOLSON,"0,50",KG,500,1,500,,,,"5,25",,,"10,50",,,,,"-1,02","-0,52",-5%,-11%,-5%,9%,6%
"Vino Blanco Semi Rioja DIAMANTE, botella 75 cl",378323,2-ALIMENTACION,11-BEBIDAS,14-VINO D.O.,"5-VINOS D,O,BLANCOS","66-VINO BLANCO D,O, RIOJA","Vino Blanco Semi Rioja DIAMANTE, botella 75 cl",DIAMANTE,378323,BOTELLA,"0,75",750,1,L,España,,,"4,2",,"5,60",,,"1,5",,"3,57","4,76",15%," 'distance': 0,5022897720336914",911976,'Diamante vino blanco Rioja botella 75cl',DIAMANTE,,BOTELLA,"0,75",L,750,1,750,,,,"4,17","3,59",,"5,56","4,78",,14%,COMPRA MAS PAGA MENOS,"-0,02","0,82",15%,0%,1%,11%,6%
Leche entera sin lactosa EROSKI brik 1 litro,18843334,2-ALIMENTACION,5-LACTEOS,3-LECHE,4-LECHE SIN LACTOSA,6-LECHE SIN LACTOSA ENTERA,Leche entera sin lactosa EROSKI brik 1 litro,EROSKI,18843334,BRIK,1,1000,1,L,,,,"1,04",,"1,04",,,"28,61",,"0,99","0,99",5%," 'distance': 3,828245162963867",199288,'makro Chef leche entera sin lactosa brik 1 L contiene 6 unidades',MAKRO CHEF,,CAJA/CAJON,"1,00",L,1000,6,6000,,,,"6,19",,,"1,03",,,,,"-0,04","0,01",1%,-4%,1%,3%,3%
"Aceite de oliva virgen extra trufa LA ESPAÑOLA, botella 25 cl",17168055,2-ALIMENTACION,9-COCINA,1-ACEITE,3-ACEITE OLIVA VIRGEN,6-ESPECIALES PEQUEÑOS Y SPRAYS,"Aceite de oliva virgen extra trufa LA ESPAÑOLA, botella 25 cl",LA ESPAÑOLA,17168055,BOTELLA,"0,25",250,1,L,España,,,"3,69","2,51","14,76","10,04",,"0,46",32%,"2,38","9,53",5%," 'distance': 0,8860204219818115",165642,La Española aceite oliva virgen extra con esencia de trufa blanca botella 250ml',LA ESPAÑOLA,,BOTELLA,"0,25",L,250,1,250,,,,"3,36",,,"13,44",,,,,"-3,91","-3,40",-34%,-41%,9%,9%,4%
"Obleas para empanadillas estilo argentino BUITONI, paquete 350 g",26459040,1-FRESCOS,14-SOLUCIONES CULINARIAS,35-DISFRUTA COCINANDO,35-OBLEAS Y LEVADURA  FRESCA,1-OBLEAS,"Obleas para empanadillas estilo argentino BUITONI, paquete 350 g",BUITONI,26459040,PAQUETE,"0,35",350,1,KG,,,,"2,45",,"7,00",,,0,,,,," 'distance': 0,291986644268036",220773,Buitoni oblea para empanadilla 280g,BUITONI,,ESTUCHE,"0,28",KG,280,1,280,,,,"2,09",,,"6,79",,,,,"0,21","0,21",3%,3%,3%,3%,3%
Fideua EROSKI paquete 500 g,70532,2-ALIMENTACION,9-COCINA,13-PASTAS,3-PASTA CLÁSICA,35-PASTA SOPA RESTO,Fideua EROSKI paquete 500 g,EROSKI,70532,PAQUETE,"0,5",500,1,KG,,,,"0,80",,"1,60",,,"2,69",,"0,68","1,36",15%," 'distance': 4,731449127197266",212773,'aro fideua paquete 5kg',ARO,,PAQUETE,"5,00",KG,5000,1,5000,,,,"6,77",,,"1,35",,,,,"0,01","0,25",15%,0%,15%,15%,7%
Fideo grueso EROSKI paquete 500 g,2685840,2-ALIMENTACION,9-COCINA,13-PASTAS,3-PASTA CLÁSICA,8-PASTA SOPA FIDEO,Fideo grueso EROSKI paquete 500 g,EROSKI,2685840,PAQUETE,"0,5",500,1,KG,,,,"0,80",,"1,60",,,"2,4",,"0,68","1,36",15%," 'distance': 3,6133360862731934",212775,'aro fideo grueso paquete 5kg',ARO,,PAQUETE,"5,00",KG,5000,1,5000,,,,"6,77",,,"1,35",,,,,"0,01","0,25",15%,0%,15%,3%,3%
"Néctar de naranja GRANINI, botellín 33 cl",11978574,2-ALIMENTACION,11-BEBIDAS,6-ZUMOS Y NECTARES,5-ZUMO Y NECTAR TO GO,3-ZUMO Y NECTAR TO GO PREMIUM,"Néctar de naranja GRANINI, botellín 33 cl",GRANINI,11978574,BOTELLÍN,"0,33",330,1,L,,,,"1,75",,"5,30",,,"0,92",,,,," 'distance': 1,4807307720184326",201970,GRANINI néctar naranja GRANINI 20cl contiene 24 unidades',GRANINI,,BOTELLA,"0,20",L,200,24,4800,,,,"24,67","22,20",,"5,14","4,63",,10%,COMPRA MAS PAGA MENOS,"0,68","0,68",13%,13%,3%,3%,3%
"Manos de cerdo, bandeja aprox, 850 g",11184595,1-FRESCOS,2-CARNICERIA,62-PORCINO ENVASADO,1-PORCINO BLANCO ENVASADO,11-DESPOJO BLANCO ENVASADO,"Manos de cerdo, bandeja aprox, 850 g",EROSKI,11184595,BANDEJA,"0,85",850,1,KG,,,,"5,27",,"6,20",,,"2,47",,"5,01","5,89",5%," 'distance': 2,0435376167297363",183539,'Mano de cerdo bandeja precio kg',MAKRO CHEF,,KILO,"1,50",KG,1500,1,1500,,,,"6,00",,,"6,00",,,,,"-0,11","0,20",3%,-2%,3%,3%,3%
"Yemas de esparragos IGP VIUDA DE CAYO, frasco 115 g",25864547,2-ALIMENTACION,8-SALADO,12-ESPARRAGOS,11-YEMAS Y TALLOS DE ESPARRAGOS,1-YEMAS DE ESPARRAGOS,"Yemas de esparragos IGP VIUDA DE CAYO, frasco 115 g",VIUDA DE CAYO,25864547,FRASCO,"0,115",115,1,KG,,,,"3,29",,"28,61",,,"0,46",,,,," 'distance': 0,769159913063049",146863,Viuda De Cayo esparrago blanco 9-12 piezas d.o. Navarra frasco 205gne,VIUDA DE CAYO,,FRASCO,"0,205",KG,205,1,205,,,,"5,67",,,"27,66",,,,,"0,95","0,95",3%,3%,3%,-6%,0%
"Vino Tinto Crianza D,O, Rioja MARQUÉS DE VITORIA, botella 75 cl",5158357,2-ALIMENTACION,11-BEBIDAS,14-VINO D.O.,"9-VINOS D,O, TINTOS","53-VINO TINTO D,O, RIOJA CRIANZA","Vino Tinto Crianza D,O, Rioja MARQUÉS DE VITORIA, botella 75 cl","MARQ,VITORIA",5158357,BOTELLA,"0,75",750,1,L,España,,,"6,59",,"8,79",,,"1,26",,"5,60","7,47",15%," 'distance': 0,5793192386627197",933712,MARQUÉS DE VITORIA vino tinto crianza botella 75cl',MARQUES DE VITORIA,,BOTELLA,"0,75",L,750,1,750,,,,"5,80",,,"7,73",,,,,"-0,26","1,05",12%,-4%,12%,25%,11%
"Gel wc montaña SANICENTRO, botella 1 litro",22309504,2-ALIMENTACION,12-DROGUERIA,50-LIMPIADORES,5-BAÑO,21-WC LIMPIADORES PERFUMADOS,"Gel wc montaña SANICENTRO, botella 1 litro",SANICENTRO,22309504,BOTELLA,1,1000,1,L,,,,"1,95","1,46","1,95","1,46",,1,2nd unit-50%,"1,39","1,39",5%," 'distance': 2,580043315887451",141655,'Sanicentro gel wc con lejia fresco 1L',SANICENTRO,,BOTELLA,"1,00",L,1000,1,1000,,,,"1,88",,,"1,88",,,,,"-0,49","-0,42",-29%,-35%,4%,4%,4%
"Licor de melocotón GRANDPECHER, botella 70 cl",357350,2-ALIMENTACION,11-BEBIDAS,18-BEBIDAS DE ALTA GRADUACION,17-LICORES CON ALCOHOL,1-LICOR FRUTAS,"Licor de melocotón GRANDPECHER, botella 70 cl",GRANPECHER,357350,BOTELLA,"0,7",700,1,L,España,,,"8,45",,"12,07",,,"0,11",,"7,18","10,26",15%," 'distance': 2,4166743755340576",222859,Gran Pecher licor melocotón botella 70cl',GRAN PECHER,,BOTELLA,"0,70",L,700,1,700,,,,"8,17",,,"11,67",,,,,"-1,41","0,40",3%,-14%,3%,3%,4%
"Manzanilla PAMPODOUR, caja 100 sobres",306027,2-ALIMENTACION,10-DULCE,10-INFUSIONES,15-INFUSIONES BOLSITAS,"5-INF,BOLSITAS MANZANILLA","Manzanilla PAMPODOUR, caja 100 sobres",POMPADOUR,306027,CAJA,,,100,SOBRES,España,,,"6,39",,"0,06",,,"0,34",,,,," 'distance': 2,3467934131622314",174824,POMPADOUR manzanilla contiene 100 unidades 90g,POMPADOUR,,CAJA/CAJON,"0,09",SOBRES,90,100,9000,,,,"5,34","4,54",,"0,05","0,05",,15%,COMPRA MAS PAGA MENOS,"0,01","0,01",24%,24%,11%,4%,4%
"Tila PAMPODOUR, caja 100 sobres",860502,2-ALIMENTACION,10-DULCE,10-INFUSIONES,15-INFUSIONES BOLSITAS,"10-INF,BOLSITAS TILA","Tila PAMPODOUR, caja 100 sobres",POMPADOUR,860502,CAJA,,,100,SOBRES,España,,,"6,39",,"0,06",,,"0,26",,,,," 'distance': 3,675968647003174",509132,'POMPADOUR tila contiene 100 unidades 110 g',POMPADOUR,,CAJA/CAJON,"0,11",SOBRES,110,100,11000,,,,"5,34","4,54",,"0,05","0,05",,15%,COMPRA MAS PAGA MENOS,"0,01","0,01",24%,24%,11%,4%,6%
"Poleo menta POMPADOUR, caja 100 sobres",306035,2-ALIMENTACION,10-DULCE,10-INFUSIONES,15-INFUSIONES BOLSITAS,"15-INF,BOLSITAS POLEO","Poleo menta POMPADOUR, caja 100 sobres",POMPADOUR,306035,CAJA,,,100,SOBRES,España,,,"6,39",,"0,06",,,"0,38",,,,," 'distance': 2,883741617202759",174668,'POMPADOUR menta poleo contiene 100 unidades 125 g',POMPADOUR,,EXPOSITOR,"0,13",SOBRES,125,100,12500,,,,"5,34","4,54",,"0,05","0,05",,15%,COMPRA MAS PAGA MENOS,"0,01","0,01",24%,24%,11%,4%,5%
"Whisky Gold Reserva CARDHU, botella 70 cl",17429788,2-ALIMENTACION,11-BEBIDAS,18-BEBIDAS DE ALTA GRADUACION,13-WHISKY,5-WHISKY¿PREMIUM,"Whisky Gold Reserva CARDHU, botella 70 cl",CARDHU,17429788,BOTELLA,"0,7",700,1,L,Reino Unido,,,"38,99",,"55,70",,,"0,03",,"33,14","47,35",15%," 'distance': 2,311004161834717",149507,"CARDHU Whisky escocés gold reserva70cl Alc, 40% vol,'",CARDHU,,BOTELLA,"0,70",L,700,1,700,,,,"34,84",,,"49,77",,,,,"-2,43","5,93",11%,-5%,11%,2%,4%
"Masa de hojaldre con mantequilla TARRADELLAS, paquete 260 g",19322916,1-FRESCOS,14-SOLUCIONES CULINARIAS,35-DISFRUTA COCINANDO,30-MASAS REFRIGERADAS,"2-MASAS REFRIG,HOJALDRES","Masa de hojaldre con mantequilla TARRADELLAS, paquete 260 g",TARRADELLAS,19322916,PAQUETE,"0,26",260,1,KG,,,,"1,95",,"7,50",,,"3,11",,,,," 'distance': 1,9618918895721436",214420,Casa Tarradellas masa hojandre fresca blister 260g,CASA TARRADELLAS,,ESTUCHE,"0,26",KG,260,1,260,,,,"1,42",,,"5,46",,,,,"2,04","2,04",27%,27%,27%,4%,4%
"Ginebra TANQUERAY, botella 70 cl",394106,2-ALIMENTACION,11-BEBIDAS,18-BEBIDAS DE ALTA GRADUACION,3-GINEBRA,3-GINEBRA ESTANDAR,"Ginebra TANQUERAY, botella 70 cl",TANQUERAY,394106,BOTELLA,"0,7",700,1,L,Reino Unido,,,"16,49","14,02","23,56","20,02",,"0,11",15%,"11,91","17,02",15%," 'distance': 0,348056435585022",561379,'Tanqueray ginebra botella 70cl',TANQUERAY,,BOTELLA,"0,70",L,700,1,700,,,,"14,63",,,"20,90",,,,,"-3,88","-0,88",-4%,-23%,11%,19%,10%
"Chorizo extra LA GLORIA RIOJANA, sarta 230 g",25613381,1-FRESCOS,4-CHARCUTERIA,8-CARNICOS PIEZA,2-EMBUTIDOS PIEZA,30-CHORIZO SARTA EXTRA,"Chorizo extra LA GLORIA RIOJANA, sarta 230 g",LA GLORIA RIOJANA,25613381,SARTA,"0,23",230,1,KG,,,,"3,13",,"13,61",,,"3,46",,"2,97","12,93",5%," 'distance': 1,8446887731552124",167525,'La Gloria Riojana chorizo sarta igp 280g',LA GLORIA RIOJANA,,BOLSA/BOLSON,"0,28",KG,280,1,280,,,,"3,73",,,"13,32",,,,,"-0,39","0,29",2%,-3%,2%,2%,3%
"Barrita de chocolate classic T2 KINDER BUENO, paquete 215 g",25453093,2-ALIMENTACION,10-DULCE,16-MERIENDA DE CHOCOLATE,1-BARRITAS CHOCOLATE,3-BARRITAS CHOCO INFANTIL,"Barrita de chocolate classic T2 KINDER BUENO, paquete 215 g",KINDER,25453093,PAQUETE,"0,215",215,1,KG,,,,"4,70","3,53","21,86","16,40",,"2,95",2nd unit-50%,,,," 'distance': 3,352756977081299",670423,'kinder bueno t2 43 g contiene 30 unidades',KINDER,,EXPOSITOR,"0,04",KG,43,30,1290,,,,"22,50",,,"17,44",,,,,"-1,05","-1,05",-6%,-6%,20%,20%,9%
"Mini taquitos de jamon SANCHEZ ALCARAZ, pack 2x40 g",21001771,1-FRESCOS,4-CHARCUTERIA,"6-CURADOS, EMBUT. E IBERICOS",3-CURADOS PORCION,26-COCINA CURADOS,"Mini taquitos de jamon SANCHEZ ALCARAZ, pack 2x40 g",SANCHEZ ALCARAZ,21001771,PACK,"0,08",80,1,KG,,,,"0,99",,"12,38",,,"2,11",,"0,89","11,14",10%," 'distance': 0,696257472038269",147198,Sanchez Alcaraz taquitos de jamon curado bandeja 500 g,SANCHEZ ALCARAZ,,BANDEJA,"0,5",KG,500,1,500,,,,"7,03","6,05",,"14,06","12,09",,14%,COMPRA MAS PAGA MENOS,"-0,95","0,28",2%,-9%,-14%,-12%,-1%
Sal marina en escamas EROSKI caja 125 g,23975345,2-ALIMENTACION,9-COCINA,5-SAL,21-SALES GOURMET,5-ESCAMAS Y FLOR DE SAL NATURAL,Sal marina en escamas EROSKI caja 125 g,EROSKI,23975345,CAJA,"0,125",125,1,KG,,,,"2,00",,"16,00",,,"0,61",,,,," 'distance': 0,115538403391838",93851,makro Chef sal escamas caja 250g,MAKRO CHEF,,CAJA/CAJON,"0,25",KG,250,1,250,,,,"4,02",,,"16,08",,,,,"-0,08","-0,08",0%,0%,0%,0%,3%
"Ketchup HEINZ, bocabajo 700 g",14200331,2-ALIMENTACION,9-COCINA,3-SALSAS,5-KETCHUP,3-KETCHUP MAS 400 G,"Ketchup HEINZ, bocabajo 700 g",HEINZ,14200331,BOCABAJO,"0,7",700,1,KG,,,,"3,75",,"5,36",,,"7,03",,"3,19","4,55",15%," 'distance': 0,64640861749649",89922,"HEINZ ketchup bidon 2,15l",HEINZ,,BIDON,"2,15",L,2150,1,2150,,,,"11,17","9,61",,"5,20","4,47",,14%,COMPRA MAS PAGA MENOS,"0,09","0,89",17%,2%,3%,3%,4%
"Leche desnatada KAIKU, brik 1 litro",212019,2-ALIMENTACION,5-LACTEOS,3-LECHE,1-LECHE LARGA VIDA UHT,3-LECHE UHT DESNATADA,"Leche desnatada KAIKU, brik 1 litro",KAIKU,212019,BRIK,1,1000,1,L,,,,"1,19",,"1,19",,,"96,69",,"1,13","1,13",5%," 'distance': 0,553507328033447",26435,Kaiku leche desnatada brik 1 L contiene 6 unidades,KAIKU,,CAJA/CAJON,1,L,1000,6,6000,,,,"7,48",,,"1,25",,,,,"-0,12","-0,06",-5%,-10%,-5%,-5%,1%
"Yogur natural LACTUYOGUR, pack 4x125 g",16423733,2-ALIMENTACION,5-LACTEOS,4-YOGURES Y POSTRES,1-YOGURES BASICOS,80-ENTERO NATURAL,"Yogur natural LACTUYOGUR, pack 4x125 g",LACTUYOGUR,16423733,PACK,"0,5",500,1,KG,,,,"1,79",,"3,58",,,"29,84",,,,," 'distance': 2,8611366748809814",144544,'Lacturale yogur natural lactuyogur 125 g contiene 4 unidades',LACTURALE,,PACK,"0,13",KG,125,4,500,,,,"1,65",,,"3,30",,,,,"0,28","0,28",8%,8%,8%,8%,5%
"Salsa de soja gluten free KIKKOMAN, frasco 250 g",15212111,2-ALIMENTACION,9-COCINA,3-SALSAS,9-SALSAS ESPECIALES,21-SALSAS SOJA,"Salsa de soja gluten free KIKKOMAN, frasco 250 g",KIKKOMAN,15212111,FRASCO,"0,25",250,1,KG,,,,"5,39",,"21,56",,,"0,26",,"4,58","18,33",15%," 'distance': 1,1174461841583252",168990,KIKKOMANN salsa de soja sin gluten bote 1l,KIKKOMAN,,FRASCO,"1,00",L,1000,1,1000,,,,"8,02",,,"8,02",,,,,"10,31","13,54",63%,56%,63%,63%,24%
"Harina de maiz amarilla PAN, paquete 1 kg",19488204,2-ALIMENTACION,9-COCINA,17-HARINAS Y PAN RALLADO,1-HARINAS,9-HARINAS ESPECIALIDADES,"Harina de maiz amarilla PAN, paquete 1 kg",PAN,19488204,PAQUETE,1,1000,1,KG,,,,"2,49",,"2,49",,,"0,69",,"1,99","1,99",20%," 'distance': 0,281940639019013",203828,P.A.N. harina de maiz amarilla precocida paquete 1kg,P.A.N.,,PAQUETE,1,KG,1000,1,1000,,,,"2,44",,,"2,44",,,,,"-0,45","0,05",2%,-22%,2%,2%,4%
Atún claro en aceite de oliva EROSKI lata 111 g,413864,2-ALIMENTACION,8-SALADO,23-CONSERVAS DE PESCADO,1-ATUN CLARO,25-ATUN CLARO EN ACEITE OLIVA,Atún claro en aceite de oliva EROSKI lata 111 g,EROSKI,413864,LATA,"0,111",111,1,KG,,,,"1,55",,"13,96",,,"4,57",,"1,40","12,57",10%," 'distance': 3,8261795043945312",99961,METRO Chef atún claro en aceite oliva lata 73 gne contiene 5 unidades (111 g)',METRO CHEF,,RETRACTIL,"0,11",KG,111,5,555,,,,"7,65",,,"13,78",,,,,"-1,22","0,18",1%,-10%,1%,4%,4%
"Crema de cacao NUTELLA, bote 1 kg",23513492,2-ALIMENTACION,10-DULCE,12-CREMAS DE UNTAR,4-CREMAS CACAO,5-CREMAS CACAO CHOCO MAS 400 GR,"Crema de cacao NUTELLA, bote 1 kg",NUTELLA,23513492,BOTE,1,1000,1,KG,,,,"8,69",,"8,69",,,"0,53",,,,," 'distance': 0,816544532775879",216050,nutella cartridge 1 kg,NUTELLA,,BOLSA/BOLSON,1,KG,1000,1,1000,,,,"8,31",,,"8,31",,,,,"0,38","0,38",4%,4%,4%,4%,4%
"Sal ahumada MALDON, caja 125 g",10766905,2-ALIMENTACION,9-COCINA,5-SAL,21-SALES GOURMET,5-ESCAMAS Y FLOR DE SAL NATURAL,"Sal ahumada MALDON, caja 125 g",MALDON,10766905,CAJA,"0,125",125,1,KG,,,,"4,75",,"38,00",,,0,,,,," 'distance': 0,697063684463501",72337,Maldon Sea Salt Co. sal ahumada paquete 125g,MALDON SEA SALT CO.,,PAQUETE,"0,125",KG,125,1,125,,,,"4,35",,,"34,80",,,,,"3,20","3,20",8%,8%,8%,8%,6%
"Uva morada sin semilla, cubeta 500 g",17778796,1-FRESCOS,1-FRUTA Y HORTALIZA,1-FRUTA,31-UVAS,10-UVAS SIN SEMILLA,"Uva morada sin semilla, cubeta 500 g",EROSKI,17778796,CUBETA,"0,5",500,1,KG,,,,"2,89",,"5,78",,,"13,73",,"2,60","5,20",10%," 'distance': 0,916617631912231",40847,METRO Chef Uva roja sin pepitas tarrina 500g,METRO CHEF,,TARRINA,"0,5",KG,500,1,500,,,,"2,59",,,"5,18",,,,,"0,02","0,60",10%,0%,10%,7%,5%
"Manteca de cerdo ibérico ELPOZO, tarrina 400 g",10470318,1-FRESCOS,4-CHARCUTERIA,11-PATES PORCION,3-OTROS PATES PORCION,2-CREMAS Y SOBRASADAS,"Manteca de cerdo ibérico ELPOZO, tarrina 400 g",ELPOZO,10470318,TARRINA,"0,4",400,1,KG,,,,"4,09",,"10,23",,,"0,32",,"3,68","9,20",10%," 'distance': 0,986229419708252",50513,Elpozo manteca ibérica 400g',ELPOZO,,TARRO,"0,40",KG,400,1,400,,,,"4,17",,,"10,43",,,,,"-1,22","-0,20",-2%,-13%,-2%,-2%,3%
ACEITE OLIVA 5L EROSKI,366666,2-ALIMENTACION,9-COCINA,1-ACEITE,1-ACEITES OLIVA,"3-ACEITE OLIVA 0,4º FORM,GRANDES",ACEITE OLIVA 5L EROSKI,EROSKI,366666,GARRAFA,5,5000,1,L,,,,"17,75",,"3,55",,,"3,37",,"16,86","3,37",5%," 'distance': 0,853783958349234",78206,"makro Chef aceite de oliva 0,4º, 5l",MAKRO CHEF,,GARRAFA,5,L,5000,1,5000,,,,"17,52",,,"3,50",,,,,"-0,13","0,05",1%,-4%,1%,1%,3%
Queso rallado 4 quesos EROSKI bolsa 200 g,23843048,2-ALIMENTACION,5-LACTEOS,10-QUESOS,8-QUESO RALLADO,3-QUESO RALLADO MEZCLAS,Queso rallado 4 quesos EROSKI bolsa 200 g,EROSKI,23843048,BOLSA,"0,2",200,1,KG,,,,"2,03",,"10,15",,,"31,61",,"1,52","7,61",25%," 'distance': 4,922142028808594",194266,'makro Chef queso rallado 4 quesos bolsa 1 Kg',MAKRO CHEF,,BOLSA/BOLSON,"1,00",KG,1000,1,1000,,,,"9,62","8,18",,"9,35","7,95",,15%,COMPRA MAS PAGA MENOS,"-0,34","2,20",22%,-4%,8%,8%,6%
"Galleta ahorro CHIPS AHOY!, caja 400 g",15168149,2-ALIMENTACION,10-DULCE,20-GALLETAS,7-GALLETAS CON CHOCOLATE,13-COOKIE,"Galleta ahorro CHIPS AHOY!, caja 400 g",CHIPS AHOY!,15168149,CAJA,"0,4",400,1,KG,España,,,"5,89","4,42","14,73","11,04",,"2,46",2nd unit-50%,"3,98","9,94",10%," 'distance': 2,099412679672241",167891,'Chips Ahoy! galletas 400g',CHIPS AHOY,,PACK,"0,40",KG,400,1,400,,,,"5,34",,,"13,35",,,,,"-3,41","-2,31",-21%,-34%,9%,9%,5%
"Mermelada de naranja LA VIEJA FABRICA Diet, frasco 290 g",16740193,2-ALIMENTACION,8-SALADO,15-MERMELADAS,7-MERMELADA O CONFITURA DIET,9-MERM/CONFITURA DIET VARIOS,"Mermelada de naranja LA VIEJA FABRICA Diet, frasco 290 g",LA VIEJA FABRICA,16740193,FRASCO,"0,29",290,1,KG,,,,"2,89","1,88","9,97","6,48",,"1,46",2nd unit-70%,,,," 'distance': 1,4544463157653809",141586,LA VIEJA FÁBRICA mermelada de naranja amarga diet tarro 300 g',LA VIEJA FABRICA,,FRASCO,"0,30",KG,300,1,300,,,,"2,85",,,"9,50",,,,,"-3,02","-3,02",-47%,-47%,5%,10%,6%
"Masa de empanda TARRADELLAS, paquete 230 g",24563496,1-FRESCOS,14-SOLUCIONES CULINARIAS,35-DISFRUTA COCINANDO,30-MASAS REFRIGERADAS,3-OTRAS MASAS REFRIGERADAS,"Masa de empanda TARRADELLAS, paquete 230 g",TARRADELLAS,24563496,PAQUETE,"0,23",230,1,KG,,,,"1,35",,"5,87",,,"2,65",,,,," 'distance': 0,37842127680778503",214418,Casa Tarradellas masa empanada fresca blister 230g,CASA TARRADELLAS,,BLISTER,"0,23",KG,230,1,230,,,,"1,42",,,"6,17",,,,,"-0,30","-0,30",-5%,-5%,-5%,2%,4%
"Brandy 5 años TORRES, botella 70 cl",315085,2-ALIMENTACION,11-BEBIDAS,18-BEBIDAS DE ALTA GRADUACION,11-BRANDY,1-BEBIDA ESPIRITUOSA,"Brandy 5 años TORRES, botella 70 cl",TORRES,315085,BOTELLA,"0,7",700,1,L,,,,"9,85",,"14,07",,,"0,38",,"8,37","11,96",15%," 'distance': 0,40906065702438354",75621,Torres brandy 5 años botella 70cl',TORRES,,BOTELLA,"0,70",L,700,1,700,,,,"9,67",,,"13,81",,,,,"-1,85","0,26",2%,-15%,2%,-13%,-2%
"SALSA SOJA WE-WONG 1 L, C/12",4208989,2-ALIMENTACION,8-SALADO,39-COMIDAS DEL MUNDO,10-COMIDA ASIATICA,5-CHINA,"SALSA SOJA WE-WONG 1 L, C/12",WE-WONG,4208989,BOTELLA,1,1000,1,L,,,,"5,49",,"5,49",,,"0,8",,"4,39","4,39",20%," 'distance': 0,654094696044922",322790,Ve Wong salsa de soja botella 1l,VE WONG,,Botella,1,L,1000,1,1000,,,,"5,23","4,76",,"5,23","4,76",,9%,COMPRA MAS PAGA MENOS,"-0,37","0,73",13%,-8%,5%,5%,5%
"Arandano, barqueta 500 g",23627185,1-FRESCOS,1-FRUTA Y HORTALIZA,1-FRUTA,35-FRUTOS ROJOS,10-ARANDANOS,"Arandano, barqueta 500 g",EROSKI,23627185,BARQUETA,"0,5",500,1,KG,,,,"4,9",,"9,80",,,,,"4,41","8,82",10%," 'distance': 0,856762647628784",191593,METRO Chef Arandanos cubo 500 gramos,METRO CHEF,,CUBO,"0,5",KG,500,1,500,,,,"5,56",,,"11,12",,,,,"-2,30","-1,32",-13%,-26%,-13%,-16%,-2%
"Brandy 10 años TORRES, botella 70 cl",315093,2-ALIMENTACION,11-BEBIDAS,18-BEBIDAS DE ALTA GRADUACION,11-BRANDY,3-BRANDY,"Brandy 10 años TORRES, botella 70 cl",TORRES 10,315093,BOTELLA,"0,7",700,1,L,,,,"11,55",,"16,50",,,"0,8",,"9,82","14,03",15%," 'distance': 0,5477762222290039",75725,Torres brandy 10 años botella 70cl',TORRES,,BOTELLA,"0,70",L,700,1,700,,,,"11,19",,,"15,99",,,,,"-1,96","0,51",3%,-14%,3%,5%,4%
"Palomitas POPITAS, pack 3x100 g",530311,2-ALIMENTACION,8-SALADO,3-FRUTOS SECOS,19-SNACKS,7-SNACKS MICROONDAS,"Palomitas POPITAS, pack 3x100 g",POPITAS,530311,PACK,"0,3",300,1,KG,,,,"2,39",,"7,97",,,"6,07",,"2,27","7,57",5%," 'distance': 3,211979389190674",116391,POPITAS maÍz para microondas paquete de 100 g x 3 (total 300 g),POPITAS,,PAQUETE,"0,3",KG,300,1,300,,,,"2,37",,,"7,90",,,,,"-0,33","0,07",1%,-4%,1%,1%,4%
"CJ RON¿DOMINICANO¿BARCELO¿0,7¿L¿¿",817064,2-ALIMENTACION,11-BEBIDAS,18-BEBIDAS DE ALTA GRADUACION,5-RON,5-RON¿OSCURO¿ESTANDAR,"CJ RON¿DOMINICANO¿BARCELO¿0,7¿L¿¿",BARCELO,817064,BOTELLA,"0,7",700,1,L,,,,"15,75",,"22,50",,,"1,26",,"13,39","19,13",15%," 'distance': 1,49933898448944",491959,"Barcelo ron añejo botella 70cl Alc, 37% vol,",BARCELO,,BOTELLA,"0,7",L,700,1,700,,,,"14,82",,,"21,17",,,,,"-2,05","1,33",6%,-11%,6%,7%,6%
ABRILLANTADOR MAQUINA 5KG,10781276,2-ALIMENTACION,12-DROGUERIA,57-LAVAVAJILLAS,3-LAVAVAJILLAS MAQUINA,7-MAQUINA ADITIVOS ABRILLANTADOR,ABRILLANTADOR MAQUINA 5KG,HOTEL ECO,10781276,GARRAFA,5,5000,1,KG,,,,"9,18",,"1,84",,,0,,"7,80","1,56",15%," 'distance': 0,686064124107361",549302,METRO PROFESSIONAL Abrillantador lavavajillas 5L,METRO PROFESSIONAL,,Botella,5,L,5000,1,5000,,,,"8,46","7,28",,"1,69","1,46",,14%,COMPRA MAS PAGA MENOS,"0,11","0,38",21%,7%,8%,17%,10%
"Vino Tinto D,O, R, del Duero roble CELESTE, botella 75 cl",14683965,2-ALIMENTACION,11-BEBIDAS,14-VINO D.O.,"9-VINOS D,O, TINTOS","47-V,TINTO D,O,RIBERA DUERO JOVEN","Vino Tinto D,O, R, del Duero roble CELESTE, botella 75 cl",CELESTE,14683965,BOTELLA,"0,75",750,1,L,,,,"9,50",,"12,67",,,0,,"8,08","10,77",15%," 'distance': 0,7226836085319519",111395,'Celeste vino tinto roble Ribera del Duero botella 75cl',CELESTE,,BOTELLA,"0,75",L,750,1,750,,,,"9,06",,,"12,08",,,,,"-1,31","0,59",5%,-12%,5%,9%,6%
"Tonica NORDIC MIST, lata 25 cl",8469819,2-ALIMENTACION,11-BEBIDAS,10-BEBIDAS REFRESCANTES,9-C/G TONICA,10-C/G TONICA REG PEQUE,"Tonica NORDIC MIST, lata 25 cl",NORDIC MIST,8469819,LATA,"0,25",250,1,L,,,,"0,55",,"2,20",,,"1,8",,"0,44","1,76",20%," 'distance': 0,906920671463013",368875,NRDIC MIST tonica 25cl contiene 24 unidades,NORDIC MIST,,LATA,"0,25",L,250,24,6000,,,,"14,82",,,"2,47",,,,,"-0,71","-0,27",-12%,-40%,-12%,5%,5%
"Tónica zero NORDIC MIST, lata 25 cl",17723909,2-ALIMENTACION,11-BEBIDAS,10-BEBIDAS REFRESCANTES,9-C/G TONICA,20-C/G TONICA ZERO,"Tónica zero NORDIC MIST, lata 25 cl",NORDIC MIST,17723909,LATA,"0,25",250,1,L,,,,"0,65",,"2,60",,,"1,46",,"0,52","2,08",20%," 'distance': 3,917400360107422",192521,NØRDIC MIST tónica zero 25cl contiene 24 unidades',NORDIC MIST,,LATA,"0,25",L,250,24,6000,,,,"14,82",,,"2,47",,,,,"-0,39","0,13",5%,-19%,5%,5%,5%
"Tinto Crianza D,O,C, Rioja Alavesa VALSERRANO, botella 75 cl",25614033,2-ALIMENTACION,11-BEBIDAS,14-VINO D.O.,"9-VINOS D,O, TINTOS","53-VINO TINTO D,O, RIOJA CRIANZA","Tinto Crianza D,O,C, Rioja Alavesa VALSERRANO, botella 75 cl",VALSERRANO,25614033,BOTELLA,"0,75",750,1,L,España,,,"11,99",,"15,99",,,"0,8",,"10,19","13,59",15%," 'distance': 1,1088401079177856",92149,'Valserrano vino tinto crianza botella 75cl',VALSERRANO,,BOTELLA,"0,75",L,750,1,750,,,,"10,35","8,80",,"13,80","11,73",,15%,COMPRA MAS PAGA MENOS,"1,86","4,26",27%,14%,14%,10%,7%
"BEBIDA ISOTÓNICA LIMÓN 9X0,33 AQUARIUS",15317902,2-ALIMENTACION,11-BEBIDAS,10-BEBIDAS REFRESCANTES,36-S/G SABOR,5-S/G SABOR REG LIMON PEQUE,"BEBIDA ISOTÓNICA LIMÓN 9X0,33 AQUARIUS",AQUARIUS,15317902,PACK,"2,97",2970,1,L,,,,"7,99","5,99","2,69","2,02",,"1,92",2nd unit-50%,"4,79","1,61",20%," 'distance': 0,590076684951782",469118,AQUARIUS limón 33 cl retráctil de 24 latas,AQUARIUS,,LATA,"0,33",L,330,24,7920,,,,"20,03",,,"2,53",,,,,"-0,91","-0,51",-25%,-57%,6%,18%,10%
"Vino Tinto Crianza D,O, Rioja CUNE, botella 75 cl",318303,2-ALIMENTACION,11-BEBIDAS,14-VINO D.O.,"9-VINOS D,O, TINTOS","53-VINO TINTO D,O, RIOJA CRIANZA","Vino Tinto Crianza D,O, Rioja CUNE, botella 75 cl",CUNE,318303,BOTELLA,"0,75",750,1,L,España,,,"6,8","6,05","9,07","8,07",,"1,8",11%,"5,14","6,86",15%," 'distance': 0,2524212896823883",70954,'Cune vino tinto crianza Rioja botella 75cl',CUNE,,BOTELLA,"0,75",L,750,1,750,,,,"6,52","5,61",,"8,69","7,48",,14%,COMPRA MAS PAGA MENOS,"-0,62","0,59",7%,-9%,4%,0%,3%
"Batido de cacao PULEVA, botella 200 ml",18416602,2-ALIMENTACION,5-LACTEOS,16-BATIDOS Y LACTOZUMOS.NO REFRIG,1-BATIDOS,1-BATIDO CACAO INDIVIDUAL,"Batido de cacao PULEVA, botella 200 ml",PULEVA,18416602,BOTELLA,"0,2",200,1,L,,,,"1,21",,"6,05",,,"3,72",,,,," 'distance': 2,129103422164917",393887,'PULEVA batido de cacao botella 200 ml contiene 24 unidades',PULEVA,,CAJA/CAJON,"0,20",L,200,24,4800,,,,"23,49","21,14",,"4,89","4,40",,10%,COMPRA MAS PAGA MENOS,"1,65","1,65",27%,27%,19%,19%,11%
"Activia con mango-papaya-soja DANONE, pack 4x120 g",8369241,2-ALIMENTACION,5-LACTEOS,4-YOGURES Y POSTRES,11-YOGURES FUNCIONALES,95-OTROS,"Activia con mango-papaya-soja DANONE, pack 4x120 g",ACTIVIA,8369241,PACK,"0,48",480,4,KG,,,,"2,89",,"6,02",,,"3,13",,,,," 'distance': 0,9214671850204468",24325,'ACTIVIA soja mango papaya 120 g contiene 4 unidades',ACTIVIA,,PACK,"0,12",KG,120,4,480,,,,"2,86",,,"5,96",,,,,"0,06","0,06",1%,1%,1%,3%,2%
"Vino Rosado D,O, Navarra INURRIETA, botella 75 cl",10444164,2-ALIMENTACION,11-BEBIDAS,14-VINO D.O.,"7-VINOS D,O, ROSADOS","45-VINO ROSADO D,O, NAVARRA","Vino Rosado D,O, Navarra INURRIETA, botella 75 cl",INURRIETA,10444164,BOTELLA,"0,75",750,1,L,España,,,"6,10",,"8,13",,,"0,11",,"5,19","6,91",15%," 'distance': 1,4225528240203857",91146,'Inurrieta vino rosado mediodia botella 75cl',INURRIETA,,BOTELLA,"0,75",L,750,1,750,,,,"5,38",,,"7,17",,,,,"-0,26","0,96",12%,-4%,12%,16%,8%
"Leche desnatada LACTURALE, brik 1 litro",11754470,2-ALIMENTACION,5-LACTEOS,3-LECHE,1-LECHE LARGA VIDA UHT,3-LECHE UHT DESNATADA,"Leche desnatada LACTURALE, brik 1 litro",LACTURALE,11754470,BRIK,1,1000,1,L,,,,"1,27",,"1,27",,,"29,69",,"1,21","1,21",5%," 'distance': 2,4638853073120117",110169,'Lacturale leche desnatada 1 L contiene  6 unidades',LACTURALE,,PACK,"1,00",L,1000,6,6000,,,,"6,96",,,"1,16",,,,,"0,05","0,11",9%,4%,9%,10%,7%
"Leche entera LACTURALE, brik 1 litro",11752524,2-ALIMENTACION,5-LACTEOS,3-LECHE,1-LECHE LARGA VIDA UHT,1-LECHE UHT ENTERA,"Leche entera LACTURALE, brik 1 litro",LACTURALE,11752524,BRIK,1,1000,1,L,,,,"1,27",,"1,27",,,"104,3",,"1,21","1,21",5%," 'distance': 1,5376152992248535",110167,'Lacturale leche entera brik 1 L contiene 6 unidades',LACTURALE,,PACK,"1,00",L,1000,6,6000,,,,"6,96",,,"1,16",,,,,"0,05","0,11",9%,4%,9%,10%,7%
"Leche semidesnatada LACTURALE, brik 1 litro",11754462,2-ALIMENTACION,5-LACTEOS,3-LECHE,1-LECHE LARGA VIDA UHT,2-LECHE UHT SEMIDESNATADA,"Leche semidesnatada LACTURALE, brik 1 litro",LACTURALE,11754462,BRIK,1,1000,1,L,,,,"1,27",,"1,27",,,"63,76",,"1,21","1,21",5%," 'distance': 3,211979389190674",110168,Lacturale leche semidesnatada  1 L contiene 6 unidades,LACTURALE,,PACK,1,L,1000,6,6000,,,,"6,96",,,"1,16",,,,,"0,05","0,11",9%,4%,9%,10%,7%
"Pacharán IGP Navarra LA NAVARRA, botella 1 litro",3209202,2-ALIMENTACION,11-BEBIDAS,18-BEBIDAS DE ALTA GRADUACION,15-PATXARAN Y PONCHE,"2-PATXARAN CON I,G,P,","Pacharán IGP Navarra LA NAVARRA, botella 1 litro",LA NAVARRA,3209202,BOTELLA,1,1000,1,L,,,,"10,95",,"10,95",,,"0,73",,"9,31","9,31",15%," 'distance': 1,233257532119751",202163,La Navarra pacharán botella 1L',LA NAVARRA,,BOTELLA,"1,00",L,1000,1,1000,,,,"10,95",,,"10,59",,,,,"-1,28","0,36",3%,-14%,3%,9%,6%
"Salchichón extra EROSKI basic, al corte, compra mínima 100 g",4292355,1-FRESCOS,4-CHARCUTERIA,2-CARNICOS MOSTRADOR,4-EMBUTIDOS MOSTRADOR,7-SALCHICHON VELA MOSTRADOR,"Salchichón extra EROSKI basic, al corte, compra mínima 100 g",EROSKI BASIC,4292355,KILO,"0,1",100,1,KG,,,,"1,17",,"11,70",,,"0,09",,"0,88","8,78",25%," 'distance': 0,5374473333358765",132096,makro Chef salchichón extra,MAKRO CHEF,,KILO,"1,6",KG,1600,1,1600,,,,"11,06",,,"11,06",,,,,"-2,29","0,64",5%,-26%,5%,5%,5%
"Cerveza Pilsen ESTRELLA GALICIA, pack botellín 6x33 cl",19869262,2-ALIMENTACION,11-BEBIDAS,8-CERVEZAS,6-CERVEZAS EXTRA,1-CERVEZAS EXTRA BOTELLA,"Cerveza Pilsen ESTRELLA GALICIA, pack botellín 6x33 cl",ESTRELLA GALICIA,19869262,PACK,"1,98",1980,1,L,España,,,"6,09",,"3,08",,,"0,73",,"4,57","2,31",25%," 'distance': 2,835690975189209",204172,'La Estrella De Galicia cerveza 33cl contiene 6 botellas',LA ESTRELLA DE GALICIA,,PACK,"0,33",L,330,6,1980,,,,"5,67","5,10",,"2,86","2,58",,10%,COMPRA MAS PAGA MENOS,"-0,27","0,50",16%,-12%,7%,5%,5%
"Vino Tinto Crianza D,O, Rioja EL COTO, botellín 37,5 cl",120279,2-ALIMENTACION,11-BEBIDAS,14-VINO D.O.,"9-VINOS D,O, TINTOS","53-VINO TINTO D,O, RIOJA CRIANZA","Vino Tinto Crianza D,O, Rioja EL COTO, botellín 37,5 cl",EL COTO,120279,BOTELLÍN,"0,375",375,1,L,,,,"4,29",,"11,44",,,"0,23",,"3,65","9,72",15%," 'distance': 1,015179991722107",619892,'El Coto vino tinto crianza Rioja botella 37,EL COTO,,BOTELLA,"0,38",L,375,1,375,,,,"4,22",,,"11,25",,,,,"-1,53","0,19",2%,-16%,2%,2%,4%
"Leche entera ASTURIANA, botella 1,5 litros",203562,2-ALIMENTACION,5-LACTEOS,3-LECHE,3-LECHE LARGA VIDA BOTELLA,1-LECHE BOTELLA ENTERA,"Leche entera ASTURIANA, botella 1,5 litros",ASTURIANA,203562,BOTELLA,"1,5",1500,1,L,España,,,"1,94",,"1,29",,,"43,69",,"1,84","1,23",5%," 'distance': 1,9625651836395264",110188,'Central Lechera Asturiana leche entera botella 1,CENTRAL LECHERA ASTURIANA,,PACK,"1,50",L,1500,6,9000,,,,"10,29",,,"1,14",,,,,"0,09","0,15",12%,7%,12%,11%,8%
"Vino Tinto Reserva D,O,C Rioja Alavesa LUIS CAÑAS, botella 75 cl",23629934,2-ALIMENTACION,11-BEBIDAS,14-VINO D.O.,"9-VINOS D,O, TINTOS","54-VINO¿TINTO¿D,O,¿RIOJA¿RVA-GRVA","Vino Tinto Reserva D,O,C Rioja Alavesa LUIS CAÑAS, botella 75 cl",LUIS CAÑAS,23629934,BOTELLA,"0,75",750,1,L,España,,,"18,90",,"25,20",,,"0,07",,"16,07","21,42",15%," 'distance': 0,8817422389984131",8518,Luis Cañas vino tinto reserva botella 75cl',LUIS CAÑAS,,BOTELLA,"0,75",L,750,1,750,,,,"17,41","15,67",,"23,21","20,89",,10%,COMPRA MAS PAGA MENOS,"0,53","4,31",17%,2%,8%,8%,6%
"Chorizo tradición REVILLA, bandeja 65 g",25005844,1-FRESCOS,4-CHARCUTERIA,"6-CURADOS, EMBUT. E IBERICOS",4-EMBUTIDOS PORCION,2-CHORIZO VELA PORCION,"Chorizo tradición REVILLA, bandeja 65 g",REVILLA,25005844,BANDEJA,"0,065",65,1,KG,España,,,"1,00",,"15,38",,,"5,5",,"0,90","13,85",10%," 'distance': 2,2159152030944824",220698,Revilla chorizo extra tradición',REVILLA,,KILO,"1,90",KG,1900,1,1900,,,,"12,93",,,"6,81",,,,,"7,04","8,58",56%,51%,56%,6%,6%
"Vino Blanco Verdejo RAMÓN BILBAO, botella 75 cl",19761584,2-ALIMENTACION,11-BEBIDAS,14-VINO D.O.,"5-VINOS D,O,BLANCOS","67-VINO BLANCO D,O, RUEDA","Vino Blanco Verdejo RAMÓN BILBAO, botella 75 cl",RAMON BILBAO,19761584,BOTELLA,"0,75",750,1,L,España,,,"8,79",,"11,72",,,"0,07",,"7,47","9,96",15%," 'distance': 0,3430224359035492",148847,Ramón Bilbao vino blanco Verdejo botella 75 cl',RAMÓN BILBAO,,BOTELLA,"0,75",L,750,1,750,,,,"7,37","6,71",,"9,83","8,94",,9%,COMPRA MAS PAGA MENOS,"1,02","2,78",24%,10%,16%,19%,10%
"Croquetas de jamón ibérico LA COCINA DE SENÉN, caja 200 g",20328365,2-ALIMENTACION,3-CONGELADOS,5-PLATOS PREPARADOS CONGELADOS,3-FRITOS,8-CROQUETAS¿JAMON,"Croquetas de jamón ibérico LA COCINA DE SENÉN, caja 200 g",LA COCINA DE SENÉN,20328365,CAJA,"0,2",200,1,KG,,,,"4,35",,"21,75",,,"1,8",,"3,92","19,58",10%," 'distance': 3,91441011428833",142816,La Cocina Del Norte suprema de jamón iberico 450 g',LA COCINA DEL NORTE,,TARRINA,"0,45",KG,450,1,450,,,,"9,23","7,94",,"20,51","17,64",,14%,COMPRA MAS PAGA MENOS,"1,94","4,11",19%,10%,6%,6%,6%
"Cerveza sin filtrar EL AGUILA, lata 33 cl",22296230,2-ALIMENTACION,11-BEBIDAS,8-CERVEZAS,1-CERVEZAS LAGER,5-CERVEZAS LAGER LATA,"Cerveza sin filtrar EL AGUILA, lata 33 cl",EL AGUILA,22296230,LATA,"0,33",330,1,L,España,,,"0,95",,"2,88",,,"14,11",,"0,71","2,16",25%," 'distance': 1,9968301057815552",183440,'El Aguila cerveza sin filtrar 33cl contiene 24 latas',EL AGUILA,,LATA,"0,33",L,330,24,7920,,,,"18,14",,,"2,29",,,,,"-0,13","0,59",20%,-6%,20%,20%,10%
"Vino Blanco Rioja MARQUÉS DE CÁCERES, botella 75 cl",112854,2-ALIMENTACION,11-BEBIDAS,14-VINO D.O.,"5-VINOS D,O,BLANCOS","66-VINO BLANCO D,O, RIOJA","Vino Blanco Rioja MARQUÉS DE CÁCERES, botella 75 cl","MARQ,CACERES",112854,BOTELLA,"0,75",750,1,L,España,,,"5,70","5,36","7,60","7,14",,"0,69",6%,"4,55","6,07",15%," 'distance': 0,5897769927978516",903175,Marqués De Cáceres vino blanco Denominación de Origen Rioja botella 75cl',MARQUÉS DE CÁCERES,,BOTELLA,"0,75",L,750,1,750,,,,"5,31","4,57",,"7,08","6,09",,14%,COMPRA MAS PAGA MENOS,"-0,02","1,06",15%,0%,7%,1%,4%
"Vodka GREY GOOSE, botella 70 cl",14007876,2-ALIMENTACION,11-BEBIDAS,18-BEBIDAS DE ALTA GRADUACION,7-VODKA,15-VODKA PREMIUM,"Vodka GREY GOOSE, botella 70 cl",GREY GOOSE,14007876,BOTELLA,"0,7",700,1,L,Francia,,,"54,99",,"78,56",,,0,,"46,74","66,77",15%," 'distance': 1,9808505773544312",45652,"GREY GOOSE vodka botella 70cl Alc, 38% vol,'",GREY GOOSE,,BOTELLA,"0,70",L,700,1,700,,,,"54,39",,,"77,70",,,,,"-10,93","0,86",1%,-16%,1%,1%,5%
"Brandy VETERANO, botella 1 litro",315366,2-ALIMENTACION,11-BEBIDAS,18-BEBIDAS DE ALTA GRADUACION,11-BRANDY,1-BEBIDA ESPIRITUOSA,"Brandy VETERANO, botella 1 litro",VETERANO,315366,BOTELLA,1,1000,1,L,,,,"9,49","8,92","9,49","8,92",,"0,92",6%,"7,58","7,58",15%," 'distance': 2,123650550842285",76674,'Veterano bebida espirituosa brandy botella 1L',VETERANO,,BOTELLA,"1,00",L,1000,1,1000,,,,"9,06",,,"8,94",,,,,"-1,36","-0,02",0%,-18%,6%,6%,5%
"Ginebra light BEEFEATER, botella 70 cl",24118705,2-ALIMENTACION,11-BEBIDAS,18-BEBIDAS DE ALTA GRADUACION,19-LICORES S/ALCOHOL,7-LICOR BAJO EN ALCOHOL,"Ginebra light BEEFEATER, botella 70 cl",BEEFEATER,24118705,BOTELLA,"0,7",700,1,L,,,,"15,65","14,40","22,36","20,57",,"0,03",8%,"12,24","17,48",15%," 'distance': 0,014558251015842",200904,BEEFEATER light ginebra 20º botella 70 cl,BEEFEATER,,BOTELLA,"0,7",L,700,1,700,,,,"13,18",,,"18,83",,,,,"-1,35","1,74",8%,-8%,16%,8%,6%
"Whisky BALLANTINES, botella 70 cl",315713,2-ALIMENTACION,11-BEBIDAS,18-BEBIDAS DE ALTA GRADUACION,13-WHISKY,3-WHISKY¿STANDARD,"Whisky BALLANTINES, botella 70 cl",BALLANTINES,315713,BOTELLA,"0,7",700,1,L,Reino Unido,,,"13,95","12,97","19,93","18,53",,"1,15",7%,"11,03","15,75",15%," 'distance': 2,1188299655914307",200905,"""Ballantine's Light whisky 20º botella 70 cl Alc, 20% vol,""",BALLANTINE'S,,BOTELLA,"0,70",L,700,1,700,,,,"12,93",,,"18,47",,,,,"-2,72","0,06",0%,-17%,7%,3%,5%
"Jamón curado NAVIDUL, sobre 96 g",10918225,1-FRESCOS,4-CHARCUTERIA,"6-CURADOS, EMBUT. E IBERICOS",3-CURADOS PORCION,2-JAMON CURADO PORCION,"Jamón curado NAVIDUL, sobre 96 g",NAVIDUL,10918225,SOBRE,"0,096",96,1,KG,España,,,"2,00",,"20,83",,,"1,82",,"1,80","18,75",10%," 'distance': 1,260866641998291",116782,NAVIDUL jamón curado loncheado sobre de 50 g',NAVIDUL,,SOBRE,"0,05",KG,50,1,50,,,,"0,98",,,"19,60",,,,,"-0,85","1,23",6%,-5%,6%,-5%,2%
"Champagne Brut MOET&CHANDON, botella 75 cl",312751,2-ALIMENTACION,11-BEBIDAS,16-ESPUMOSOS,1-ESPUMOSOS ORIGEN EXTRANJERO,1-CHAMPAGNES,"Champagne Brut MOET&CHANDON, botella 75 cl",MOET & CHANDON,312751,BOTELLA,"0,75",750,1,L,,,,"44,95",,"59,93",,,"0,23",,"35,96","47,95",20%," 'distance': 0,6741299629211426",72956,MOET & CHANDON champagne brut imperial botella 75cl',MOET & CHANDON,,BOTELLA,"0,75",L,750,1,750,,,,"37,45",,,"49,93",,,,,"-1,99","10,00",17%,-4%,17%,6%,5%
Media pechuga de pavo al vacío EROSKI bandeja aprox. 800 g,16904740,1-FRESCOS,2-CARNICERIA,72-PAVO Y OTRAS AVES ENVASADO,5-PAVO ENVASADO AVES,5-PAVO¿FRESCO,Media pechuga de pavo al vacío EROSKI bandeja aprox. 800 g,EROSKI,16904740,BANDEJA,"0,8",800,1,KG,,,,"7,56",,"9,45",,,"1,04",,"6,80","8,51",10%," 'distance': 0,61202085018158",218823,Pechuga pavo vacío,MAKRO CHEF,,KILO,"1,05",KG,1050,1,1050,,,,"9,77",,,"9,3",,,,,"-0,80","0,15",2%,-9%,2%,7%,6%
"Vinagre de vino blanco YBARRA, botella 1 litro",20167102,2-ALIMENTACION,9-COCINA,2-VINAGRES Y ADEREZOS,5-VINAGRES DE VINO,10-VINAGRES DE VINO 1L,"Vinagre de vino blanco YBARRA, botella 1 litro",YBARRA,20167102,BOTELLA,1,1000,1,L,,,,"1,25",,"1,25",,,"1,76",,"1,13","1,13",10%," 'distance': 2,1463170051574707",77685,'Ybarra vinagre de vino blanco en pet de 1l',YBARRA,,BOTELLA,"1,00",L,1000,1,1000,,,,"1,09",,,"1,09",,,,,"0,03","0,16",13%,3%,13%,2%,5%
"Licor THUNDER BITCH, botella 70 cl",19659572,2-ALIMENTACION,11-BEBIDAS,18-BEBIDAS DE ALTA GRADUACION,17-LICORES CON ALCOHOL,15-LICOR BASE WHISKY,"Licor THUNDER BITCH, botella 70 cl",THUNDER BITCH,19659572,BOTELLA,"0,7",700,1,L,,,,"16,35",,"23,36",,,0,,"13,90","19,85",15%," 'distance': 0,371599942445755",157831,'Thunder Bitch licor botella 70cl',THUNDER BITCH,,BOTELLA,"0,70",L,700,1,700,,,,"16,52",,,"23,60",,,,,"-3,75","-0,24",-1%,-19%,-1%,3%,5%
BEBIDA DE SOJA ALPRO 1L C/6,24879348,2-ALIMENTACION,5-LACTEOS,3-LECHE,6-PREPARADOS VEGETALES,1-BEBIDA DE SOJA,24879348-BEBIDA DE SOJA ALPRO 1L C/6,ALPRO,24879348,BRIK,1,1000,1,L,,,,"1,99",,"1,99",,,"3,9",,"1,89","1,89",5%," 'distance': 0,277351349592209",207256,alpro bebida soja brick 1 L,ALPRO,,PACK,1,L,1000,6,6000,,,,"1,93",,,"1,93",,,,,"-0,04","0,06",3%,-2%,3%,3%,6%
"Solomillo de añojo, bandeja aprox, 300 g",9504788,1-FRESCOS,2-CARNICERIA,61-VACUNO ENVASADO,3-VACUNO AÑOJO ENVASADO,2-AÑOJO LOMO ENVASADO,"Solomillo de añojo, bandeja aprox, 300 g",EROSKI,9504788,BANDEJA,"0,3",300,1,KG,,,,"12,29",,"40,97",,,"1,3",,"9,22","30,73",25%," 'distance': 0,775836825370789",195736,makro Chef Solomillo añojo al vacio precio kg,MAKRO CHEF,,PIEZA,1,KG,1000,1,1000,,,,"39,55",,,"39,55",,,,,"-8,83","1,42",3%,-29%,3%,6%,6%
"Orejas de cerdo EROSKI bandeja aprox, 600 g",11184546,1-FRESCOS,2-CARNICERIA,62-PORCINO ENVASADO,1-PORCINO BLANCO ENVASADO,11-DESPOJO BLANCO ENVASADO,"Orejas de cerdo EROSKI bandeja aprox, 600 g",EROSKI,11184546,BANDEJA,"0,6",600,1,KG,,,,"4,19",,"6,98",,,"2,55",,"3,98","6,63",5%," 'distance': 3,1757748126983643",183541,'Oreja de cerdo bandeja precio kg',MAKRO CHEF,,KILO,"1,00",KG,1000,1,1000,,,,"6,55",,,"6,55",,,,,"0,08","0,43",6%,1%,6%,6%,6%
"Jerez Fino TIO PEPE, botella 75 cl",317966,2-ALIMENTACION,11-BEBIDAS,14-VINO D.O.,13-VINOS¿DULCES¿Y GENEROSOS,10-FINO,"Jerez Fino TIO PEPE, botella 75 cl",TIO PEPE,317966,BOTELLA,"0,75",750,1,L,España,,,"7,59","6,83","10,12","9,11",,"0,26",10%,"5,81","7,74",15%," 'distance': 1,3797247409820557",60398,Tio Pepe vino fino Jerez botella 75cl',TIO PEPE,,BOTELLA,"0,75",L,750,1,750,,,,"7,01",,,"9,35",,,,,"-1,60","-0,24",-3%,-21%,8%,5%,6%
30 PLATOS CARTON 23 CM BLANCOS C,24598054,4-BAZAR,20-MENAJE,7-DESECHABLE,1-PLATOS DESECHABLES,1-PLATOS BLANCOS,30 PLATOS CARTON 23 CM BLANCOS C,GABBIANO,24598054,PACK,1,1000,30,UDS,,,,"2,95",,"0,10",,,"1,23",,"2,21","2,21",25%," 'distance': 0,467357277870178",207981,METRO PROFESSIONAL Plato cartón 23 cm 100 unidades,METRO PROFESSIONAL,,BOLSA/BOLSON,0,UDS,0,100,0,,,,"9,38","8,07",,"0,09","0,08",,14%,COMPRA MAS PAGA MENOS,"0,02","0,02",19%,19%,6%,6%,6%
"Leche desnatada ASTURIANA, botella 1,5 litros",203927,2-ALIMENTACION,5-LACTEOS,3-LECHE,3-LECHE LARGA VIDA BOTELLA,3-LECHE BOTELLA DESNATADA,"Leche desnatada ASTURIANA, botella 1,5 litros",ASTURIANA,203927,BOTELLA,"1,5",1500,1,L,España,,,"1,76",,"1,17",,,"16,19",,"1,67","1,11",5%," 'distance': 2,0603177547454834",110292,'Central Lechera Asturiana leche desnatada 1,CENTRAL LECHERA ASTURIANA,,PACK,"1,50",L,1500,6,9000,,,,"9,93",,,"1,10",,,,,"0,01","0,07",6%,1%,6%,6%,6%
"Falda de cordero del País, al corte, compra mínima 650 g",886374,1-FRESCOS,2-CARNICERIA,75-VITRINA,24-CORDERO RECENTAL VITRINA,15-DESPIECE RECENTAL VITRINA,"Falda de cordero del País, al corte, compra mínima 650 g",EROSKI,886374,GRANEL,"0,65",650,1,KG,,,,"7,44",,"11,45",,,,,,,," 'distance': 0,941644608974457",65684,Falda de cordero precio kg,MAKRO CHEF,,KILO,"1,00",KG,1000,1,1000,,,,"10,73",,,"10,73",,,,,"0,72","0,72",6%,6%,6%,6%,6%
"Mantequilla sin sal KERRYGOLD, pastilla 200 g",24107559,2-ALIMENTACION,5-LACTEOS,14-MANTEQUILLAS Y MARGARINAS,1-MANTEQUILLA,1-MANTEQUILLA PASTILLA,"Mantequilla sin sal KERRYGOLD, pastilla 200 g",KERRYGOLD,24107559,PASTILLA,"0,2",200,1,KG,,,,"4,49",,"22,45",,,"0,96",,"3,82","19,08",15%," 'distance': 1,7820072174072266",200501,'Kerrygold mantequilla sin sal 200 g',KERRYGOLD,,UNIDAD,"0,20",KG,200,1,200,,,,"4,28","3,64",,"21,40","18,19",,15%,COMPRA MAS PAGA MENOS,"0,89","4,26",19%,5%,5%,0%,3%
"Mantequilla con sal KERRYGOLD, pastilla 200 g",24107625,2-ALIMENTACION,5-LACTEOS,14-MANTEQUILLAS Y MARGARINAS,1-MANTEQUILLA,1-MANTEQUILLA PASTILLA,"Mantequilla con sal KERRYGOLD, pastilla 200 g",KERRYGOLD,24107625,PASTILLA,"0,2",200,1,KG,,,,"4,49",,"22,45",,,"1,38",,"3,82","19,08",15%," 'distance': 1,7667447328567505",200502,'Kerrygold  mantequilla con sal 200 g',KERRYGOLD,,UNIDAD,"0,20",KG,200,1,200,,,,"4,28","3,64",,"21,40","18,19",,15%,COMPRA MAS PAGA MENOS,"0,89","4,26",19%,5%,5%,0%,3%
"Chocolate 82% con almendras VALOR, tableta 250 g",22379671,2-ALIMENTACION,10-DULCE,14-CHOCOLATES,5-CHOCOLATE NEGRO,10-CHOCO NEGRO C/ALMENDRAS,"Chocolate 82% con almendras VALOR, tableta 250 g",VALOR,22379671,TABLETA,"0,25",250,1,KG,,,,"6,85",,"27,40",,,"7,65",,,,," 'distance': 2,3230743408203125",184593,'Chocolates Valor 70% con almendras 250g',CHOCOLATES VALOR,,UNIDAD,"0,25",KG,250,1,250,,,,"6,55",,,"26,20",,,,,"1,20","1,20",4%,4%,4%,4%,6%
Tagliatelle al huevo EROSKI bolsa 250 g,19841121,1-FRESCOS,14-SOLUCIONES CULINARIAS,35-DISFRUTA COCINANDO,20-PASTA FRESCA,2-PASTA FRESCA LISA,Tagliatelle al huevo EROSKI bolsa 250 g,EROSKI,19841121,BOLSA,"0,25",250,1,KG,Italia,,,"1,2",,"4,80",,,"7,46",,,,," 'distance': 5,317789077758789",183117,'makro Chef tagliatelle fresco al huevo bolsa 1kg',MAKRO CHEF,,BOLSA/BOLSON,"1,00",KG,1000,1,1000,,,,"4,61","3,92",,"4,61","3,92",,15%,COMPRA MAS PAGA MENOS,"0,88","0,88",18%,18%,4%,6%,6%
"Atún en aceite de girasol CALVO, lata 160 g",16035909,2-ALIMENTACION,8-SALADO,23-CONSERVAS DE PESCADO,1-ATUN CLARO,20-ATUN CLARO EN ACEITE GIRASOL,"Atún en aceite de girasol CALVO, lata 160 g",CALVO,16035909,LATA,"0,16",160,1,KG,España,,,"2,29",,"14,31",,,"0,03",,"2,06","12,88",10%," 'distance': 0,8830481171607971",162366,Calvo atún en aceite de girasol lata 325gne (500 g)',CALVO,,LATA,"0,50",KG,500,1,500,,,,"6,70",,,"13,40",,,,,"-0,52","0,91",6%,-4%,6%,6%,7%
"Cuello de cordero del País, al corte, compra mínima 500 g",886291,1-FRESCOS,2-CARNICERIA,75-VITRINA,24-CORDERO RECENTAL VITRINA,15-DESPIECE RECENTAL VITRINA,"Cuello de cordero del País, al corte, compra mínima 500 g",EROSKI,886291,GRANEL,"0,5",500,1,KG,,,,"5,73",,"11,46",,,,,,,," 'distance': 1,09396553039551",65683,Cuello de cordero precio kg,MAKRO CHEF,,KILO,"1,30",KG,1300,1,1300,,,,"15,67",,,"12,05",,,,,"-0,59","-0,59",-5%,-5%,-5%,6%,6%
"Cerveza clásica MAHOU, botella 1 litro",465716,2-ALIMENTACION,11-BEBIDAS,8-CERVEZAS,1-CERVEZAS LAGER,1-CERVEZAS LAGER BOTELLA,"Cerveza clásica MAHOU, botella 1 litro",MAHOU CLÁSICA,465716,BOTELLA,1,1000,1,L,España,,,"1,82",,"1,82",,,"1,42",,"1,37","1,37",25%," 'distance': 1,3928309679031372",358852,Mahou cerveza Clásica 1L contiene 6 botellas',MAHOU,,BOTELLA,"1,00",L,1000,6,6000,,,,"8,58","7,81",,"1,43","1,30",,9%,COMPRA MAS PAGA MENOS,"0,06","0,52",29%,5%,21%,8%,7%
"Bebida de avena sin azúcar ALPRO, brik 1 litro",24879397,2-ALIMENTACION,5-LACTEOS,3-LECHE,6-PREPARADOS VEGETALES,3-BEBIDA DE AVENA,"Bebida de avena sin azúcar ALPRO, brik 1 litro",ALPRO,24879397,BRIK,1,1000,1,L,Francia,,,"1,99","1,79","1,99","1,79",,"14,16",10%,"1,70","1,70",5%," 'distance': 3,30364990234375",212683,'alpro bebida de avena sin azucar 1L contiene 6 unidades',ALPRO,,BRICK,"1,00",L,1000,6,6000,,,,"11,17","10,16",,"1,86","1,69",,9%,COMPRA MAS PAGA MENOS,"0,01","0,10",5%,0%,6%,6%,6%
Leche semidesnatada sin lactosa EROSKI brik 1 litro,14879274,2-ALIMENTACION,5-LACTEOS,3-LECHE,4-LECHE SIN LACTOSA,10-LECHE SIN LACTOSA SEMIDESNTADA,Leche semidesnatada sin lactosa EROSKI brik 1 litro,EROSKI,14879274,BRIK,1,1000,1,L,,,,"0,96",,"0,96",,,70,,"0,91","0,91",5%," 'distance': 0,42169129848480225",199294,makro Chef leche semi sin lactosa brik 1 L contiene 6 unidades,MAKRO CHEF,,CAJA/CAJON,1,L,1000,6,6000,,,,"5,71",,,"0,87",,,,,"0,04","0,09",9%,5%,9%,9%,7%
"Ginebra RIVES, botella 1 litro",6302285,2-ALIMENTACION,11-BEBIDAS,18-BEBIDAS DE ALTA GRADUACION,3-GINEBRA,3-GINEBRA ESTANDAR,"Ginebra RIVES, botella 1 litro",RIVES,6302285,BOTELLA,1,1000,1,L,España,,,"11,89",,"11,89",,,0,,"10,11","10,11",15%," 'distance': 0,9638290405273438",76167,'Rives ginebra botella 1L',RIVES,,BOTELLA,"1,00",L,1000,1,1000,,,,"12,16",,,"12,16",,,,,"-2,05","-0,27",-2%,-20%,-2%,6%,6%
Espirales con vegetales EROSKI paquete 500 g,2685899,2-ALIMENTACION,9-COCINA,13-PASTAS,1-PASTA ENSALADAS,3-HELICES Y ESPIRALES ENSALADAS,Espirales con vegetales EROSKI paquete 500 g,EROSKI,2685899,PAQUETE,"0,5",500,1,KG,,,,"0,80",,"1,60",,,"9,26",,"0,68","1,36",15%," 'distance': 3,6123414039611816",212781,'aro espirales con vegetales paquete 5kg',ARO,,PAQUETE,"5,00",KG,5000,1,5000,,,,"7,58",,,"1,52",,,,,"-0,16","0,08",5%,-11%,5%,3%,7%
"Masa de hojaldre rectangular BUITONI, paquete 230 g",16546491,1-FRESCOS,14-SOLUCIONES CULINARIAS,35-DISFRUTA COCINANDO,30-MASAS REFRIGERADAS,"2-MASAS REFRIG,HOJALDRES","Masa de hojaldre rectangular BUITONI, paquete 230 g",BUITONI,16546491,PAQUETE,"0,23",230,1,KG,Suiza,,,"1,95",,"8,48",,,"4,26",,,,," 'distance': 2,133370876312256",135699,'Buitoni masa hojaldre rectangular 230g',BUITONI,,BANDEJA,"0,23",KG,230,1,230,,,,"1,86",,,"8,09",,,,,"0,39","0,39",5%,5%,5%,7%,7%
"Zumo de manzana GRANINI, botellín 33 cl",24154957,2-ALIMENTACION,11-BEBIDAS,6-ZUMOS Y NECTARES,5-ZUMO Y NECTAR TO GO,3-ZUMO Y NECTAR TO GO PREMIUM,"Zumo de manzana GRANINI, botellín 33 cl",GRANINI,24154957,BOTELLÍN,"0,33",330,1,L,,,,"1,55",,"4,70",,,"1,23",,,,," 'distance': 1,9686610698699951",201969,'GRANINI Zumo de manzana 20cl,GRANINI,,BOTELLA,"0,20",L,200,24,4800,,,,"22,43","20,19",,"4,67","4,21",,10%,COMPRA MAS PAGA MENOS,"0,49","0,49",10%,10%,1%,1%,4%
"Pan molde natural 100% sin corteza BIMBO, paquete 450 g",22884514,2-ALIMENTACION,10-DULCE,26-PAN DE MOLDE,6-PAN BLANCO,20-PAN BLANCO SIN CORTEZA,"Pan molde natural 100% sin corteza BIMBO, paquete 450 g",BIMBO,22884514,PAQUETE,"0,45",450,1,KG,,,,"2,79","2,09","6,20","4,65",,"8,65",2nd unit-50%,"1,99","4,42",5%," 'distance': 2,1891374588012695",30154,'Bimbo pan molde sin corteza 450g',BIMBO,,BOLSA/BOLSON,"0,45",KG,450,1,450,,,,"2,55",,,"5,67",,,,,"-1,25","-1,02",-22%,-28%,9%,9%,7%
Coliflor EROSKI bolsa 1 kg,25904830,2-ALIMENTACION,3-CONGELADOS,7-VERDURAS CONGELADAS,1-VERDURA NATURAL,9-OTRAS VERDURAS,Coliflor EROSKI bolsa 1 kg,EROSKI,25904830,BOLSA,1,1000,1,KG,,,,"2,29",,"2,29",,,"2,66",,"2,06","2,06",10%," 'distance': 6,867513656616211",103209,'METRO Chef Coliflor 40/6 2,METRO CHEF,,BOLSA/BOLSON,"2,50",KG,2500,1,2500,,,,"5,19","4,46",,"2,14","1,84",,14%,COMPRA MAS PAGA MENOS,"0,22","0,45",20%,11%,7%,7%,7%
"Ketjap manis GO-TAN, botella 270 ml",24287278,2-ALIMENTACION,8-SALADO,39-COMIDAS DEL MUNDO,10-COMIDA ASIATICA,10-INDIA Y THAI,"Ketjap manis GO-TAN, botella 270 ml",GO-TAN,24287278,BOTELLA,"0,27",270,1,L,,,,"3,41",,"12,63",,,"0,23",,"2,73","10,10",20%," 'distance': 0,854081153869629",191511,GO-TAN salsa soja dulce ketjap 270 ml,GO-TAN,,BOTELLA,"0,27",L,270,1,270,,,,"3,25",,,"12,04",,,,,"-1,93","0,59",5%,-19%,5%,5%,6%
"Leche semidesnatada sin lactosa ASTURIANA, brik 1 litro",15617756,2-ALIMENTACION,5-LACTEOS,3-LECHE,4-LECHE SIN LACTOSA,10-LECHE SIN LACTOSA SEMIDESNTADA,"Leche semidesnatada sin lactosa ASTURIANA, brik 1 litro",ASTURIANA,15617756,BRIK,1,1000,1,L,España,,,"1,30",,"1,30",,,"27,88",,"1,24","1,24",5%," 'distance': 2,0311431884765625",136651,'Central Lechera Asturiana leche semidesnatada sin lactosa brik 1 L contiene 6 unidades',CENTRAL LECHERA ASTURIANA,,PACK,"1,00",L,1000,6,6000,,,,"7,27",,,"1,21",,,,,"0,02","0,09",7%,2%,7%,7%,7%
"Tortilla de patatas con cebolla BENIS, 1 ud, 650 g",24141129,1-FRESCOS,14-SOLUCIONES CULINARIAS,30-CALENTAR Y LISTO,"25-TORTILLAS Y MUND,PATATA",1-TORTILLAS,"Tortilla de patatas con cebolla BENIS, 1 ud, 650 g",BENIS,24141129,UNIDAD,"0,65",650,1,KG,España,,,"4,99","3,99","7,68","6,14",,"4,33",20%,,,," 'distance': 1,321347951889038",174120,Benis Gourmet tortilla de patatas con cebolla 1kg,BENIS GOURMET,,PACK,"1,00",KG,1000,1,1000,,,,"6,77","5,82",,"6,77","5,82",,14%,COMPRA MAS PAGA MENOS,"0,32","0,32",5%,5%,12%,-36%,-11%
"Vermut Rojo EL BANDARRA, botella 1 litro",19654193,2-ALIMENTACION,11-BEBIDAS,18-BEBIDAS DE ALTA GRADUACION,25-VERMOUTH,1-VERMOUTH ROJO,"Vermut Rojo EL BANDARRA, botella 1 litro",EL BANDARRA,19654193,BOTELLA,1,1000,1,L,,,,"9,15",,"9,15",,,"0,03",,"7,78","7,78",15%," 'distance': 2,676405906677246",182479,'El Bandarra vermut botella 1L',EL BANDARRA,,BOTELLA,"1,00",L,1000,1,1000,,,,"8,34",,,"8,34",,,,,"-0,56","0,81",9%,-7%,9%,9%,7%
"Champiñon Portobello, bandeja 200 g",15942451,1-FRESCOS,1-FRUTA Y HORTALIZA,2-HORTALIZA,60-HONGOS,5-CHAMPIÑONES,"Champiñon Portobello, bandeja 200 g",EROSKI,15942451,BANDEJA,"0,2",200,1,KG,España,,,"1,65",,"8,25",,,"9,9",,"1,40","7,01",15%," 'distance': 1,326228380203247",4123,Champiñón Portobello bandeja 500g',MAKRO CHEF,,BANDEJA,"0,50",KG,500,1,500,,,,"3,84",,,"7,68",,,,,"-0,67","0,57",7%,-10%,7%,7%,7%
"Cava Brut Imperial GRAMONA, botella 75 cl",10841575,2-ALIMENTACION,11-BEBIDAS,16-ESPUMOSOS,3-CAVAS,3-CAVAS BRUT,"Cava Brut Imperial GRAMONA, botella 75 cl",GRAMONA,10841575,BOTELLA,"0,75",750,1,L,,,,"26,25",,"35,00",,,"0,11",,"21,00","28,00",20%," 'distance': 3,0874388217926025",308958,'Gramona Imperial Espumoso brut Gran Reserva botella 75cl',GRAMONA IMPERIAL,,BOTELLA,"0,75",L,750,1,750,,,,"24,19",,,"32,25",,,,,"-4,25","2,75",8%,-15%,8%,8%,7%
"Tónica pink SCHWEPPES ZERO, lata 33 cl",24079626,2-ALIMENTACION,11-BEBIDAS,10-BEBIDAS REFRESCANTES,9-C/G TONICA,20-C/G TONICA ZERO,"Tónica pink SCHWEPPES ZERO, lata 33 cl",SCHWEPPES,24079626,LATA,"0,33",330,1,L,,,,"0,99","0,74","3,00","2,25",,"0,26",2nd unit-50%,"0,59","1,80",20%," 'distance': 0,9877618551254272",217515,Schweppes tónica pink zero lata 25 cl contiene 24 unidades',SCHWEPPES,,PACK,"0,25",L,250,24,6000,,,,"17,65","16,59",,"2,94","2,77",,6%,COMPRA MAS PAGA MENOS,"-0,97","-0,52",-23%,-54%,2%,11%,8%
"Whisky Reserva J, WALKER Gold, botella 70 cl",15600570,2-ALIMENTACION,11-BEBIDAS,18-BEBIDAS DE ALTA GRADUACION,13-WHISKY,5-WHISKY¿PREMIUM,"Whisky Reserva J, WALKER Gold, botella 70 cl",JOHNNIE WALKER,15600570,BOTELLA,"0,7",700,1,L,Reino Unido,,,"55,99",,"79,99",,,0,,"47,59","67,99",15%," 'distance': 2,8873724937438965",123197,"JOHNNIE WALKER whisky escocés botella 70cl Alc, 40% vol,",JOHNNIE WALKER,,BOTELLA,"0,70",L,700,1,700,,,,"54,32",,,"77,60",,,,,"-9,61","2,39",3%,-14%,3%,3%,6%
"Vino Blanco orchidea Sauvignon Navarra INURRIETA, botella 75 cl",15292923,2-ALIMENTACION,11-BEBIDAS,14-VINO D.O.,"5-VINOS D,O,BLANCOS","55-VINO BLANCO D,O, NAVARRA","Vino Blanco orchidea Sauvignon Navarra INURRIETA, botella 75 cl",INURRIETA,15292923,BOTELLA,"0,75",750,1,L,España,,,"8,08",,"10,77",,,"0,03",,"6,87","9,16",15%," 'distance': 2,5079874992370605",91145,'Inurrieta vino blanco orchidea botella 75cl',INURRIETA,,BOTELLA,"0,75",L,750,1,750,,,,"6,16",,,"8,21",,,,,"0,94","2,56",24%,10%,24%,24%,13%
"Bitter ANGOSTURA, botellín 20 cl",20162038,2-ALIMENTACION,11-BEBIDAS,18-BEBIDAS DE ALTA GRADUACION,25-VERMOUTH,10-VERMOUTH APERITIVOS (AMARGOS),"Bitter ANGOSTURA, botellín 20 cl",ANGOSTURA,20162038,BOTELLÍN,"0,2",200,1,L,Trinidad y Tobago,,,"14,95",,"74,75",,,"0,03",,"12,71","63,54",15%," 'distance': 1,3826584815979004",5502,'ANGOSTURA Bitters botella 20 cl',ANGOSTURA,,BOTELLA,"0,20",L,200,1,200,,,,"13,90",,,"69,50",,,,,"-5,96","5,25",7%,-9%,7%,7%,7%
"Whisky JOHNNIE WALKER Double Black, botella 70 cl",16090235,2-ALIMENTACION,11-BEBIDAS,18-BEBIDAS DE ALTA GRADUACION,13-WHISKY,5-WHISKY¿PREMIUM,"Whisky JOHNNIE WALKER Double Black, botella 70 cl",JOHNNIE WALKER,16090235,BOTELLA,"0,7",700,1,L,Reino Unido,,,"41,65",,"59,50",,,0,,"35,40","50,58",15%," 'distance': 2,5685367584228516",123194,"JOHNNIE WALKER whisky escocés double black botella 70cl Alc, 40% vol,'",JOHNNIE WALKER,,BOTELLA,"0,70",L,700,1,700,,,,"36,12",,,"51,60",,,,,"-1,03","7,90",13%,-2%,13%,13%,9%
"Queso de oveja de leche cruda añejo POK, cuña 250 g",25310897,1-FRESCOS,4-CHARCUTERIA,3-QUESOS PORCION,19-QUESO VIEJO PORCION,4-QUESO VIEJO OVEJA PORCION,"Queso de oveja de leche cruda añejo POK, cuña 250 g",POK,25310897,CUñA,"0,25",250,1,KG,,,,"6,39",,"25,56",,,,,"5,75","23,00",10%," 'distance': 0,418428272008896",61616,Pok queso oveja añejo pieza 500 g,POK,,KILO,"1,5",KG,1500,1,1500,,,,"23,76",,,"23,76",,,,,"-0,76","1,80",7%,-3%,7%,7%,7%
"Sidra natural Gorenak BEREZIARTUA, botella 75 cl",5867841,2-ALIMENTACION,11-BEBIDAS,16-ESPUMOSOS,5-SIDRAS,3-SIDRAS NATURALES,"Sidra natural Gorenak BEREZIARTUA, botella 75 cl",BEREZIARTUA,5867841,BOTELLA,"0,75",750,1,L,,,,"2,79",,"3,72",,,"0,19",,"2,23","2,98",20%," 'distance': 2,611636161804199",283855,'Bereziartua Sidra 75cl',BEREZIARTUA,,BOTELLA,"0,75",L,750,1,750,,,,"2,65","2,25",,"3,53","3,00",,15%,COMPRA MAS PAGA MENOS,"-0,02","0,72",19%,-1%,5%,7%,7%
Hamburguesa de pollo EROSKI bandeja 360 g,22396832,1-FRESCOS,2-CARNICERIA,65-ELABORADOS ENVASADO,14-ELABORADOS HAMBURGUESA ENVASAD,5-HAMBURGUESA DE AVE ENVASADO,Hamburguesa de pollo EROSKI bandeja 360 g,EROSKI,22396832,BANDEJA,"0,36",360,1,KG,España,,,"2,55",,"7,08",,,"0,50",,"2,30","6,38",10%," 'distance': 2,521486520767212",212956,'Hamburguesa de Pollo 20X80 GR AI',MAKRO,,BANDEJA,"2,00",KG,2000,1,2000,,,,"13,15",,,"6,58",,,,,"-0,20","0,51",7%,-3%,7%,7%,7%
"Limpiador SANYTOL, botella 1,2 litros",12526323,2-ALIMENTACION,12-DROGUERIA,50-LIMPIADORES,19-RESTO HOGAR,18-LIMPIAHOGAR GRAL DESINFECCION,"Limpiador SANYTOL, botella 1,2 litros",SANYTOL,12526323,BOTELLA,"1,2",1200,1,L,,,,"3,19",,"2,66",,,"2,88",,"3,03","2,53",5%," 'distance': 2,0848538875579834",7454,'SANYTOL Limpiahogar 1,SANYTOL,,BOTELLA,"1,20",L,1200,1,1200,,,,"2,96",,,"2,47",,,,,"0,06","0,19",7%,2%,7%,7%,8%
"Salsa korma PATAK'S, frasco 450 g",24275877,2-ALIMENTACION,8-SALADO,39-COMIDAS DEL MUNDO,10-COMIDA ASIATICA,10-INDIA Y THAI,"Salsa korma PATAK'S, frasco 450 g",PATAK'S,24275877,FRASCO,"0,45",450,1,KG,,,,"3,50",,"7,78",,,"0,3",,"2,80","6,22",20%," 'distance': 0,530094563961029",199831,PATAK'S salsa curry korma sin gluten tarro 450 g,PATAK'S,,TARRO,"0,45",KG,450,1,450,,,,"3,47",,,"7,71",,,,,"-1,49","0,07",1%,-24%,1%,1%,5%
"Garbanzo pedrosillano LUENGO, paquete 500 g",14708119,2-ALIMENTACION,9-COCINA,9-LEGUMBRES,3-GARBANZO SECO,7-GARBANZO PEDROSILLANO,"Garbanzo pedrosillano LUENGO, paquete 500 g",LUENGO,14708119,PAQUETE,"0,5",500,1,KG,,,,"1,95","1,50","3,90","3,00",,"0,86",23%,"1,28","2,55",15%," 'distance': 1,829986572265625",37028,'Luengo garbanzo pedrosillano 5kg',LUENGO,,PAQUETE,"5,03",KG,5028,1,5028,,,,"18,19",,,"3,62",,,,,"-1,07","-0,62",-21%,-42%,7%,7%,7%
"Café molido natural FORTALEZA, paquete 500 g",20012274,2-ALIMENTACION,10-DULCE,8-CAFE,3-CAFE MOLIDO,1-CAFE MOLIDO NATURAL,"Café molido natural FORTALEZA, paquete 500 g",FORTALEZA,20012274,PAQUETE,"0,5",500,1,KG,,,,"7,22","4,69","14,44","9,39",,"3,58",2nd unit-70%,"4,22","8,45",10%," 'distance': 0,8854919672012329",4938,Fortaleza café molido natural 1Kg',FORTALEZA,,PAQUETE,"1,00",KG,1000,1,1000,,,,"18,80",,,"12,53",,,,,"-4,08","-3,14",-33%,-48%,13%,13%,10%
"Vino Blanco Rueda MARQUÉS DE RISCAL , botella 75 cl",340158,2-ALIMENTACION,11-BEBIDAS,14-VINO D.O.,"5-VINOS D,O,BLANCOS","67-VINO BLANCO D,O, RUEDA","Vino Blanco Rueda MARQUÉS DE RISCAL , botella 75 cl","MARQ,RISCAL",340158,BOTELLA,"0,75",750,1,L,España,,,"9,39",,"12,52",,,"1,17",,"7,98","10,64",15%," 'distance': 1,4323712587356567",69537,MARQUÉS DE RISCAL vino blanco Denominación de Origen dueda botella 75cl',MARQUÉS DE RISCAL,,BOTELLA,"0,75",L,750,1,750,,,,"8,29",,,"11,05",,,,,"-0,41","1,47",12%,-4%,12%,12%,10%
ACEITUNA RECETA CORTIJO-SARASA 3,20143657,2-ALIMENTACION,8-SALADO,48-ACEIT. Y ENCURT. TRADICIONALES,5-ACEITUNAS TRADICIONALES,5-ACEITUNAS TRADICIONALES,ACEITUNA RECETA CORTIJO-SARASA 3,SARASA,20143657,LATA,"4,2",4200,1,KG,,,,"13,15",,"3,13",,,"0,5",,"9,86","2,35",25%," 'distance': 0,341050624847412",130729,SARASA aceituna la receta del cortijo lata 2500 gne (4200 g),SARASA,,RETRACTIL,"4,2",KG,4200,1,4200,,,,"14,69","12,63",,"3,50","3,01",,14%,COMPRA MAS PAGA MENOS,"-0,66","0,12",4%,-28%,-12%,-12%,0%
"Whisky FOUR ROSES BOURBON, botella 70 cl",360883,2-ALIMENTACION,11-BEBIDAS,18-BEBIDAS DE ALTA GRADUACION,13-WHISKY,9-WHISKY AMERICANO,"Whisky FOUR ROSES BOURBON, botella 70 cl",FOUR ROSES,360883,BOTELLA,"0,7",700,1,L,Estados Unidos,,,"19,59",,"27,99",,,"0,61",,"16,65","23,79",15%," 'distance': 3,3026790618896484",75595,"Four Roses whisky americano botella 70cl Alc, 40% vol,'",FOUR ROSES,,BOTELLA,"0,70",L,700,1,700,,,,"17,48",,,"24,97",,,,,"-1,18","3,01",11%,-5%,11%,-11%,1%
"Queso azul EROSKI al corte, compra mínima 250 g",8529596,1-FRESCOS,4-CHARCUTERIA,1-QUESOS MOSTRADOR,22-QUESO AZULES Y VETEADOS,2-QUESOS AZULES INTERNACIONALES,"Queso azul EROSKI al corte, compra mínima 250 g",EROSKI,8529596,GRANEL,"0,25",250,1,AL CORTE,,,,"3,56",,"14,24",,,"0,2",,"2,67","10,68",25%," 'distance': 0,678117871284485",208373,makro Chef queso azul 5% oveja,MAKRO CHEF,,PIEZA,"2,5",KG,2500,1,2500,,,,"12,43","10,57",,"12,43","10,57",,15%,COMPRA MAS PAGA MENOS,"0,11","3,67",26%,1%,13%,15%,10%
"Cava Ice Rosé FREIXENET, botella 75 cl",20099982,2-ALIMENTACION,11-BEBIDAS,16-ESPUMOSOS,3-CAVAS,13-OTROS TIPOS DE ESPUMOSOS,"Cava Ice Rosé FREIXENET, botella 75 cl",FREIXENET,20099982,BOTELLA,"0,75",750,1,L,,,,"9,99",,"13,32",,,0,,"7,99","10,66",20%," 'distance': 0,7719063758850098",167353,'Freixenet cava ice rose botella 75cl',FREIXENET,,BOTELLA,"0,75",L,750,1,750,,,,"9,06",,,"12,08",,,,,"-1,42","1,24",9%,-13%,9%,9%,8%
"Garbanzo lechoso extra LUENGO, paquete 1 Kg",15964752,2-ALIMENTACION,9-COCINA,9-LEGUMBRES,3-GARBANZO SECO,3-GARBANZO LECHOSO,"Garbanzo lechoso extra LUENGO, paquete 1 Kg",LUENGO,15964752,PAQUETE,1,1000,1,KG,,,,"4,25",,"4,25",,,"0,88",,"3,61","3,61",15%," 'distance': 1,5836637020111084",37027,'Luengo garbanzo lechoso 5kg',LUENGO,,PAQUETE,"5,00",KG,5000,1,5000,,,,"21,41",,,"4,28",,,,,"-0,67","-0,03",-1%,-19%,-1%,-7%,2%
"Limpiador multiusos sin lejía SANYTOL, pistola 750 ml",14086177,2-ALIMENTACION,12-DROGUERIA,50-LIMPIADORES,19-RESTO HOGAR,35-LIMPIAHOGAR MULTIUSOS SPRAY,"Limpiador multiusos sin lejía SANYTOL, pistola 750 ml",SANYTOL,14086177,PISTOLA,"0,75",750,1,L,,,,"2,99","2,24","3,99","2,99",,"9,11",2nd unit-50%,"2,13","2,84",5%," 'distance': 2,8684730529785156",7455,'SANYTOL limpiador multiusos 750ml',SANYTOL,,AEROSOL/SPRAY,"0,75",L,750,1,750,,,,"2,6",,,"3,47",,,,,"-0,63","-0,48",-16%,-22%,13%,7%,9%
"Whisky escocés JB, botella 1 litro",6606255,2-ALIMENTACION,11-BEBIDAS,18-BEBIDAS DE ALTA GRADUACION,13-WHISKY,3-WHISKY¿STANDARD,"Whisky escocés JB, botella 1 litro",J&B,6606255,BOTELLA,1,1000,1,L,Reino Unido,,,"19,25","17,13","19,25","17,13",,"0,15",11%,"16,28","16,28",5%," 'distance': 2,703507900238037",1089,"J&B whisky escocés botella 1L Alc, 34% vol,'",J&B,,BOTELLA,"1,00",L,1000,1,1000,,,,"14,99",,,"14,99",,,,,"1,29","2,14",13%,8%,22%,16%,11%
"Leche Condensada LA LECHERA, lata 740 g",346106,2-ALIMENTACION,8-SALADO,21-LECHES ESPECIALES,3-LECHE¿CONDENSADA¿,1-LECHE CONDENSADA GRANDE,"Leche Condensada LA LECHERA, lata 740 g",LA LECHERA,346106,LATA,"0,74",740,1,KG,España,,,"3,95",,"5,34",,,"1,65",,,,," 'distance': 0,9143242835998535",127027,'La Lechera Consumer leche condensada,LA LECHERA,,BOTE,"0,74",KG,740,1,740,,,,"3,91",,,"5,28",,,,,"0,05","0,05",1%,1%,1%,1%,5%
"Ginebra BEEFEATER BLACK, botella 70 cl",25935792,2-ALIMENTACION,11-BEBIDAS,18-BEBIDAS DE ALTA GRADUACION,3-GINEBRA,10-GINEBRA PREMIUM,"Ginebra BEEFEATER BLACK, botella 70 cl",BEEFEATER,25935792,BOTELLA,"0,7",700,1,L,Reino Unido,,,"18,15","16,15","25,93","23,08",,0,11%,"13,73","19,61",15%," 'distance': 0,8552790284156799",214755,'BEEFEATER ginebra black botella 70 cl',BEEFEATER 24,,BOTELLA,"0,70",L,700,1,700,,,,"16,76",,,"23,94",,,,,"-4,33","-0,87",-4%,-22%,8%,7%,7%
"Vino Banco D,O,C, Rioja SOLAR DE ESTRAUNZA, botella 75 cl",23791320,2-ALIMENTACION,11-BEBIDAS,14-VINO D.O.,"5-VINOS D,O,BLANCOS","66-VINO BLANCO D,O, RIOJA","Vino Banco D,O,C, Rioja SOLAR DE ESTRAUNZA, botella 75 cl",SOLAR DE ESTRAUNZA,23791320,BOTELLA,"0,75",750,1,L,,,,"3,99",,"5,32",,,"0,33",,"3,39","4,52",15%," 'distance': 2,5754590034484863",185568,'Solar De Estraunza vino blanco botella 75cl',SOLAR DE ESTRAUNZA,,BOTELLA,"0,75",L,750,1,750,,,,"3,69",,,"4,92",,,,,"-0,40","0,40",8%,-9%,8%,8%,8%
"Vino Tinto Joven D,O, Rioja FAUSTINO VII, botella 75 cl",954615,2-ALIMENTACION,11-BEBIDAS,14-VINO D.O.,"9-VINOS D,O, TINTOS","52-VINO TINTO D,O, RIOJA JOVEN","Vino Tinto Joven D,O, Rioja FAUSTINO VII, botella 75 cl",FAUSTINO VII,954615,BOTELLA,"0,75",750,1,L,España,,,"4,35",,"5,80",,,"4,53",,"3,70","4,93",15%," 'distance': 0,8440989255905151",383513,'Faustino VII vino tinto Rioja botella 75cl',FAUSTINO,,BOTELLA,"0,75",L,750,1,750,,,,"3,98",,,"5,31",,,,,"-0,38","0,49",9%,-8%,9%,10%,8%
"Ginebra BEEFEATER, botella 70 cl",313577,2-ALIMENTACION,11-BEBIDAS,18-BEBIDAS DE ALTA GRADUACION,3-GINEBRA,3-GINEBRA ESTANDAR,"Ginebra BEEFEATER, botella 70 cl",BEEFEATER,313577,BOTELLA,"0,7",700,1,L,Reino Unido,,,"14,25","12,97","20,36","18,53",,"0,26",9%,"11,02","15,75",15%," 'distance': 0,15854965150356293",821353,'BEEFEATER ginebra botella 70 cl',BEEFEATER,,BOTELLA,"0,70",L,700,1,700,,,,"13,61",,,"19,44",,,,,"-3,70","-0,92",-5%,-23%,4%,4%,7%
"Queso rulo de cabra PRESIDENT, rulo 180 g",21148119,1-FRESCOS,4-CHARCUTERIA,3-QUESOS PORCION,30-QUESOS RULO Y MEDALLONES,5-QUESOS RULO PORCION,"Queso rulo de cabra PRESIDENT, rulo 180 g",PRESIDENT,21148119,RULO,"0,18",180,1,KG,Francia,,,"4,25","3,19","23,61","17,71",,"3,23",2nd unit-50%,"2,87","15,94",10%," 'distance': 0,5297846794128418",175223,PRÉSIDENT queso cabra rulo 180 g',PRÉSIDENT,,RULO,"0,18",KG,180,1,180,,,,"3,69","3,14",,"20,50","17,43",,15%,COMPRA MAS PAGA MENOS,"-1,49","0,28",2%,-9%,13%,12%,9%
"Chuletillas de cordero, bandeja aprox. 1.2 kg",5018213,1-FRESCOS,2-CARNICERIA,63-CORDERO ENVASADO,1-CORDERO RECENTAL ENVASADO,2-CORD RECENT CHULET ENVASADO,"Chuletillas de cordero, bandeja aprox. 1.2 kg",EROSKI,5018213,BANDEJA,"1,2",1200,1,KG,,,,"34,20","31,46","28,50","26,22",,"0,26",8%,,,," 'distance': 0,7485693658674753",206969,"Chuletas palo cordero bandeja 1,5 kg",MAKRO,,BANDEJA,"1,5",KG,1500,1,1500,,,,"29,54",,,"19,69",,,,,"6,53","6,53",25%,25%,31%,8%,8%
"Ginebra BOMBAY ORIGINAL, botella 70 cl",361915,2-ALIMENTACION,11-BEBIDAS,18-BEBIDAS DE ALTA GRADUACION,3-GINEBRA,3-GINEBRA ESTANDAR,"Ginebra BOMBAY ORIGINAL, botella 70 cl",BOMBAY,361915,BOTELLA,"0,7",700,1,L,Reino Unido,,,"17,05",,"24,36",,,"0,03",,"14,49","20,70",15%," 'distance': 0,6245969533920288",100867,'BOMBAY DRY GIN ginebra original botella 70 cl',BOMBAY,,BOTELLA,"0,70",L,700,1,700,,,,"13,61",,,"19,44",,,,,"1,26","4,92",20%,6%,20%,21%,12%
"Yogur artesano al estilo griego PASTORET, tarrina 500 g",18643197,2-ALIMENTACION,5-LACTEOS,4-YOGURES Y POSTRES,2-YOGURES ESPECIALES,80-TIPO GRIEGO NATURAL,"Yogur artesano al estilo griego PASTORET, tarrina 500 g",PASTORET,18643197,TARRINA,"0,5",500,1,KG,,,,"3,39",,"6,78",,,"3,34",,,,," 'distance': 3,211979389190674",195145,Pastoret yogur tipo griego 500 g,PASTORET,,UNIDAD,"0,5",KG,500,1,500,,,,"3,28",,,"6,56",,,,,"0,22","0,22",3%,3%,3%,8%,8%
"Ron Añejo BARCELO, botella 1,75 cl",20097176,2-ALIMENTACION,11-BEBIDAS,18-BEBIDAS DE ALTA GRADUACION,5-RON,5-RON¿OSCURO¿ESTANDAR,"Ron Añejo BARCELO, botella 1,75 cl",BARCELO,20097176,BOTELLA,"1,75",1750,1,L,,,,35,,"20,00",,,"0,15",,"29,75","17,00",15%," 'distance': 1,5762498378753662",168061,"Barcelo ron añejo botella 1,75 L Alc, 37% vol,",RON BARCELÓ,,BOTELLA,"1,75",L,1750,1,1750,,,,"33,99",,,"19,42",,,,,"-2,42","0,58",3%,-14%,3%,8%,7%
"Mantequilla ASTURIANA, tarrina 250 g",983536,2-ALIMENTACION,5-LACTEOS,14-MANTEQUILLAS Y MARGARINAS,1-MANTEQUILLA,3-MANTEQUILLA TARRINA,"Mantequilla ASTURIANA, tarrina 250 g",ASTURIANA,983536,TARRINA,"0,25",250,1,KG,,,,"3,75",,"15,00",,,"5,92",,"3,19","12,75",15%," 'distance': 0,3525789678096771",106325,'Asturiana mantequilla tarrina 250 g',ASTURIANA,,TARRINA,"0,25",KG,250,1,250,,,,"3,18","2,86",,"12,72","11,45",,10%,COMPRA MAS PAGA MENOS,"1,30","3,55",24%,10%,15%,8%,8%
"Molde de metal desmontable ZENKER, 26cm",11006301,4-BAZAR,20-MENAJE,6-HORNO Y CONSERVACION,3-REPOSTERIA,3-MOLDES PARA REPOSTERIA METAL,"Molde de metal desmontable ZENKER, 26cm",ZENKER,11006301,UNIDAD,1,1000,1,CM,,,,"11,75",,"11,75",,,"0,26",,,,," 'distance': 3,601590871810913",612378,'zenker molde desmontable 26 cm 2 piezas',ZENKER,,PIEZA,"0,40",CM,397,1,397,,,,"10,83",,,"10,83",,,,,"0,92","0,92",8%,8%,8%,8%,8%
"Manzana Golden, bolsa 1,5 kg",24918120,1-FRESCOS,1-FRUTA Y HORTALIZA,1-FRUTA,25-MANZANAS,30-MANZANAS DULCES GOLDEN,"Manzana Golden, bolsa 1,5 kg",EROSKI,24918120,BOLSA,"1,5",1500,1,KG,,,,"2,93",,"1,95",,,"18,61",,"2,64","1,76",10%," 'distance': 3,126147747039795",933933,"Manzana golden calibre 65/75 bolsa 2kg ,'",MAKRO CHEF,,KILO,"2,00",KG,2000,1,2000,,,,"1,76",,,"1,76",,,,,"0,00","0,19",10%,0%,10%,-6%,2%
Alubia blanca larga EROSKI paquete 1 kg,25948324,2-ALIMENTACION,9-COCINA,9-LEGUMBRES,1-ALUBIA SECA,1-ALUBIA BLANCA LARGA,Alubia blanca larga EROSKI paquete 1 kg,EROSKI,25948324,PAQUETE,1,1000,1,KG,,,,"2,55",,"2,55",,,"2,69",,"2,17","2,17",15%," 'distance': 5,395942687988281",200639,'makro Chef alubia blanca paquete 1kg',MAKRO CHEF,,BOLSA/BOLSON,"1,00",KG,1000,1,1000,,,,"2,34","2,15",,"2,34","2,15",,8%,COMPRA MAS PAGA MENOS,"0,01","0,40",16%,1%,8%,8%,7%
"Perlas de queso rellenas de frambuesa EL PASTOR, bandeja 125 g",23716046,1-FRESCOS,4-CHARCUTERIA,3-QUESOS PORCION,26-TABLAS Y CORTADOS PORCION,5-OTROS PORCION,"Perlas de queso rellenas de frambuesa EL PASTOR, bandeja 125 g",EL PASTOR,23716046,BANDEJA,"0,125",125,1,KG,España,,,"2,65","2,46","21,20","19,72",,"2,03",7%,"2,22","17,74",10%," 'distance': 0,5683435797691345",215232,'EL PASTOR perlas de queso rellenas de frambuesa 2 bandejas de 125 g',EL PASTOR,,BANDEJA,"0,13",KG,125,1,125,,,,"2,07","1,82",,"16,56","14,57",,12%,COMPRA MAS PAGA MENOS,"3,17","5,14",26%,18%,22%,12%,9%
"Pacharán IGP Navarra ZOCO, botella 1 litro",317230,2-ALIMENTACION,11-BEBIDAS,18-BEBIDAS DE ALTA GRADUACION,15-PATXARAN Y PONCHE,"2-PATXARAN CON I,G,P,","Pacharán IGP Navarra ZOCO, botella 1 litro",ZOCO,317230,BOTELLA,1,1000,1,L,España,,,"11,25",,"11,25",,,"0,56",,"9,56","9,56",15%," 'distance': 2,287773370742798",62335,'Zoco pacharan botella 1L',ZOCO,,BOTELLA,"1,00",L,1000,1,1000,,,,"10,1","9,60",,"10,10","9,60",,5%,COMPRA MAS PAGA MENOS,"-0,03","1,66",15%,0%,10%,5%,7%
"Chocolate blanco para postre NESTLÉ, tableta 170 g",26187344,2-ALIMENTACION,10-DULCE,14-CHOCOLATES,11-CHOCOLATE¿TAZA¿Y¿POSTRES,1-CHOCOLATE POSTRE,"Chocolate blanco para postre NESTLÉ, tableta 170 g",NESTLÉ,26187344,TABLETA,"0,17",170,1,KG,Suiza,,,"3,69",,"21,71",,,"0,65",,,,," 'distance': 2,110964059829712",170401,Nestlé postres chocolate blanco 170g',NESTLÉ,,BOLSA/BOLSON,"0,17",KG,170,1,170,,,,"3,40","3,09",,"20,00","18,20",,9%,COMPRA MAS PAGA MENOS,"3,51","3,51",16%,16%,8%,8%,9%
"Vino Tinto Toro FLOR DE VETUS, botella 75 cl",15009442,2-ALIMENTACION,11-BEBIDAS,14-VINO D.O.,"9-VINOS D,O, TINTOS","63-VINO¿TINTO¿D,O,¿TORO¿","Vino Tinto Toro FLOR DE VETUS, botella 75 cl",FLOR VETUS,15009442,BOTELLA,"0,75",750,1,L,,,,"10,95",,"14,60",,,0,,"9,31","12,41",15%," 'distance': 0,46708935499191284",107247,'Flor De Vetus vino tinto Toro botella 75cl',FLOR DE VETUS,,BOTELLA,"0,75",L,750,1,750,,,,"9,55","8,12",,"12,73","10,82",,15%,COMPRA MAS PAGA MENOS,"1,59","3,78",26%,13%,13%,3%,6%
"Torcidas de fresa FINI, bolsa 150 g",24320137,2-ALIMENTACION,8-SALADO,9-CHICLES Y CARAMELOS,1-CARAMELO,47-REGALIZ RESTO BRILLO,"Torcidas de fresa FINI, bolsa 150 g",FINI,24320137,BOLSA,"0,15",150,1,KG,,,,"1,17",,"7,80",,,"1,61",,,,," 'distance': 3,3280649185180664",217572,'Fini regaliz fresa bolsa 1 kg',FINI,,BOLSA/BOLSON,"1,00",KG,1000,1,1000,,,,"7,43",,,"7,43",,,,,"0,37","0,37",5%,5%,5%,5%,7%
"Masa para pizza TARRADELLAS, paquete 260 g",13227376,1-FRESCOS,14-SOLUCIONES CULINARIAS,35-DISFRUTA COCINANDO,30-MASAS REFRIGERADAS,1-MASAS REFRIG. PIZZAS,"Masa para pizza TARRADELLAS, paquete 260 g",TARRADELLAS,13227376,PAQUETE,"0,26",260,1,KG,,,,"1,39",,"5,35",,,5,,,,," 'distance': 0,4034257233142853",214419,Casa Tarradellas masa pizza familiar fresca blister 400g,CASA TARRADELLAS,,BLISTER,"0,4",KG,400,1,400,,,,"1,97",,,"4,93",,,,,"0,42","0,42",8%,8%,8%,8%,8%
"Whisky J&B, botella 70 cl",315655,2-ALIMENTACION,11-BEBIDAS,18-BEBIDAS DE ALTA GRADUACION,13-WHISKY,3-WHISKY¿STANDARD,"Whisky J&B, botella 70 cl",J&B,315655,BOTELLA,"0,7",700,1,L,Reino Unido,,,"14,48","12,02","19,27","17,17",,"0,3",17%,"10,22","14,59",15%," 'distance': 2,056452512741089",247000,"J&B whisky escocés botella 70cl Alc, 40% vol,'",J&B,,BOTELLA,"0,70",L,700,1,700,,,,"10,83",,,"15,47",,,,,"-0,88","1,70",10%,-6%,20%,17%,11%
"Champagne Brut Rosé MOET&CHANDON, botella 75 cl",2678571,2-ALIMENTACION,11-BEBIDAS,16-ESPUMOSOS,1-ESPUMOSOS ORIGEN EXTRANJERO,1-CHAMPAGNES,"Champagne Brut Rosé MOET&CHANDON, botella 75 cl",MOET & CHANDON,2678571,BOTELLA,"0,75",750,1,L,Francia,,,"59,90",,"79,87",,,0,,"47,92","63,89",20%," 'distance': 1,2804973125457764",84578,MOET & CHANDON champagne rosado botella 75cl',MOET & CHANDON,,BOTELLA,"0,75",L,750,1,750,,,,"55,84",,,"74,45",,,,,"-10,56","5,42",7%,-17%,7%,7%,7%
Leche condensada desnatada EROSKI dosificador 450 g,9205220,2-ALIMENTACION,8-SALADO,21-LECHES ESPECIALES,3-LECHE¿CONDENSADA¿,1-LECHE CONDENSADA GRANDE,Leche condensada desnatada EROSKI dosificador 450 g,EROSKI,9205220,DOSIFICADOR,"0,45",450,1,KG,,,,"2,55",,"5,67",,,"0,8",,,,," 'distance': 4,336329936981201",211021,'METRO Chef leche condensada desnatada 950g',METRO CHEF,,UNIDAD,"0,95",KG,950,1,950,,,,"5,05",,,"5,32",,,,,"0,35","0,35",6%,6%,6%,6%,7%
"Licor de nube BUITRAL, botella 1 litro",21983804,2-ALIMENTACION,11-BEBIDAS,18-BEBIDAS DE ALTA GRADUACION,28-CREMAS,15-CREMAS RESTO,"Licor de nube BUITRAL, botella 1 litro",BUITRAL,21983804,BOTELLA,1,1000,1,L,España,,,"14,99",,"14,99",,,"0,03",,"12,74","12,74",15%," 'distance': 2,267223358154297",166246,'Buitral licor nube botella 1L',BUITRAL,,BOTELLA,"1,00",L,1000,1,1000,,,,"13,78",,,"13,78",,,,,"-1,04","1,21",8%,-8%,8%,8%,8%
"Caldo casero de cocido GALLINA BLANCA, pack 2x1 litro",18982488,2-ALIMENTACION,9-COCINA,15-SOPAS PURES Y CALDOS,6-CALDOS¿LÍQUIDOS,13-CALDO LIQUIDO COCIDO,"Caldo casero de cocido GALLINA BLANCA, pack 2x1 litro",GALLINA BLANCA,18982488,PACK,2,2000,1,L,,,,"4,19","2,72","2,10","1,36",,"5,07",2nd unit-70%,,,," 'distance': 0,594797015190125",124646,Gallina Blanca caldo cocido liquido 1l,GALLINA BLANCA,,BRIK,1,L,1000,1,1000,,,,"1,82",,,"1,82",,,,,"-0,46","-0,46",-34%,-34%,13%,56%,24%
"Vino Blanco Verdejo PROTOS, botella 75 cl",11223427,2-ALIMENTACION,11-BEBIDAS,14-VINO D.O.,"5-VINOS D,O,BLANCOS","67-VINO BLANCO D,O, RUEDA","Vino Blanco Verdejo PROTOS, botella 75 cl",PROTOS,11223427,BOTELLA,"0,75",750,1,L,,,,"7,65",,"10,20",,,"0,84",,"6,50","8,67",15%," 'distance': 0,9794895052909851",50597,'Protos vino blanco Verdejo Rueda botella 75cl',PROTOS,,BOTELLA,"0,75",L,750,1,750,,,,"6,59",,,"8,79",,,,,"-0,12","1,41",14%,-1%,14%,14%,10%
"Bonito en aceite de oliva ZALLO, lata 266 g",1381086,2-ALIMENTACION,8-SALADO,23-CONSERVAS DE PESCADO,7-BONITO,9-BONITO ACEITE,"Bonito en aceite de oliva ZALLO, lata 266 g",ZALLO,1381086,LATA,"0,266",266,1,KG,,,,"5,95",,"22,37",,,"0,34",,"5,36","20,13",10%," 'distance': 1,0010857582092285",165398,'Zallo bonito aceite oliva lata 1400 gne (1800 g)',ZALLO,,LATA,"1,80",KG,1800,1,1800,,,,"39,15",,,"21,75",,,,,"-1,62","0,62",3%,-8%,3%,5%,8%
"Vino Quinado SANSON, botella 1 litro",317701,2-ALIMENTACION,11-BEBIDAS,14-VINO D.O.,13-VINOS¿DULCES¿Y GENEROSOS,98-OTROS DULCES,"Vino Quinado SANSON, botella 1 litro",SANSON,317701,BOTELLA,1,1000,1,L,España,,,"5,70",,"5,70",,,"0,92",,"4,85","4,85",15%," 'distance': 4,317130088806152",261443,'Sanson Quinado botella 1l',SANSON,,BOTELLA,"1,00",L,1000,1,1000,,,,"5,26",,,"5,26",,,,,"-0,42","0,44",8%,-9%,8%,9%,9%
"Ginebra Flor de Sevilla TANQUERAY, botella 70 cl",21017611,2-ALIMENTACION,11-BEBIDAS,18-BEBIDAS DE ALTA GRADUACION,3-GINEBRA,10-GINEBRA PREMIUM,"Ginebra Flor de Sevilla TANQUERAY, botella 70 cl",TANQUERAY,21017611,BOTELLA,"0,7",700,1,L,Reino Unido,,,"19,25",,"27,50",,,"0,03",,"16,36","23,38",15%," 'distance': 0,29988914728164673",173532,'Tanqueray ginebra flor de Sevilla botella 70cl',TANQUERAY,,BOTELLA,"0,70",L,700,1,700,,,,"17,24",,,"24,63",,,,,"-1,25","2,87",10%,-5%,10%,10%,8%
"Crema de orujo RUAVIEJA ORO, botella 70 cl",9237470,2-ALIMENTACION,11-BEBIDAS,18-BEBIDAS DE ALTA GRADUACION,28-CREMAS,5-CREMAS BASE ORUJO,"Crema de orujo RUAVIEJA ORO, botella 70 cl",RUAVIEJA,9237470,BOTELLA,"0,7",700,1,L,España,,,"13,29","11,03","18,99","15,76",,"0,11",17%,"9,38","13,39",15%," 'distance': 1,3867945671081543",44808,'Ruavieja licor crema botella 70cl',RUAVIEJA,,BOTELLA,"0,70",L,700,1,700,,,,"11,92",,,"17,03",,,,,"-3,63","-1,27",-8%,-27%,10%,8%,8%
"ATUN GIRASOL E,BASIC 750G",24938912,2-ALIMENTACION,8-SALADO,23-CONSERVAS DE PESCADO,3-ATUN,15-ATUN EN ACEITE GIRASOL,"ATUN GIRASOL E,BASIC 750G","E,BASIC",24938912,LATA,"0,75",750,1,KG,,,,"6,50",,"8,67",,,"2,34",,"5,85","7,80",10%," 'distance': 1,25823676586151",295633,aro atún aceite vegetal 650 gne (900 g),ARO,,LATA,"0,9",KG,900,1,900,,,,"7,14",,,"7,93",,,,,"-0,13","0,73",8%,-2%,8%,9%,8%
"Tónica Blue NORDIC MIST, lata 25 cl",16959553,2-ALIMENTACION,11-BEBIDAS,10-BEBIDAS REFRESCANTES,9-C/G TONICA,10-C/G TONICA REG PEQUE,"Tónica Blue NORDIC MIST, lata 25 cl",NORDIC MIST,16959553,LATA,"0,25",250,1,L,,,,"0,65",,"2,60",,,"1,3",,"0,52","2,08",20%," 'distance': 3,4710500240325928",194133,NØRDIC MIST tónica blue 25cl contiene 24 unidades',NORDIC MIST,,LATA,"0,25",L,250,24,6000,,,,"14,82",,,"2,47",,,,,"-0,39","0,13",5%,-19%,5%,5%,7%
"Piña de Centro America, pieza al peso apox. 1.9 kg",5848726,1-FRESCOS,1-FRUTA Y HORTALIZA,1-FRUTA,73-PIÑAS,5-PIÑAS PIEZA,"Piña de Centro America, pieza al peso apox. 1.9 kg",EROSKI,5848726,PIEZA,"1,9",1900,1,KG,,,,"3,72",,"1,96",,,"9,81",,"3,35","1,76",10%," 'distance': 0,70058262348175",91,METRO Chef Piña calibre 6 pieza 2kg,METRO CHEF,,PIEZA,2,KG,2000,1,2000,,,,"3,11","2,80",,"1,56","1,40",,10%,COMPRA MAS PAGA MENOS,"0,36","0,56",29%,21%,21%,2%,6%
"Brandy DUQUE DE ALBA, botella 70 cl",315077,2-ALIMENTACION,11-BEBIDAS,18-BEBIDAS DE ALTA GRADUACION,11-BRANDY,3-BRANDY,"Brandy DUQUE DE ALBA, botella 70 cl",DUQUE ALBA,315077,BOTELLA,"0,7",700,1,L,,,,"28,60",,"40,86",,,"0,03",,"24,31","34,73",15%," 'distance': 3,4985170364379883",81554,'Gran Duque De Alba brandy botella 70cl',GRAN DUQUE DE ALBA,,BOTELLA,"0,70",L,700,1,700,,,,"26,08",,,"37,26",,,,,"-2,53","3,60",9%,-7%,9%,9%,8%
"Aceite de oliva virgen extra arbequina BORGES, botella 75 cl",157115,2-ALIMENTACION,9-COCINA,1-ACEITE,3-ACEITE OLIVA VIRGEN,"3-ACEITE V, EXTRA  0,75 L Y LATA","Aceite de oliva virgen extra arbequina BORGES, botella 75 cl",BORGES,157115,BOTELLA,"0,75",750,1,L,España,,,"7,99","5,19","10,65","6,92",,"0,46",2nd unit-70%,"4,93","6,58",5%," 'distance': 0,4255211353302002",483496,'BORGES aceite oliva virgen extra arbequina botella 750ml',BORGES,,BOTELLA,"0,75",L,750,1,750,,,,"9,20",,,"12,27",,,,,"-5,69","-5,34",-77%,-86%,-15%,18%,12%
"Licor de hierbas JAGERMEISTER, botella 1 litro",20166518,2-ALIMENTACION,11-BEBIDAS,18-BEBIDAS DE ALTA GRADUACION,9-AGUARDIENTES Y ORUJOS,1-AGUARDIENTES¿Y¿ORUJOS HIERBAS,"Licor de hierbas JAGERMEISTER, botella 1 litro",JAGERMEISTER,20166518,BOTELLA,1,1000,1,L,Alemania,,,"19,25",,"19,25",,,"0,03",,"16,36","16,36",15%," 'distance': 0,6961979866027832",56094,JAGERMEISTER licor hierbas botella 1L',JAGERMEISTER,,BOTELLA,"1,00",L,1000,1,1000,,,,"15,84",,,"15,84",,,,,"0,52","3,41",18%,3%,18%,-3%,5%
"Yogur natural azucarado DANONE, pack 4x120 g",201681,2-ALIMENTACION,5-LACTEOS,4-YOGURES Y POSTRES,1-YOGURES BASICOS,80-ENTERO NATURAL,"Yogur natural azucarado DANONE, pack 4x120 g",DANONE,201681,PACK,"0,48",480,1,KG,,,,1,,"2,08",,,"1,96",,,,," 'distance': 0,9064390659332275",145763,'DANONe yogur natural azucarado 120 g contiene 4 unidades',DANONE,,PACK,"0,12",KG,120,4,480,,,,"0,93",,,"1,94",,,,,"0,15","0,15",7%,7%,7%,4%,6%
"Yogur sabor a plátano DANONE, pack 4x120 g",204255,2-ALIMENTACION,5-LACTEOS,4-YOGURES Y POSTRES,1-YOGURES BASICOS,81-ENTERO DE SABORES,"Yogur sabor a plátano DANONE, pack 4x120 g",DANONE,204255,PACK,"0,48",480,1,KG,España,,,1,,"2,08",,,"6,69",,,,," 'distance': 1,111720085144043",8908,DANONe yogur sabor plátano 120 g contiene 4 unidades  (total 480 g)',DANONE,,PACK,"0,12",KG,120,4,480,,,,"0,93",,,"1,94",,,,,"0,15","0,15",7%,7%,7%,4%,6%
"Yogur natural DANONE, pack 4x120 g",204214,2-ALIMENTACION,5-LACTEOS,4-YOGURES Y POSTRES,1-YOGURES BASICOS,80-ENTERO NATURAL,"Yogur natural DANONE, pack 4x120 g",DANONE,204214,PACK,"0,48",480,1,KG,,,,1,,"2,08",,,"8,84",,,,," 'distance': 1,5660167932510376",145312,'DANONe yogur natural 120 g contiene 4 unidades',DANONE,,PACK,"0,12",KG,120,4,480,,,,"0,93",,,"1,94",,,,,"0,15","0,15",7%,7%,7%,4%,6%
"Yogur sabor coco DANONE, pack 4x120 g",227645,2-ALIMENTACION,5-LACTEOS,4-YOGURES Y POSTRES,1-YOGURES BASICOS,81-ENTERO DE SABORES,"Yogur sabor coco DANONE, pack 4x120 g",DANONE,227645,PACK,"0,48",480,1,KG,España,,,1,,"2,08",,,"8,38",,,,," 'distance': 0,937652051448822",162782,'DANONe yogur sabor coco 120 g contiene 4 unidades',DANONE,,PACK,"0,12",KG,120,4,480,,,,"0,92","0,79",,"1,92","1,65",,14%,COMPRA MAS PAGA MENOS,"0,44","0,44",21%,21%,8%,4%,6%
"Vino Tinto Crianza D,O, Rioja CUNE, botellín 37,5 cl",330308,2-ALIMENTACION,11-BEBIDAS,14-VINO D.O.,"9-VINOS D,O, TINTOS","53-VINO TINTO D,O, RIOJA CRIANZA","Vino Tinto Crianza D,O, Rioja CUNE, botellín 37,5 cl",CUNE,330308,BOTELLÍN,"0,375",375,1,L,España,,,"4,65",,"12,40",,,"0,07",,"3,95","10,54",15%," 'distance': 1,2302358150482178",133536,'Cune vino tinto crianza Rioja botella 37,CUNE,,BOTELLA,"0,38",L,375,1,375,,,,"4,34","3,69",,"11,57","9,84",,15%,COMPRA MAS PAGA MENOS,"0,70","2,56",21%,7%,7%,9%,9%
"Aroma de azahar VAHINÉ, bote 200 ml",314617,2-ALIMENTACION,9-COCINA,21-REPOSTERIA,7-INGREDIENTES Y AYUDAS,15-AROMA Y ESENCIAS,"Aroma de azahar VAHINÉ, bote 200 ml",VAHINÉ,314617,BOTE,"0,2",200,1,L,,,,"3,15",,"15,75",,,,,,,," 'distance': 3,211979389190674",144653,VAINé agua de azahar 200ml,VAHINÉ,,CAJA/CAJON,"0,2",L,200,1,200,,,,"2,74",,,"13,70",,,,,"2,05","2,05",13%,13%,13%,13%,10%
Escalope de jamón de cerdo EROSKI bandeja 550 g,17360918,1-FRESCOS,2-CARNICERIA,62-PORCINO ENVASADO,1-PORCINO BLANCO ENVASADO,5-JAMO/ESCA/ROTI BLANCO ENVASADO,Escalope de jamón de cerdo EROSKI bandeja 550 g,EROSKI,17360918,BANDEJA,"0,55",550,1,KG,,,,"4,59",,"8,35",,,"1,4",,"4,36","7,93",5%," 'distance': 0,7165549993515015",183498,Jamón fileteado de cerdo bandeja precio kg,MAKRO,,KILO,"1,1",KG,1100,1,1100,,,,"7,65",,,"7,65",,,,,"0,28","0,70",8%,4%,8%,8%,8%
"Ginebra TANQUERAY, botella 1 litro",9143769,2-ALIMENTACION,11-BEBIDAS,18-BEBIDAS DE ALTA GRADUACION,3-GINEBRA,3-GINEBRA ESTANDAR,"Ginebra TANQUERAY, botella 1 litro",TANQUERAY,9143769,BOTELLA,1,1000,1,L,,,,"19,69",,"19,69",,,"0,15",,"16,74","16,74",15%," 'distance': 0,8732077479362488",142570,'Tanqueray ginebra botella 1L',TANQUERAY,,BOTELLA,"1,00",L,1000,1,1000,,,,"19,83",,,"19,83",,,,,"-3,09","-0,14",-1%,-18%,-1%,-1%,6%
"Medallón mousse de pato AOSTE, pack 2x100 g",13192703,1-FRESCOS,4-CHARCUTERIA,11-PATES PORCION,2-PATES DE PATO/OCA PORCION,1-PATES PATO/OCA PORC DIARI/OCAS,"Medallón mousse de pato AOSTE, pack 2x100 g",AOSTE,13192703,PACK,"0,2",200,1,KG,España,,,"3,81",,"19,05",,,"6,73",,"3,43","17,15",10%," 'distance': 3,1268625259399414",82961,'Aoste mousse de pato 100 g contiene 2 unidades (total 200 g)',AOSTE,,BANDEJA,"0,20",KG,200,1,200,,,,"3,80",,,"19,00",,,,,"-1,86","0,05",0%,-11%,0%,0%,6%
"Ginebra inglesa BULLDOG, botella 70 cl",14339998,2-ALIMENTACION,11-BEBIDAS,18-BEBIDAS DE ALTA GRADUACION,3-GINEBRA,10-GINEBRA PREMIUM,"Ginebra inglesa BULLDOG, botella 70 cl",BULLDOG,14339998,BOTELLA,"0,7",700,1,L,,,,"25,50",,"36,43",,,"0,03",,"21,68","30,96",15%," 'distance': 0,8674592971801758",103317,'Bulldog ginebra botella 70cl',BULLDOG,,BOTELLA,"0,70",L,700,1,700,,,,"23,34",,,"33,34",,,,,"-2,38","3,09",8%,-8%,8%,8%,8%
"Bonito del norte en aceite de oliva ORTIZ, lata 250 g",339549,2-ALIMENTACION,8-SALADO,23-CONSERVAS DE PESCADO,7-BONITO,9-BONITO ACEITE,"Bonito del norte en aceite de oliva ORTIZ, lata 250 g",ORTIZ,339549,LATA,"0,25",250,1,KG,,,,"7,93","5,95","31,72","23,79",,"1,07",2nd unit-50%,"5,35","21,41",10%," 'distance': 1,8617708683013916",645528,'Conservas Ortiz bonito del norte aceite oliva lata 175 gne (250 g) contiene 2 unidades',CONSERVAS ORTIZ,,LATA,"0,25",KG,250,2,500,,,,"13,04","11,08",,"26,08","22,17",,15%,COMPRA MAS PAGA MENOS,"-0,76","1,62",7%,-4%,18%,18%,11%
"Mantequilla fácil de untar sin sal PRESIDENT, tarrina 250 g",3063773,2-ALIMENTACION,5-LACTEOS,14-MANTEQUILLAS Y MARGARINAS,1-MANTEQUILLA,"5-MANTEQ TARRINA F,UNTAR Y SALUD","Mantequilla fácil de untar sin sal PRESIDENT, tarrina 250 g",PRESIDENT,3063773,TARRINA,"0,25",250,1,KG,Francia,,,"4,69",,"18,76",,,"1,84",,"3,99","15,95",15%," 'distance': 3,835583209991455",174276,PRÉSIDENT mantequilla pura sin sal 1 Kg',PRÉSIDENT,,BLOQUE,"1,00",KG,1000,1,1000,,,,"17,66",,,"17,66",,,,,"-1,71","1,10",6%,-11%,6%,9%,10%
"Vino Tinto Crianza D.O.C Rioja Alavesa ZINTZO, botella 75 cl",23832090,2-ALIMENTACION,11-BEBIDAS,14-VINO D.O.,9-VINOS D.O. TINTOS,53-VINO TINTO D.O. RIOJA CRIANZA,"Vino Tinto Crianza D.O.C Rioja Alavesa ZINTZO, botella 75 cl",ZINTZO,23832090,BOTELLA,"0,75",750,1,L,,,,"6,95",,"9,27",,,"1,19",,"5,91","7,88",15%," 'distance': 0,232382744550705",200400,Zintzo vino tinto crianza botella 75cl,ZINTZO,,BOTELLA,"0,75",L,750,1,750,,,,"6,35",,,"8,47",,,,,"-0,59","0,80",9%,-7%,9%,9%,9%
"Sidra Nº 1 EL GAITERO, botella 75 cl",317578,2-ALIMENTACION,11-BEBIDAS,16-ESPUMOSOS,5-SIDRAS,1-SIDRAS ACHAMPANADAS EXTRA,"Sidra Nº 1 EL GAITERO, botella 75 cl",EL GAITERO,317578,BOTELLA,"0,75",750,1,L,,,,"2,55",,"3,40",,,"0,3",,"2,04","2,72",20%," 'distance': 1,6381685733795166",191126,'El Gaitero sidra etiqueta blanca botella 75cl',EL GAITERO,,BOTELLA,"0,75",L,750,1,750,,,,"2,48",,,"3,15",,,,,"-0,43","0,25",7%,-16%,7%,7%,8%
"Whisky JACK DANIELS y COCA COLA, lata 33 cl",25615006,2-ALIMENTACION,11-BEBIDAS,18-BEBIDAS DE ALTA GRADUACION,23-COCKTAILS Y COMBINADOS CON ALCOHOL,20-READY TO DRINK,"Whisky JACK DANIELS y COCA COLA, lata 33 cl",COCA COLA,25615006,LATA,"0,33",330,1,L,,,,"2,69",,"8,15",,,"0,46",,"2,29","6,93",15%," 'distance': 3,321685314178467",217842,"""JACK DANIEL'S whisky con coca cola zero lata 33 cl contiene 12 unidades""",JACK DANIEL'S,,PACK,"0,33",L,330,12,3960,,,,"25,05",,,"6,33",,,,,"0,60","1,83",22%,9%,22%,18%,11%
"Atún en aceite vegetal ISABEL, lata 800 g",487363,2-ALIMENTACION,8-SALADO,23-CONSERVAS DE PESCADO,3-ATUN,15-ATUN EN ACEITE GIRASOL,"Atún en aceite vegetal ISABEL, lata 800 g",ISABEL,487363,LATA,"0,8",800,1,KG,España,,,"9,59","8,06","11,99","10,07",,"1,3",16%,"7,25","9,06",10%," 'distance': 1,18302583694458",135031,ISABEL atún en aceite vegetal lata 650 gne (900 g)',ISABEL,,LATA,"0,90",KG,900,1,900,,,,"8,9","7,65",,"9,89","8,50",,14%,COMPRA MAS PAGA MENOS,"0,56","1,57",16%,6%,18%,3%,7%
"Mayonesa YBARRA, frasco 750 ml",250571,2-ALIMENTACION,9-COCINA,3-SALSAS,"3-MAYONESAS, S,FINAS Y S,LIGERAS","3-MAYO,S,FINAS FCO MAS 300 ML","Mayonesa YBARRA, frasco 750 ml",YBARRA,250571,FRASCO,"0,75",750,1,L,,,,"3,89",,"5,19",,,"0,8",,"3,31","4,41",15%," 'distance': 1,1129734516143799",23728,"Ybarra mayonesa, frasco de 750ml",YBARRA,,BOTE,"0,75",L,750,1,750,,,,"3,29",,,"4,39",,,,,"0,02","0,80",15%,0%,15%,6%,8%
"Licor rojo GRAND MANIER, botella 70 cl",322172,2-ALIMENTACION,11-BEBIDAS,18-BEBIDAS DE ALTA GRADUACION,17-LICORES CON ALCOHOL,1-LICOR FRUTAS,"Licor rojo GRAND MANIER, botella 70 cl",GRAN MARNIER,322172,BOTELLA,"0,7",700,1,L,Francia,,,"24,70",,"35,29",,,"0,03",,"21,00","29,99",15%," 'distance': 1,3859772682189941",88285,'GRAND MARNIER licor rojo botella 70cl',GRAND MARNIER,,BOTELLA,"0,70",L,700,1,700,,,,"22,13",,,"31,61",,,,,"-1,62","3,67",10%,-5%,10%,10%,9%
"Natillas de chocolate DANONE Danet, pack 8x120 g",8552374,2-ALIMENTACION,5-LACTEOS,4-YOGURES Y POSTRES,5-POSTRES BASICOS,81-NATILLAS,"Natillas de chocolate DANONE Danet, pack 8x120 g",DANET,8552374,PACK,"0,96",960,1,KG,España,,,"3,85",,"4,01",,,"1,69",,,,," 'distance': 3,1874070167541504",217098,'Danet chocolate 120 g contiene 4 unidades',DANET,,PACK,"0,12",KG,120,4,480,,,,"1,82",,,"3,79",,,,,"0,22","0,22",5%,5%,5%,9%,9%
"Limoncello VILLA MASSA, botella 70 cl",8329831,2-ALIMENTACION,11-BEBIDAS,18-BEBIDAS DE ALTA GRADUACION,17-LICORES CON ALCOHOL,1-LICOR FRUTAS,"Limoncello VILLA MASSA, botella 70 cl",VILLA MASSA,8329831,BOTELLA,"0,7",700,1,L,Italia,,,"15,95","14,04","22,79","20,05",,"0,07",12%,"11,93","17,04",15%," 'distance': 1,2018256187438965",44387,'Villamassa Limoncello botella 70cl',VILLAMASSA,,BOTELLA,"0,70",L,700,1,700,,,,"14,51",,,"20,73",,,,,"-3,68","-0,68",-3%,-22%,9%,8%,8%
"Salsa tandoori PATAK'S, frasco 450 g",24287450,2-ALIMENTACION,8-SALADO,39-COMIDAS DEL MUNDO,10-COMIDA ASIATICA,10-INDIA Y THAI,"Salsa tandoori PATAK'S, frasco 450 g",PATAK'S,24287450,FRASCO,"0,45",450,1,KG,Reino Unido,,,"4,05",,"9,00",,,"0,19",,"3,24","7,20",20%," 'distance': 1,4126619100570679",201185,"""PATAK'S salsa tandoori 450 g""",PATAK'S,,TARRO,"0,45",KG,450,1,450,,,,"3,69",,,"8,20",,,,,"-1,00","0,80",9%,-14%,9%,0%,6%
"Melón piel de sapo, pieza al peso aprox. 2.5 kg",41111,1-FRESCOS,1-FRUTA Y HORTALIZA,1-FRUTA,49-MELONES,5-MELONES PIEL DE SAPO PIEZA,"Melón piel de sapo, pieza al peso aprox. 2.5 kg",EROSKI,41111,PIEZA,"2,5",2500,1,KG,,,,"4,40",,"1,76",,,"69,77",,"3,96","1,58",10%," 'distance': 0,6181122660636902",436787,"METRO Chef Melón piel de sapo calibre 4, pieza €/kilo",METRO CHEF,,KILO,"2,25",KG,2250,1,2250,,,,"3,49",,,"1,55",,,,,"0,03","0,21",12%,2%,12%,4%,7%
"Bebida de coco sin azúcares añadidos ALPRO, brik 1 litro",24879439,2-ALIMENTACION,5-LACTEOS,3-LECHE,6-PREPARADOS VEGETALES,20-OTRAS BEBIDAS VEGETALES,"Bebida de coco sin azúcares añadidos ALPRO, brik 1 litro",ALPRO,24879439,BRIK,1,1000,1,L,Bélgica,,,"2,29",,"2,29",,,"0,95",,"2,18","2,18",5%," 'distance': 2,786710262298584",217304,'alpro bebida de coco barista 1L contiene 8 unidades',ALPRO,,BRIK,"1,00",L,1000,8,8000,,,,"16,67",,,"2,08",,,,,"0,09","0,21",9%,4%,9%,9%,9%
"Leche entera sin lactosa ASTURIANA, brik 1 litro",19621325,2-ALIMENTACION,5-LACTEOS,3-LECHE,4-LECHE SIN LACTOSA,6-LECHE SIN LACTOSA ENTERA,"Leche entera sin lactosa ASTURIANA, brik 1 litro",ASTURIANA,19621325,BRIK,1,1000,1,L,,,,"1,34",,"1,34",,,"14,65",,"1,27","1,27",5%," 'distance': 0,464248776435852",192573,Central Lechera Asturiana leche entera sin lactosa 1 L contiene 6 unidades,CENTRAL LECHERA ASTURIANA,,PACK,1,L,1000,6,6000,,,,"7,96",,,"1,33",,,,,"-0,05","0,01",1%,-4%,1%,1%,6%
"BÍfidus cremoso sabor lima-limón ACTIVIA, pack 4x115 g",16819138,2-ALIMENTACION,5-LACTEOS,4-YOGURES Y POSTRES,11-YOGURES FUNCIONALES,84-BIFIDUS ENTERO DE SABORES,"BÍfidus cremoso sabor lima-limón ACTIVIA, pack 4x115 g",ACTIVIA,16819138,PACK,"0,46",460,1,KG,,,,"2,39","1,55","5,20","3,38",,"5,11",2nd unit-70%,,,," 'distance': 3,211979389190674",138341,ACTIVIA cremoso lima limón 125 g contiene 4 unidades (total 480 g),ACTIVIA,,PACK,"0,125",KG,125,4,500,,,,"1,97",,,"3,94",,,,,"-0,56","-0,56",-17%,-17%,24%,25%,14%
"Agua mineral LANJARON, botella 1,5 litros",162925,2-ALIMENTACION,11-BEBIDAS,4-AGUAS,3-AGUAS SIN GAS,3-AGUA DE MESA,"Agua mineral LANJARON, botella 1,5 litros",LANJARON,162925,BOTELLA,"1,5",1500,1,L,,,,"0,73",,"0,49",,,"8,61",,"0,55","0,37",25%," 'distance': 4,347027778625488",216709,"Lanjaron agua pet 1,5 L contiene 12 botellas",LANJARON,,CAJA/CAJON,"1,50",L,1500,12,18000,,,,"8,02","7,22",,"0,45","0,40",,10%,COMPRA MAS PAGA MENOS,"-0,04","0,09",18%,-10%,8%,9%,9%
Caldo 19 % de pollo EROSKI brik 1 litro,25669789,2-ALIMENTACION,9-COCINA,15-SOPAS PURES Y CALDOS,6-CALDOS¿LÍQUIDOS,7-CALDO LIQUIDO AVE,Caldo 19 % de pollo EROSKI brik 1 litro,EROSKI,25669789,BRIK,1,1000,1,L,,,,"1,20",,"1,20",,,"1,42",,,,," 'distance': 0,9074934124946594",97167,aro caldo pollo agua pollo verduras zanahoria puerro apio patata aceite de oliva sal aromas contiene apio almidon de maiz,ARO,,BRIK,1,KG,1000,1,1000,,,,"1,20",,,"1,09",,,,,"0,11","0,11",9%,9%,9%,9%,9%
"Sobrasada de Mallorca CRISOL, pack 2x40 g",8488611,1-FRESCOS,4-CHARCUTERIA,11-PATES PORCION,3-OTROS PATES PORCION,2-CREMAS Y SOBRASADAS,"Sobrasada de Mallorca CRISOL, pack 2x40 g",CRISOL,8488611,PACK,"0,08",80,1,KG,España,,,"1,39",,"17,38",,,"0,53",,"1,25","15,64",10%," 'distance': 3,227707624435425",88573,'Crisol sobrasada monodosis 25 g contiene 16 unidades (Total 400 g)',CRISOL,,CAJA/CAJON,"0,40",KG,400,1,400,,,,"5,45",,,"13,63",,,,,"2,01","3,75",22%,13%,22%,9%,10%
"Fideo grueso sin gluten GALLO, paquete 500 g",23764087,2-ALIMENTACION,9-COCINA,13-PASTAS,6-PASTA GAMA INTEGRAL-S/GLUTEN,15-PASTA S/ GLUTEN LARGAS Y OTRAS,"Fideo grueso sin gluten GALLO, paquete 500 g",GALLO,23764087,PAQUETE,"0,5",500,1,KG,España,,,"2,49",,"4,98",,,"0,26",,"2,12","4,23",15%," 'distance': 3,135495662689209",194739,'GALLO fideo sin gluten 450 g',GALLO,,BOLSA/BOLSON,"0,45",KG,450,1,450,,,,"2,48",,,"5,51",,,,,"-1,28","-0,53",-11%,-30%,-11%,0%,5%
"Plumas sin gluten GALLO, paquete 450 g",23764137,2-ALIMENTACION,9-COCINA,13-PASTAS,6-PASTA GAMA INTEGRAL-S/GLUTEN,2-PASTA S/GLUTEN CORTA,"Plumas sin gluten GALLO, paquete 450 g",GALLO,23764137,PAQUETE,"0,45",450,1,KG,España,,,"2,59",,"5,76",,,"1,07",,"2,20","4,89",15%," 'distance': 2,638514280319214",194743,'GALLO pluma sin gluten 450 g',GALLO,,BOLSA/BOLSON,"0,45",KG,450,1,450,,,,"2,48",,,"5,51",,,,,"-0,62","0,24",4%,-13%,4%,0%,6%
"Leche de oveja pasteurizada ULTZAMA, botella 1 litro",3700218,2-ALIMENTACION,5-LACTEOS,25-LECHE FRESCA,20-LECHE FRESCA CONCENTRADA,5-LECHE FRESCA CONCENTRADA,"Leche de oveja pasteurizada ULTZAMA, botella 1 litro",ULTZAMA,3700218,BOTELLA,1,1000,1,L,España,,,"5,09",,"5,09",,,"5,44",,,,," 'distance': 2,6775574684143066",139873,Ulzama leche oveja botella 1 L,ULZAMA,,BOTELLA,"1,00",L,1000,1,1000,,,,"5,04",,,"5,04",,,,,"0,05","0,05",1%,1%,1%,1%,7%
Queso fresco tradicional de Burgos EROSKI tarrina 500 g,3162989,2-ALIMENTACION,5-LACTEOS,10-QUESOS,1-QUESO FRESCOS,14-Q. FRESCO BURGOS TRADICIONAL,Queso fresco tradicional de Burgos EROSKI tarrina 500 g,EROSKI,3162989,TARRINA,"0,5",500,1,KG,,,,"3,20",,"6,40",,,"9,5",,"2,40","4,80",25%," 'distance': 0,534685850143433",192263,makro Chef queso fresco tradicional de vaca,MAKRO CHEF,,KILO,2,KG,2000,1,2000,,,,"5,81","4,94",,"5,81","4,94",,15%,COMPRA MAS PAGA MENOS,"-0,14","1,46",23%,-3%,9%,9%,9%
"Dulce de leche familiar MARDEL, frasco 450 g",14905871,2-ALIMENTACION,8-SALADO,39-COMIDAS DEL MUNDO,5-COMIDA AMERICA,30-LATINA Y CRIOLLA,"Dulce de leche familiar MARDEL, frasco 450 g",MARDEL,14905871,FRASCO,"0,45",450,1,KG,España,,,"3,49",,"7,76",,,"1,23",,"2,79","6,20",20%," 'distance': 3,3490920066833496",129916,Márdel dulce de leche 1kg',MÁRDEL,,CUBO,"1,00",KG,1000,1,1000,,,,"6,55","5,57",,"6,55","5,57",,15%,COMPRA MAS PAGA MENOS,"0,64","2,19",28%,10%,16%,16%,11%
Vinagre de Jerez EROSKI botella 50 cl,16829236,2-ALIMENTACION,9-COCINA,2-VINAGRES Y ADEREZOS,15-VINAGRES ESPECIALES,5-VINAGRES DE JEREZ Y OTROS,Vinagre de Jerez EROSKI botella 50 cl,EROSKI,16829236,BOTELLA,"0,5",500,1,L,,,,"1,95",,"3,90",,,"1,15",,"1,76","3,51",10%," 'distance': 3,5013351440429688",346554,'METRO Chef vinagre vino Jerez botella 750ml',METRO CHEF,,BOTELLA,"0,75",L,750,1,750,,,,"3,47",,,"4,63",,,,,"-1,12","-0,73",-19%,-32%,-19%,-1%,6%
"Cuchara de mesa Cuarzo, inox 18/10 JAY, 3 uds",7132590,4-BAZAR,20-MENAJE,1-SERVICIO DE MESA,7-CUBIERTOS,"1-DESPIECE DE CUBIERTOS EN INOX,","Cuchara de mesa Cuarzo, inox 18/10 JAY, 3 uds",JAY,7132590,INOX,3,3000,3,UDS,,,,"6,99",,"2,33",,,"0,15",,,,," 'distance': 3,3581223487854004",4569,'Jay cuchara mesa titanio inoxidable 18/10 contiene 6 unidades',JAY,,PACK,"0,02",UDS,23,6,138,,,,"11,80","10,03",,"1,97","1,67",,15%,COMPRA MAS PAGA MENOS,"0,66","0,66",28%,28%,16%,16%,11%
"Bloc de Foie gras de pato Mi Muit ZUBIA, blister 40 g",23840614,1-FRESCOS,4-CHARCUTERIA,11-PATES PORCION,2-PATES DE PATO/OCA PORCION,15-PATES PATO/OCA PORCI CELEB ENT,"Bloc de Foie gras de pato Mi Muit ZUBIA, blister 40 g",ZUBIA,23840614,BLISTER,"0,04",40,1,KG,,,,"4,85",,"121,25",,,"0,29",,"4,37","109,13",10%," 'distance': 0,828085720539093",160725,Zubia foiegras pato micuit unidad 400g,ZUBIA,,UNIDAD,"0,4",KG,400,1,400,,,,"43,95",,,"109,88",,,,,"-0,75","11,38",9%,-1%,9%,9%,9%
Estofado de pavo EROSKI bandeja aprox. 460 g,5848932,1-FRESCOS,2-CARNICERIA,72-PAVO Y OTRAS AVES ENVASADO,5-PAVO ENVASADO AVES,5-PAVO¿FRESCO,Estofado de pavo EROSKI bandeja aprox. 460 g,EROSKI,5848932,BANDEJA,"0,46",460,1,KG,,,,"3,66",,"7,96",,,"4,5",,"3,29","7,16",10%," 'distance': 0,50262862443924",218821,Estofado pavo vacío,MAKRO CHEF,,KILO,"1,6",KG,1600,1,1600,,,,"7,65",,,"7,65",,,,,"-0,49","0,31",4%,-7%,4%,9%,9%
"Brócóli, pieza 500 g",9195637,1-FRESCOS,1-FRUTA Y HORTALIZA,2-HORTALIZA,68-REPOLLOS,10-BROCOLIS,"Brócóli, pieza 500 g",EROSKI,9195637,PIEZA,"0,5",500,1,KG,,,,"1,27",,"2,54",,,"20,42",,"1,08","2,16",15%," 'distance': 0,6437991857528687",355407,brocoli categoria i caja,MAKRO,,CAJA/CAJON,6,KG,6000,1,6000,,,,"18,25",,,"2,30",,,,,"-0,14","0,24",9%,-7%,9%,9%,9%
"Pintxo de salmón AGUINAMAR, bandeja 180 g",23816929,1-FRESCOS,7-PESCADERIA,12-ESPECIALIDADES,45-OTROS,5-PINTXOS,"Pintxo de salmón AGUINAMAR, bandeja 180 g",AGUINAMAR,23816929,BANDEJA,"0,18",180,1,KG,,,,"2,99","1,94","16,61","10,80",,"0,3",2nd unit-70%,"1,46","8,10",25%," 'distance': 0,4753895103931427",193131,Aguinamar pintxo de salmón 750g',AGUINAMAR,,BANDEJA,"0,75",KG,750,1,750,,,,"11,28",,,"15,04",,,,,"-6,94","-4,24",-39%,-86%,9%,9%,10%
"Ginebra LONDON, botella 70 cl",13279591,2-ALIMENTACION,11-BEBIDAS,18-BEBIDAS DE ALTA GRADUACION,3-GINEBRA,10-GINEBRA PREMIUM,"Ginebra LONDON, botella 70 cl",LONDON,13279591,BOTELLA,"0,7",700,1,L,Reino Unido,,,"35,75",,"51,07",,,0,,"30,39","43,41",15%," 'distance': 0,8649857044219971",75298,The London Nº 1 ginebra botella 70cl',THE LONDON Nº 1,,BOTELLA,"0,70",L,700,1,700,,,,"32,66",,,"46,66",,,,,"-3,25","4,41",9%,-7%,9%,9%,9%
"Burritos MEXIFOODS, bolsa 370 g",18420711,2-ALIMENTACION,8-SALADO,39-COMIDAS DEL MUNDO,5-COMIDA AMERICA,20-MEXICANA MASAS,"Burritos MEXIFOODS, bolsa 370 g",MEXIFOODS,18420711,BOLSA,"0,37",370,1,KG,España,,,"2,51",,"6,78",,,"1,92",,"2,01","5,43",20%," 'distance': 3,8971312046051025","770575
",Mexifoods tortilla trigo 20cm 20 unidades (contiene 820 g),MEXIFOODS,,BOLSA/BOLSON,"0,82",KG,820,1,820,,,,"3,01",,,"6,48",,,,,"-1,05","0,30",4%,-19%,4%,-3%,6%
"Fideos chinos SOUBRY, paquete 250 g",788042,2-ALIMENTACION,8-SALADO,39-COMIDAS DEL MUNDO,10-COMIDA ASIATICA,5-CHINA,"Fideos chinos SOUBRY, paquete 250 g",SOUBRY,788042,PAQUETE,"0,25",250,1,KG,Bélgica,,,"2,05",,"8,20",,,"1,42",,"1,64","6,56",20%," 'distance': 1,3616095781326294",411645,'Soubry fideo chino bolsa 250g',SOUBRY,,PAQUETE,"0,25",KG,250,1,250,,,,"1,75","1,61",,"7,00","6,44",,8%,COMPRA MAS PAGA MENOS,"0,12","1,76",21%,2%,15%,15%,12%
"Licor COINTREAU, botella 70 cl",317354,2-ALIMENTACION,11-BEBIDAS,18-BEBIDAS DE ALTA GRADUACION,17-LICORES CON ALCOHOL,1-LICOR FRUTAS,"Licor COINTREAU, botella 70 cl",COINTREAU,317354,BOTELLA,"0,7",700,1,L,Francia,,,"19,25",,"27,50",,,"0,15",,"16,36","23,38",15%," 'distance': 0,21276432275772095",805103,'COINTREAU licor botella 70 cl',COINTREAU,,BOTELLA,"0,70",L,700,1,700,,,,"16,56","15,73",,"23,66","22,47",,5%,COMPRA MAS PAGA MENOS,"0,90","5,03",18%,4%,14%,11%,10%
"Vodka ABSOLUT, botella 1 litro",13279625,2-ALIMENTACION,11-BEBIDAS,18-BEBIDAS DE ALTA GRADUACION,7-VODKA,10-VODKA ESTANDAR,"Vodka ABSOLUT, botella 1 litro",ABSOLUT,13279625,BOTELLA,1,1000,1,L,Suiza,,,"20,7",,"20,70",,,"0,3",,"17,60","17,60",15%," 'distance': 3,2873406410217285",300404,"ABSOLUT vodka botella 1 L Alc, 40% vol,'",ABSOLUT,,BOTELLA,"1,00",L,1000,1,1000,,,,"19,47",,,"19,47",,,,,"-1,88","1,23",6%,-11%,6%,-9%,3%
"Ron CACIQUE 500, botella 70 cl",976449,2-ALIMENTACION,11-BEBIDAS,18-BEBIDAS DE ALTA GRADUACION,5-RON,5-RON¿OSCURO¿ESTANDAR,"Ron CACIQUE 500, botella 70 cl",CACIQUE,976449,BOTELLA,"0,7",700,1,L,Venezuela,,,"30,85",,"44,07",,,"0,07",,"26,22","37,46",15%," 'distance': 1,9190218448638916",122434,"CACIQUE ron 500 botella 70cl Alc, 40% vol,'",CACIQUE,,BOTELLA,"0,70",L,700,1,700,,,,"28,25",,,"40,36",,,,,"-2,90","3,71",8%,-8%,8%,8%,9%
"Vodka CIROC, botella 70 cl",16203168,2-ALIMENTACION,11-BEBIDAS,18-BEBIDAS DE ALTA GRADUACION,7-VODKA,15-VODKA PREMIUM,"Vodka CIROC, botella 70 cl",CIROC,16203168,BOTELLA,"0,7",700,1,L,Francia,,,"44,99",,"64,27",,,0,,"38,24","54,63",15%," 'distance': 2,672105550765991",80072,"CIROC vodka botella 70cl Alc, 40% vol,'",CIROC,,BOTELLA,"0,70",L,700,1,700,,,,"34,55",,,"49,36",,,,,"5,27","14,91",23%,10%,23%,23%,14%
"Pera Ercolini, al peso, compra mínima 1,05 kg / 10 u",16576,1-FRESCOS,1-FRUTA Y HORTALIZA,1-FRUTA,27-PERAS,10-PERAS DE VERANO,"Pera Ercolini, al peso, compra mínima 1,05 kg / 10 u",EROSKI,16576,GRANEL,"1,05",1050,1,U,,,,"3,94",,"3,75",,,"6,28",,"3,55","3,38",10%," 'distance': 0,648535966873169",8069,Pera ercolina calibre 50+ 1 kg,MAKRO,,TARRINA,1,KG,1000,1,1000,,,,"3,38",,,"3,25",,,,,"0,13","0,50",13%,4%,13%,13%,12%
"Bebida Espirituosa SOBERANO, botella 1 litro",315168,2-ALIMENTACION,11-BEBIDAS,18-BEBIDAS DE ALTA GRADUACION,11-BRANDY,1-BEBIDA ESPIRITUOSA,"Bebida Espirituosa SOBERANO, botella 1 litro",SOBERANO,315168,BOTELLA,1,1000,1,L,España,,,"8,75",,"8,75",,,"1,23",,"7,44","7,44",15%," 'distance': 2,0743751525878906",76115,'Soberano bebida espirituosa brandy botella 1L',SOBERANO,,BOTELLA,"1,00",L,1000,1,1000,,,,"8,65",,,"8,65",,,,,"-1,21","0,10",1%,-16%,1%,11%,10%
"Brandy MAGNO, botella 70 cl",315341,2-ALIMENTACION,11-BEBIDAS,18-BEBIDAS DE ALTA GRADUACION,11-BRANDY,3-BRANDY,"Brandy MAGNO, botella 70 cl",MAGNO,315341,BOTELLA,"0,7",700,1,L,,,,"13,85",,"19,79",,,"0,15",,"11,77","16,82",15%," 'distance': 0,3172130286693573",504907,'Magno brandy botella 70cl',MAGNO,,BOTELLA,"0,70",L,700,1,700,,,,"11,19",,,"15,99",,,,,"0,83","3,80",19%,5%,19%,24%,14%
"Vino Blanco D,O, Rioja EL COTO, botella 75 cl",48777,2-ALIMENTACION,11-BEBIDAS,14-VINO D.O.,"5-VINOS D,O,BLANCOS","66-VINO BLANCO D,O, RIOJA","Vino Blanco D,O, Rioja EL COTO, botella 75 cl",EL COTO,48777,BOTELLA,"0,75",750,1,L,España,,,"4,25",,"5,67",,,"2,88",,"3,61","4,82",15%," 'distance': 0,8373232483863831",44598,'El Coto vino blanco Rioja botella 75cl',EL COTO,,BOTELLA,"0,75",L,750,1,750,,,,"4,10","3,53",,"5,47","4,70",,14%,COMPRA MAS PAGA MENOS,"0,12","0,97",17%,2%,4%,6%,8%
"Vino Rosado de Aguja MATEUS, botella 75 cl",383414,2-ALIMENTACION,11-BEBIDAS,14-VINO D.O.,16-VINO AGUJA/GASIFICADO,10-VINO AGUJA/GASIFICADO ROSADO,"Vino Rosado de Aguja MATEUS, botella 75 cl",MATEUS,383414,BOTELLA,"0,75",750,1,L,Portugal,,,"4,59",,"6,12",,,"0,23",,"3,90","5,20",15%," 'distance': 0,6803367137908936",68016,'MATEUS vino rosado botella 75cl',MATEUS,,BOTELLA,"0,75",L,750,1,750,,,,"4,05",,,"5,40",,,,,"-0,20","0,72",12%,-4%,12%,13%,11%
"Cerveza CORONITA, pack botellín 6x21 cl",16640195,2-ALIMENTACION,11-BEBIDAS,8-CERVEZAS,1-CERVEZAS LAGER,3-CERVEZAS LAGER ESPECIALES,"Cerveza CORONITA, pack botellín 6x21 cl",CORONITA,16640195,PACK,"1,26",1260,1,L,México,,,"6,25",,"4,96",,,"0,61",,"4,69","3,72",25%," 'distance': 3,3351693153381348",159877,'Coronita cerveza mexicana 21cl contiene 24 botellas',CORONITA,,BOTELLA,"0,21",L,210,24,5040,,,,"21,40","19,26",,"4,25","3,82",,10%,COMPRA MAS PAGA MENOS,"-0,10","1,14",23%,-3%,14%,14%,11%
"Aceite de oliva virgen extra eco. Oleum DUERNAS, botella 50 cl",17315409,2-ALIMENTACION,9-COCINA,1-ACEITE,3-ACEITE OLIVA VIRGEN,1-ACEITE V.EXTRA 500 ML,"Aceite de oliva virgen extra eco. Oleum DUERNAS, botella 50 cl",DUERNAS,17315409,BOTELLA,"0,5",500,1,L,,,,"10,15",,"20,30",,,,,"9,64","19,29",5%," 'distance': 0,304861605167389",138434,Duernas Oleum aceite oliva virgen extra arbequina botella 500ml,DUERNAS OLEUM,,BOTELLA,"0,5",L,500,1,500,,,,"9,52",,,"18,30",,,,,"0,98","2,00",10%,5%,10%,10%,10%
"Vino Tinto Reserva D,O,C, Rioja Alavesa REMELLURI, botella 75 cl",23887045,2-ALIMENTACION,11-BEBIDAS,14-VINO D.O.,"9-VINOS D,O, TINTOS","54-VINO¿TINTO¿D,O,¿RIOJA¿RVA-GRVA","Vino Tinto Reserva D,O,C, Rioja Alavesa REMELLURI, botella 75 cl",REMELLURI,23887045,BOTELLA,"0,75",750,1,L,,,,"27,60",,"36,80",,,0,,"23,46","31,28",15%," 'distance': 0,587492823600769",2590,'Remelluri vino tinto reserva Rioja botella 75cl',REMELLURI,,BOTELLA,"0,75",L,750,1,750,,,,"24,26","22,08",,"32,35","29,44",,9%,COMPRA MAS PAGA MENOS,"1,84","7,36",20%,6%,12%,12%,10%
"Cerveza ALHAMBRA SINGULAR LAGER, lata 33 cl",10926327,2-ALIMENTACION,11-BEBIDAS,8-CERVEZAS,1-CERVEZAS LAGER,5-CERVEZAS LAGER LATA,"Cerveza ALHAMBRA SINGULAR LAGER, lata 33 cl",ALHAMBRA,10926327,LATA,"0,33",330,1,L,España,,,"0,94",,"2,85",,,"5,42",,"0,71","2,14",25%," 'distance': 1,0596189498901367",24382,'Alhambra cerveza lager singular lata 33 cl contiene 24 unidades ( 7920 cl )',ALHAMBRA,,LATA,"0,33",L,330,24,7920,,,,"18,82",,,"2,38",,,,,"-0,24","0,47",17%,-11%,17%,17%,12%
"Chicken Fingers sin gluten SCHAR, bolsa 375 g",16281867,2-ALIMENTACION,10-DULCE,39-REFRIGERADO Y CONGEL S/GLUTEN,10-PRODUCTOS CONGELADOS S/G,15-PRECOCINADOS,"Chicken Fingers sin gluten SCHAR, bolsa 375 g",SCHAR,16281867,BOLSA,"0,375",375,1,KG,,,,"7,09",,"18,91",,,"0,05",,,,," 'distance': 3,211979389190674",165121,Schar finger de pollo sin gluten 375g,SCHAR,,BOLSA/BOLSON,"0,375",KG,375,1,375,,,,"5,67","4,99",,"15,81","13,91",,12%,COMPRA MAS PAGA MENOS,"4,99","4,99",26%,26%,16%,16%,12%
CROQUETA POLLO SERVIHOSTEL 5/1KG,21216700,2-ALIMENTACION,3-CONGELADOS,5-PLATOS PREPARADOS CONGELADOS,3-FRITOS,10-CROQUETAS POLLO,CROQUETA POLLO SERVIHOSTEL 5/1KG,SERVIHOSTEL,21216700,BOLSA,1,1000,1,KG,,,,"2,48",,"2,48",,,"0,19",,"2,23","2,23",10%," 'distance': 0,396176218986511",841126,METRO Chef croquetas de pollo 2 Kg,METRO CHEF,,BOLSA,2,KG,2000,1,2000,,,,"4,50","3,87",,"2,25","1,94",,14%,COMPRA MAS PAGA MENOS,"0,30","0,55",22%,13%,9%,9%,10%
"Leche desnatada sin lactosa PULEVA M, ligeras, botella 1 litro",19659911,2-ALIMENTACION,5-LACTEOS,3-LECHE,4-LECHE SIN LACTOSA,15-LECHE SIN LACTOSA DESNATADA,"Leche desnatada sin lactosa PULEVA M, ligeras, botella 1 litro",PULEVA,19659911,BOTELLA,1,1000,1,L,España,,,"1,32",,"1,32",,,"2,18",,"1,25","1,25",5%," 'distance': 1,9868526458740234",167086,'PULEVA leche desnatada sin lactosa 1 L contiene 6 botellas',PULEVA,,RETRACTIL,"1,00",L,1000,6,6000,,,,"7,12",,,"1,19",,,,,"0,07","0,13",10%,5%,10%,10%,10%
"Vino Tinto Crianza Rioja MUGA, botella 75 cl",13581509,2-ALIMENTACION,11-BEBIDAS,14-VINO D.O.,"9-VINOS D,O, TINTOS","53-VINO TINTO D,O, RIOJA CRIANZA","Vino Tinto Crianza Rioja MUGA, botella 75 cl",MUGA,13581509,BOTELLA,"0,75",750,1,L,España,,,"21,19",,"28,25",,,"0,23",,"18,01","24,02",15%," 'distance': 0,9059095978736877",383994,Muga vino tinto crianza Denominación de Origen Rioja botella 75cl',MUGA,,BOTELLA,"0,75",L,750,1,750,,,,"18,38",,,"24,51",,,,,"-0,49","3,75",13%,-2%,13%,8%,9%
"Mermelada de melocotón LA VIEJA FABRICA, frasco 800 g",25329061,2-ALIMENTACION,8-SALADO,15-MERMELADAS,1-MERMELADA O CONFITURA,1-MERMELADA/CONFITURA MELOCOTON,"Mermelada de melocotón LA VIEJA FABRICA, frasco 800 g",LA VIEJA FABRICA,25329061,FRASCO,"0,8",800,1,KG,,,,"5,45",,"6,81",,,"0,15",,,,," 'distance': 1,19889497756958",515242,LA VIEJA FÁBRICA mermelada de melocotón tarro 800 g',LA VIEJA FABRICA,,FRASCO,"0,80",KG,800,1,800,,,,"5,34","4,54",,"6,12","5,20",,15%,COMPRA MAS PAGA MENOS,"1,61","1,61",24%,24%,10%,10%,10%
"Ron 7 años HAVANA CLUB, botella 70 cl",990205,2-ALIMENTACION,11-BEBIDAS,18-BEBIDAS DE ALTA GRADUACION,5-RON,7-RON¿OSCURO PREMIUM,"Ron 7 años HAVANA CLUB, botella 70 cl",HAVANA CLUB,990205,BOTELLA,"0,7",700,1,L,Cuba,,,"24,70","21,00","35,29","29,99",,"0,03",15%,"17,85","25,49",15%," 'distance': 1,4266794919967651",323999,"Havana Club ron 7 años botella 70cl Alc, 40% vol,'",HAVANA CLUB,,BOTELLA,"0,70",L,700,1,700,,,,"22,2",,,"31,71",,,,,"-6,22","-1,72",-6%,-24%,10%,4%,8%
"Vino Tinto Reserva D,O, Rioja COTO DE IMAZ, botella 75 cl",1772706,2-ALIMENTACION,11-BEBIDAS,14-VINO D.O.,"9-VINOS D,O, TINTOS","54-VINO¿TINTO¿D,O,¿RIOJA¿RVA-GRVA","Vino Tinto Reserva D,O, Rioja COTO DE IMAZ, botella 75 cl",COTO DE IMAZ,1772706,BOTELLA,"0,75",750,1,L,,,,"8,65",,"11,53",,,"0,11",,"7,35","9,80",15%," 'distance': 0,841206431388855",650052,'Coto De Imaz vino tinto reserva botella 75cl',COTO DE IMAZ,,BOTELLA,"0,75",L,750,1,750,,,,"7,73",,,"10,31",,,,,"-0,50","1,23",11%,-5%,11%,11%,10%
"Caldo casero de pescado GALLINA BLANCA, brik 1 litro",15749484,2-ALIMENTACION,9-COCINA,15-SOPAS PURES Y CALDOS,6-CALDOS¿LÍQUIDOS,9-CALDO LIQUIDO PESCADO,"Caldo casero de pescado GALLINA BLANCA, brik 1 litro",GALLINA BLANCA,15749484,BRIK,1,1000,1,L,España,,,"2,15",,"2,15",,,"1,23",,,,," 'distance': 0,8607497811317444",124645,'Gallina Blanca caldo casero pescado marisco brik 1l',GALLINA BLANCA,,BRIK,"1,00",L,1000,1,1000,,,,"1,82",,,"1,82",,,,,"0,33","0,33",15%,15%,15%,15%,12%
"Caldo casero de carne GALLINA BLANCA, brik 1 litro",15749534,2-ALIMENTACION,9-COCINA,15-SOPAS PURES Y CALDOS,6-CALDOS¿LÍQUIDOS,5-CALDO LIQUIDO CARNE,"Caldo casero de carne GALLINA BLANCA, brik 1 litro",GALLINA BLANCA,15749534,BRIK,1,1000,1,L,España,,,"2,15",,"2,15",,,"2,42",,,,," 'distance': 0,7566180229187012",124643,'Gallina Blanca caldo casero de carne brik 1l',GALLINA BLANCA,,BRIK,"1,00",L,1000,1,1000,,,,"1,82",,,"1,82",,,,,"0,33","0,33",15%,15%,15%,15%,12%
"Sangría DON SIMON, botella 1,5 litros",9495706,2-ALIMENTACION,11-BEBIDAS,13-VINO DE MESA,25-SANGRIA,5-SANGRIA REGULAR,"Sangría DON SIMON, botella 1,5 litros",DON SIMON,9495706,BOTELLA,"1,5",1500,1,L,España,,,"1,95",,"1,30",,,"1,19",,"1,76","1,17",10%," 'distance': 2,4771971702575684",208255,"DON SIMON sangría botella 1,5",DON SIMON,,BOTELLA,"1,50",L,1500,6,9000,,,,"11,31",,,"1,26",,,,,"-0,09","0,04",3%,-7%,3%,3%,9%
"Leche entera PRESIDENT, botella 1,5 litros",19659945,2-ALIMENTACION,5-LACTEOS,3-LECHE,3-LECHE LARGA VIDA BOTELLA,1-LECHE BOTELLA ENTERA,"Leche entera PRESIDENT, botella 1,5 litros",PRESIDENT,19659945,BOTELLA,"1,5",1500,1,L,España,,,"1,75",,"1,17",,,"1,08",,"1,66","1,11",5%," 'distance': 1,8629074096679688",166145,PRÉSIDENT leche entera 1,PRÉSIDENT,,RETRACTIL,"1,50",L,1500,6,9000,,,,9,"8,55",,"1,00","0,95",,5%,COMPRA MAS PAGA MENOS,"0,16","0,22",19%,14%,14%,10%,11%
"Agua con gas VICHY, botellín 50 cl",19291814,2-ALIMENTACION,11-BEBIDAS,4-AGUAS,1-AGUAS CON GAS,"1-AGUA¿CON¿GAS HASTA 0,5L","Agua con gas VICHY, botellín 50 cl",VICHY,19291814,BOTELLÍN,"0,5",500,1,L,España,,,"1,25",,"2,50",,,"9,07",,"0,94","1,88",25%," 'distance': 3,0026559829711914",160223,'VICHY CATALAN agua con gas botella 50 cl contiene 8 unidades',VICHY CATALAN,,BOTELLA,"0,50",L,500,8,4000,,,,"9,01","8,11",,"2,25","2,03",,10%,COMPRA MAS PAGA MENOS,"-0,15","0,47",19%,-8%,10%,10%,10%
"Salsa picante SALSAS ASTURIANAS, frasco 105 g",17582487,2-ALIMENTACION,9-COCINA,3-SALSAS,9-SALSAS ESPECIALES,12-SALSAS PICANTES,"Salsa picante SALSAS ASTURIANAS, frasco 105 g",SALSAS ASTURIANAS,17582487,FRASCO,"0,105",105,1,KG,,,,"2,05",,"19,52",,,"2,07",,"1,74","16,60",15%," 'distance': 2,091639995574951",110883,'Salsas Asturianas salsa picante botella 105g',SALSAS ASTURIANAS,,BOTELLA,"0,11",L,105,1,105,,,,"1,27","1,10",,"12,10","10,52",,13%,COMPRA MAS PAGA MENOS,"6,07","9,00",46%,37%,38%,41%,20%
"Vino Blanco Rueda FLOR de VETUS, botella 75 cl",17306374,2-ALIMENTACION,11-BEBIDAS,14-VINO D.O.,"5-VINOS D,O,BLANCOS","67-VINO BLANCO D,O, RUEDA","Vino Blanco Rueda FLOR de VETUS, botella 75 cl",FLOR VETUS,17306374,BOTELLA,"0,75",750,1,L,,,,"8,70",,"11,60",,,"0,38",,"7,40","9,86",15%," 'distance': 0,5602332949638367",176970,'Flor De Vetus vino blanco Verdejo botella 75cl',FLOR DE VETUS,,BOTELLA,"0,75",L,750,1,750,,,,"7,97",,,"10,63",,,,,"-0,77","0,97",8%,-8%,8%,14%,11%
"Licor LICOR 43, botella 70 cl",317388,2-ALIMENTACION,11-BEBIDAS,18-BEBIDAS DE ALTA GRADUACION,17-LICORES CON ALCOHOL,1-LICOR FRUTAS,"Licor LICOR 43, botella 70 cl",LICOR 43,317388,BOTELLA,"0,7",700,1,L,España,,,"14,99",,"21,41",,,"1,88",,"12,74","18,20",15%," 'distance': 0,8645914793014526",62465,'Licor 43 licor botella 1L',LICOR 43,,BOTELLA,"1,00",L,1000,1,1000,,,,"19,66",,,"19,66",,,,,"-1,46","1,75",8%,-8%,8%,5%,8%
"Tartar de salmón ahumado MARTIKO, pack 2x75 g",24243362,1-FRESCOS,7-PESCADERIA,12-ESPECIALIDADES,25-AHUMADOS,20-SALMON ADEREZADO,"Tartar de salmón ahumado MARTIKO, pack 2x75 g",MARTIKO,24243362,PACK,"0,15",150,1,KG,,,,"7,19",,"47,93",,,"0,57",,"5,39","35,95",25%," 'distance': 2,1495745182037354",210973,Martiko tartar de salmón ahumado 75 g contiene 2 unidades (total 150 g)',MARTIKO,,ESTUCHE,"0,15",KG,150,1,150,,,,"6,44",,,"42,93",,,,,"-6,98","5,00",10%,-19%,10%,10%,10%
HARINA EXTRA GALLO 1 KG,170316,2-ALIMENTACION,9-COCINA,17-HARINAS Y PAN RALLADO,1-HARINAS,1-HARINA COMUN,HARINA EXTRA GALLO 1 KG,GALLO,170316,PAQUETE,1,1000,1,KG,,,,"1,44",,"1,44",,,"7,26",,"1,15","1,15",20%," 'distance': 0,404227912425995",825162,GALLO harina extra 1 Kg contiene 10 unidades,GALLO,,Paquete,1,KG,1000,10,10000,,,,"13,16",,,"1,32",,,,,"-0,16","0,12",9%,-14%,9%,9%,10%
"Gel wc flor de hibisco SANICENTRO, botella 1 litro",25675661,2-ALIMENTACION,12-DROGUERIA,50-LIMPIADORES,5-BAÑO,21-WC LIMPIADORES PERFUMADOS,"Gel wc flor de hibisco SANICENTRO, botella 1 litro",SANICENTRO,25675661,BOTELLA,1,1000,1,L,,,,"2,10","1,58","2,10","1,58",,"1,26",2nd unit-50%,"1,50","1,50",5%," 'distance': 1,9303215742111206",141656,'Sanicentro gel wc con lejia citrico 1L',SANICENTRO,,BOTELLA,"1,00",L,1000,1,1000,,,,"1,88",,,"1,88",,,,,"-0,38","-0,31",-19%,-26%,10%,10%,10%
Hummus clásico EROSKI tarrina 240 g,26167775,1-FRESCOS,14-SOLUCIONES CULINARIAS,25-LISTO PARA COMER,5-TENTEMPIE/SNACKING,10-DIPS,Hummus clásico EROSKI tarrina 240 g,EROSKI,26167775,TARRINA,"0,24",240,1,KG,,,,"1,59",,"6,63",,,"5,78",,,,," 'distance': 4,066824913024902",198285,'METRO Chef hummus tarrina 900g',METRO CHEF,,TARRINA,"0,90",KG,900,1,900,,,,"5,34",,,"5,93",,,,,"0,69","0,69",10%,10%,10%,11%,10%
"Vino Tinto Crianza Rioja LAN, botella 75 cl",382903,2-ALIMENTACION,11-BEBIDAS,14-VINO D.O.,"9-VINOS D,O, TINTOS","53-VINO TINTO D,O, RIOJA CRIANZA","Vino Tinto Crianza Rioja LAN, botella 75 cl",LAN,382903,BOTELLA,"0,75",750,1,L,,,,"9,35",,"12,47",,,"0,19",,"7,95","10,60",15%," 'distance': 0,2782788574695587",163475,'Lan vino tinto crianza Rioja botella 75cl',LAN,,BOTELLA,"0,75",L,750,1,750,,,,"7,85","7,14",,"10,47","9,52",,9%,COMPRA MAS PAGA MENOS,"1,07","2,94",24%,10%,16%,8%,10%
"Salsa picante chipotle TABASCO, frasco 60 g",15212103,2-ALIMENTACION,9-COCINA,3-SALSAS,9-SALSAS ESPECIALES,12-SALSAS PICANTES,"Salsa picante chipotle TABASCO, frasco 60 g",TABASCO,15212103,FRASCO,"0,06",60,1,KG,,,,"4,25",,"70,83",,,"0,92",,"3,61","60,21",15%," 'distance': 0,575138568878174",119317,TABASCO salsa chipotle botella 60 ml,TABASCO,,BOTELLA,"0,06",L,60,1,60,,,,"3,91","3,52",,"65,17","58,65",,10%,COMPRA MAS PAGA MENOS,"1,56","12,18",17%,3%,8%,8%,10%
"Cuchillo de mesa Hotel, inox 18/10 JAY, 1 ud",827600,4-BAZAR,20-MENAJE,1-SERVICIO DE MESA,7-CUBIERTOS,"1-DESPIECE DE CUBIERTOS EN INOX,","Cuchillo de mesa Hotel, inox 18/10 JAY, 1 ud",JAY,827600,INOX,1,1000,1,UDS,,,,"1,99",,"1,99",,,"0,61",,,,," 'distance': 3,9645907878875732",502424,'Jay cuchillo mesa hotel 18% contiene 3 unidades',JAY,,UNIDAD,"0,06",UDS,59,3,177,,,,"5,63","4,79",,"1,88","1,60",,15%,COMPRA MAS PAGA MENOS,"0,39","0,39",20%,20%,6%,6%,9%
"Membrillo SANTA TERESA, tarrina 310 g",13163480,2-ALIMENTACION,5-LACTEOS,10-QUESOS,9-MEMBRILLOS Y DULCES,5-MEMBRILLOS PREMIUM,"Membrillo SANTA TERESA, tarrina 310 g",SANTA TERESA,13163480,TARRINA,"0,31",310,1,KG,España,,,"4,99",,"16,10",,,"0,57",,"3,74","12,07",25%," 'distance': 2,156308174133301",66737,'SANTA TERESA membrillo 310g',SANTA TERESA,,ESTUCHE,"0,31",KG,310,1,310,,,,"4,46",,,"14,39",,,,,"-2,31","1,71",11%,-19%,11%,11%,10%
"Quitamanchas CEBRALIN, spray 200 ml",479964,2-ALIMENTACION,12-DROGUERIA,74-COMPLEMENTOS DE LAVADO,20-QUITAMANCHAS,10-PRE LAVADO SECO,"Quitamanchas CEBRALIN, spray 200 ml",CEBRALIN,479964,SPRAY,"0,2",200,1,L,,,,"4,35",,"21,75",,,"1,03",,,,," 'distance': 2,733825206756592",92113,'Cebralin Quitamanchas aerosol 200ml',CEBRALIN,,AEROSOL/SPRAY,"0,20",L,200,1,200,,,,"4,10",,,"20,50",,,,,"1,25","1,25",6%,6%,6%,6%,10%
"Callos de ternera troceados, bandeja aprox, 980 g",5130901,1-FRESCOS,2-CARNICERIA,61-VACUNO ENVASADO,6-VACUNO DESPOJOS ENVASADO,1-VACUNO DESPOJOS ENVASADO,"Callos de ternera troceados, bandeja aprox, 980 g",EROSKI,5130901,BANDEJA,"0,98",980,1,KG,,,,"7,79",,"7,95",,,"2,04",,"5,84","5,96",25%," 'distance': 2,2941102981567383",75908,"Callos blancos troceados vacuno bandeja 0,9kg precio Kg'",MAKRO CHEF,,KILO,"0,90",KG,900,1,900,,,,"7,21",,,"7,10",,,,,"-1,14","0,85",11%,-19%,11%,11%,11%
Esp√°rrago blanco mediano 9/12 piezas EROSKI lata 150 g,2423846,2-ALIMENTACION,8-SALADO,12-ESPARRAGOS,9-ESPARRAGOS BLANCOS,15-ESPARRAGO FRASCO MEDIO,Esp√°rrago blanco mediano 9/12 piezas EROSKI lata 150 g,EROSKI,2423846,LATA,"0,15",150,1,KG,,,,"2,49",,"16,60",,,,,,,," 'distance': 0,5731779932975769",92594,aro espárrago corto blanco 110 gne contiene 3 unidades (185 g),ARO,,RETRACTIL,"0,185",KG,185,3,555,,,,"5,38","4,84",,"14,82","13,34",,10%,COMPRA MAS PAGA MENOS,"3,26","3,26",20%,20%,11%,11%,11%
"Vermouth Fiero MARTINI, botella 75 cl",22384689,2-ALIMENTACION,11-BEBIDAS,18-BEBIDAS DE ALTA GRADUACION,25-VERMOUTH,3-VERMOUTH BLANCO,"Vermouth Fiero MARTINI, botella 75 cl",MARTINI,22384689,BOTELLA,"0,75",750,1,L,,,,"10,39",,"13,85",,,0,,"8,83","11,78",15%," 'distance': 3,211979389190674",180689,MARTINI FIERO aperitivo botella 75cl,MARTINI,,BOTELLA,"0,75",L,750,1,750,,,,"9,74",,,"12,99",,,,,"-1,21","0,87",6%,-10%,6%,9%,10%
"Bebida energética BURN, lata 50 cl",15141427,2-ALIMENTACION,11-BEBIDAS,10-BEBIDAS REFRESCANTES,33-ENERGETICO,5-ENERGETICO REG,"Bebida energética BURN, lata 50 cl",BURN,15141427,LATA,"0,5",500,1,L,,,,"1,25","0,83","2,50","1,67",,"3,19",3x2,"0,67","1,33",20%," 'distance': 1,8887031078338623",160166,burn bebida energética original lata 50cl contiene 12 unidades',BURN,,LATA,"0,50",L,500,12,6000,,,,"12,69","11,93",,"2,12","1,99",,6%,COMPRA MAS PAGA MENOS,"-0,66","-0,32",-19%,-49%,15%,39%,20%
"Licor DISARONNO AMARETTO, botella 70 cl",963934,2-ALIMENTACION,11-BEBIDAS,18-BEBIDAS DE ALTA GRADUACION,17-LICORES CON ALCOHOL,20-LICOR FRUTOS SECOS,"Licor DISARONNO AMARETTO, botella 70 cl",DISARONNO,963934,BOTELLA,"0,7",700,1,L,,,,"17,65",,"25,21",,,"0,07",,"15,00","21,43",15%," 'distance': 0,2243482768535614",872404,'DISARONNO licor amaretto botella 70 cl',DISARONNO,,BOTELLA,"0,70",L,700,1,700,,,,"16,44",,,"23,49",,,,,"-2,05","1,72",7%,-10%,7%,7%,9%
"Bebida de almendras ALPRO, brik 1 litro",24879298,2-ALIMENTACION,5-LACTEOS,3-LECHE,6-PREPARADOS VEGETALES,15-BEBIDA DE ALMENDRA,"Bebida de almendras ALPRO, brik 1 litro",ALPRO,24879298,BRIK,1,1000,1,L,,,,"2,09",,"2,09",,,"2,64",,"1,99","1,99",5%," 'distance': 3,211979389190674",212687,alpro bebida de almendra 1L contiene 6 unidades,ALPRO,,BRIK,1,L,1000,6,6000,,,,"11,21",,,"1,87",,,,,"0,12","0,22",11%,6%,11%,11%,11%
"Bebida de almendras sin azúcar ALPRO, brik 1 litro",24879413,2-ALIMENTACION,5-LACTEOS,3-LECHE,6-PREPARADOS VEGETALES,15-BEBIDA DE ALMENDRA,"Bebida de almendras sin azúcar ALPRO, brik 1 litro",ALPRO,24879413,BRIK,1,1000,1,L,Francia,,,"2,09",,"2,09",,,"8,9",,"1,99","1,99",5%," 'distance': 3,191977024078369",212686,'alpro bebida de almendra sin azucar 1L contiene 6 unidades',ALPRO,,BRICK,"1,00",L,1000,6,6000,,,,"11,17","10,16",,"1,86","1,69",,9%,COMPRA MAS PAGA MENOS,"0,29","0,40",19%,15%,11%,11%,11%
"Vermouth Blanco CINZANO, botella 1 litro",684571,2-ALIMENTACION,11-BEBIDAS,18-BEBIDAS DE ALTA GRADUACION,25-VERMOUTH,3-VERMOUTH BLANCO,"Vermouth Blanco CINZANO, botella 1 litro",CINZANO,684571,BOTELLA,1,1000,1,L,,,,"7,99",,"7,99",,,"0,03",,"6,79","6,79",15%," 'distance': 3,099928855895996",60229,'CINZANO vermut blanco botella 1L',CINZANO,,BOTELLA,"1,00",L,1000,1,1000,,,,"6,64",,,"7,08",,,,,"-0,29","0,91",11%,-4%,11%,11%,11%
"Levadura de panadería ROYAL, caja 27,5 g",16438699,2-ALIMENTACION,9-COCINA,21-REPOSTERIA,20-LEVADURAS,10-LEVADURA PANADERA,"Levadura de panadería ROYAL, caja 27,5 g",ROYAL,16438699,CAJA,"0,0275","27,5",1,KG,España,,,"2,25",,"81,82",,,"0,88",,,,," 'distance': 1,5878987312316895",135968,Royal levadura panadería 27,ROYAL,,CAJA/CAJON,"0,03",KG,28,1,28,,,,"2,08","1,87",,"74,29","66,86",,10%,COMPRA MAS PAGA MENOS,"14,96","14,96",18%,18%,9%,9%,10%
"Aguardiente de hierbas RUAVIEJA, botella 1 litro",13279823,2-ALIMENTACION,11-BEBIDAS,18-BEBIDAS DE ALTA GRADUACION,9-AGUARDIENTES Y ORUJOS,1-AGUARDIENTES¿Y¿ORUJOS HIERBAS,"Aguardiente de hierbas RUAVIEJA, botella 1 litro",RUAVIEJA,13279823,BOTELLA,1,1000,1,L,España,,,"14,35",,"14,35",,,"0,65",,"12,20","12,20",15%," 'distance': 1,577392816543579",168102,'Ruavieja licor hierbas botella 1L',RUAVIEJA,,BOTELLA,"1,00",L,1000,1,1000,,,,"12,57",,,"12,57",,,,,"-0,37","1,78",12%,-3%,12%,-4%,5%
"Mini cachopo de pollo-jamón-pavo-queso ALDELIS, bandeja aprox, 300 g",22465181,1-FRESCOS,2-CARNICERIA,65-ELABORADOS ENVASADO,6-ELABORADOS FRITOS ENVASADO,2-EMPANADOS Y REBOZADOS ENVASADO,"Mini cachopo de pollo-jamón-pavo-queso ALDELIS, bandeja aprox, 300 g",ALDELIS,22465181,BANDEJA,"0,3",300,1,KG,España,,,"3,89",,"12,97",,,"1,8",,"3,50","11,67",10%," 'distance': 2,0850398540496826",189924,"Cachopo de pollo,jamon y pavo bandeja 320 gr",ALDELIS,,BANDEJA,"0,32",KG,320,1,320,,,,"3,69",,,"11,53",,,,,"0,14","1,44",11%,1%,11%,11%,11%
"Cerveza 0,0 tostada MAHOU, lata 33 cl",19501378,2-ALIMENTACION,11-BEBIDAS,8-CERVEZAS,"5-CERVEZAS 0,0","3-CERVEZA 0,0 LATA","Cerveza 0,0 tostada MAHOU, lata 33 cl",MAHOU,19501378,LATA,"0,33",330,1,L,España,,,"0,83",,"2,52",,,"43,38",,"0,62","1,89",25%," 'distance': 1,6821722984313965",166551,"Mahou cerveza tostada 0,0 33cl contiene 24 latas",MAHOU,,RETRACTIL,"0,33",L,330,24,7920,,,,"15,72","14,15",,"1,98","1,79",,10%,COMPRA MAS PAGA MENOS,"0,10","0,73",29%,5%,21%,21%,15%
"Frutos del bosque LA CUERVA, bolsa 300 g",20033932,2-ALIMENTACION,3-CONGELADOS,3-HELADO,35-FRUTA,1-FRUTA,"Frutos del bosque LA CUERVA, bolsa 300 g",LA CUERVA,20033932,BOLSA,"0,3",300,1,KG,,,,"2,05",,"6,83",,,"2,47",,,,," 'distance': 1,5258691310882568",953654,'La Cuerva frutas del bosque 1kg',LA CUERVA,,BOLSA/BOLSON,"1,00",KG,1000,1,1000,,,,"5,71","4,85",,"5,71","4,85",,15%,COMPRA MAS PAGA MENOS,"1,98","1,98",29%,29%,16%,11%,11%
Taquitos de jamón curado EROSKI pack 2x75 g,9082314,1-FRESCOS,4-CHARCUTERIA,"6-CURADOS, EMBUT. E IBERICOS",3-CURADOS PORCION,26-COCINA CURADOS,Taquitos de jamón curado EROSKI pack 2x75 g,EROSKI,9082314,PACK,"0,15",150,1,KG,,,,"1,97","1,31","13,13","8,75",,"23,04",3x2,"1,18","7,87",10%," 'distance': 4,418760299682617",144620,aro jamón taquitos 75g 2 unidades (Total 150 g)',ARO,,BANDEJA,"0,15",KG,150,1,150,,,,"2,04",,,"13,60",,,,,"-5,73","-4,85",-55%,-73%,-4%,-1%,7%
"Vino Rosado D,O, Navarra GRAN FEUDO, botella 75 cl",375881,2-ALIMENTACION,11-BEBIDAS,14-VINO D.O.,"7-VINOS D,O, ROSADOS","45-VINO ROSADO D,O, NAVARRA","Vino Rosado D,O, Navarra GRAN FEUDO, botella 75 cl",GRAN FEUDO,375881,BOTELLA,"0,75",750,1,L,España,,,"4,95",,"6,60",,,"1,23",,"4,21","5,61",15%," 'distance': 0,5518653988838196",606086,'Gran Feudo vino rosado Navarra botella 75cl',GRAN FEUDO,,BOTELLA,"0,75",L,750,1,750,,,,"4,66","3,96",,"6,21","5,28",,15%,COMPRA MAS PAGA MENOS,"0,33","1,32",20%,6%,6%,8%,11%
"Yogur griego natural azucarado OIKOS, pack 4x110 g",20244737,2-ALIMENTACION,5-LACTEOS,4-YOGURES Y POSTRES,2-YOGURES ESPECIALES,80-TIPO GRIEGO NATURAL,"Yogur griego natural azucarado OIKOS, pack 4x110 g",OIKOS,20244737,PACK,"0,44",440,1,KG,,,,"2,79",,"6,34",,,"5,07",,,,," 'distance': 0,90915846824646",500006,'OIKOS yogur griego natural azucarado 110 g contiene 4 unidades (total 440 g)',OIKOS,,PACK,"0,44",KG,440,1,440,,,,"2,15",,,"4,89",,,,,"1,45","1,45",23%,23%,23%,16%,13%
"Yogur griego natural OIKOS, pack 4x110 g",20244729,2-ALIMENTACION,5-LACTEOS,4-YOGURES Y POSTRES,2-YOGURES ESPECIALES,80-TIPO GRIEGO NATURAL,"Yogur griego natural OIKOS, pack 4x110 g",OIKOS,20244729,PACK,"0,44",440,1,KG,,,,"2,79",,"6,34",,,"10,07",,,,," 'distance': 1,1936306953430176",526292,'OIKOS yogur griego natural 110 g contiene 4 unidades (total 440 g)',OIKOS,,PACK,"0,44",KG,440,1,440,,,,"2,15",,,"4,89",,,,,"1,45","1,45",23%,23%,23%,16%,13%
"Arroz redondo SOS, paquete 500 g",989483,2-ALIMENTACION,9-COCINA,7-ARROZ,1-ARROZ REDONDO,3-ARROZ REDONDO,"Arroz redondo SOS, paquete 500 g",SOS,989483,PAQUETE,"0,5",500,1,KG,,,,"1,1",,"2,20",,,"1,5",,,,," 'distance': 0,681110441684723",198629,SOS arroz redondo cl√°sico paquete 1kg,SOS,,PAQUETE,1,KG,1000,1,1000,,,,"1,86",,,"1,79",,,,,"0,41","0,41",19%,19%,19%,11%,11%
"CJ Q,MEZCLA SEMICURADO¿EROSKI           ",2026003,1-FRESCOS,4-CHARCUTERIA,1-QUESOS MOSTRADOR,17-QUESO SEMI,1-QUESO SEMI MEZCLA,"CJ Q,MEZCLA SEMICURADO¿EROSKI           ",EROSKI,2026003,GRANEL,"0,25",250,1,AL CORTE,,,,"2,92",,"11,68",,,"0,27",,"2,19","8,76",25%," 'distance': 0,948779463768005",216618,METRO Chef queso mezcla semicurado pieza 3 kg aprox,METRO CHEF,,Pieza,3,KG,3000,1,3000,,,,"10,91","10,80",,"10,91","10,80",,1%,,"-2,04","0,88",8%,-23%,7%,11%,11%
"Salsa aceite de sesamo oil BLUE DRAGON, frasco 150 ml",22311484,2-ALIMENTACION,8-SALADO,39-COMIDAS DEL MUNDO,10-COMIDA ASIATICA,15-JAPONESA,"Salsa aceite de sesamo oil BLUE DRAGON, frasco 150 ml",BLUE DRAGON,22311484,FRASCO,"0,15",150,1,L,,,,"5,29",,"35,27",,,"0,03",,"4,23","28,21",20%," 'distance': 0,652698218822479",64765,Blue Dragon aceite sesamo botella 150ml,BLUE DRAGON,,BOTELLA,"0,15",L,150,1,150,,,,"4,79","4,31",,"31,93","28,74",,10%,COMPRA MAS PAGA MENOS,"-0,53","6,53",19%,-2%,9%,9%,11%
"Bebida vegetal de soja sin azúcar VEGETANEA, brik 1 litro",25035817,2-ALIMENTACION,5-LACTEOS,3-LECHE,6-PREPARADOS VEGETALES,1-BEBIDA DE SOJA,"Bebida vegetal de soja sin azúcar VEGETANEA, brik 1 litro",VEGETANEA,25035817,BRIK,1,1000,1,L,España,,,"1,39","0,90","1,39","0,90",,"0,11",2nd unit-70%,"0,86","0,86",5%," 'distance': 2,7271175384521484",209526,Vegetánea bebida soja sin azúcar añadido 1 L contiene 6 unidades',VEGETÁNEA,,BRICK,"1,00",L,1000,6,6000,,,,"8,24",,,"1,37",,,,,"-0,52","-0,47",-52%,-60%,1%,1%,8%
"Vino Tinto Reserva Rioja AZPILICUETA, botella 75 cl",4935573,2-ALIMENTACION,11-BEBIDAS,14-VINO D.O.,"9-VINOS D,O, TINTOS","54-VINO¿TINTO¿D,O,¿RIOJA¿RVA-GRVA","Vino Tinto Reserva Rioja AZPILICUETA, botella 75 cl",AZPILICUETA,4935573,BOTELLA,"0,75",750,1,L,,,,"15,19",,"20,25",,,"0,07",,"12,91","17,22",15%," 'distance': 1,406843900680542",308620,'Azpilicueta vino tinto Reserva botella 75cl',AZPILICUETA,,BOTELLA,"0,75",L,750,1,750,,,,"13,54","11,51",,"18,05","15,35",,15%,COMPRA MAS PAGA MENOS,"1,87","4,90",24%,11%,11%,13%,12%
"Pan tostado con pasas LA GAVILLA, bolsa 100 g",10787018,2-ALIMENTACION,10-DULCE,28-PAN TOSTADO,9-ESPECIAL CANAPES,9-MINITOSTAS,"Pan tostado con pasas LA GAVILLA, bolsa 100 g",LA GAVILLA,10787018,BOLSA,"0,1",100,1,KG,,,,"2,25",,"22,50",,,"1,73",,,,," 'distance': 2,7567431926727295",176378,'La Gavilla minibiscotte con pasas 100g',LA GAVILLA,,BOLSA/BOLSON,"0,10",KG,100,1,100,,,,"1,97",,,"19,70",,,,,"2,80","2,80",12%,12%,12%,11%,11%
"CERVEZA BOTELLA 12X0,25 HEINEKEN",18625467,2-ALIMENTACION,11-BEBIDAS,8-CERVEZAS,1-CERVEZAS LAGER,1-CERVEZAS LAGER BOTELLA,"CERVEZA BOTELLA 12X0,25 HEINEKEN",HEINEKEN,18625467,PACK,3,3000,1,L,,,,"7,90",,"2,63",,,"0,33",,"5,93","1,98",25%," 'distance': 0,339825034141541",58890,Heineken cerveza holandesa 25cl contiene 24 botellas,HEINEKEN,,BOTELLA,"0,25",L,250,24,6000,,,,"12,69","11,93",,"2,12","1,99",,6%,COMPRA MAS PAGA MENOS,"-0,01","0,65",25%,-1%,20%,7%,10%
"Anís dulce EL MONO, botella 70 cl",13099056,2-ALIMENTACION,11-BEBIDAS,18-BEBIDAS DE ALTA GRADUACION,1-ANIS,1-ANIS SECO Y DULCE,"Anís dulce EL MONO, botella 70 cl",MONO,13099056,BOTELLA,"0,7",700,1,L,España,,,"8,70",,"12,43",,,"0,61",,"7,40","10,56",15%," 'distance': 0,8943082094192505",93217,Anís Del Mono anís dulce botella 70cl',ANÍS DEL MONO,,BOTELLA,"0,70",L,700,1,700,,,,"7,93",,,"11,33",,,,,"-0,76","1,10",9%,-7%,9%,9%,10%
"Ron caribeño MALIBU, botella 70 cl",861583,2-ALIMENTACION,11-BEBIDAS,18-BEBIDAS DE ALTA GRADUACION,5-RON,1-RON BLANCO,"Ron caribeño MALIBU, botella 70 cl",MALIBU,861583,BOTELLA,"0,7",700,1,L,España,,,"12,99",,"18,56",,,"0,34",,"11,04","15,77",15%," 'distance': 1,714155673980713",128632,'MALIBU licor ron botella 70cl',MALIBU,,BOTELLA,"0,70",L,700,1,700,,,,"11,97",,,"17,10",,,,,"-1,33","1,46",8%,-8%,8%,8%,10%
"Vermouth Blanco YZAGUIRRE, botella 1 litro",10870475,2-ALIMENTACION,11-BEBIDAS,18-BEBIDAS DE ALTA GRADUACION,25-VERMOUTH,3-VERMOUTH BLANCO,"Vermouth Blanco YZAGUIRRE, botella 1 litro",YZAGUIRRE,10870475,BOTELLA,1,1000,1,L,,,,"8,39","7,72","8,39","7,72",,"0,11",8%,"6,56","6,56",15%," 'distance': 3,126187562942505",37740,'Yzaguirre vermut blanco botella 1L',YZAGUIRRE,,BOTELLA,"1,00",L,1000,1,1000,,,,"7,37",,,"7,37",,,,,"-0,81","0,35",5%,-12%,12%,12%,12%
"Vermouth Rojo YZAGUIRRE, botella 1 litro",10870491,2-ALIMENTACION,11-BEBIDAS,18-BEBIDAS DE ALTA GRADUACION,25-VERMOUTH,1-VERMOUTH ROJO,"Vermouth Rojo YZAGUIRRE, botella 1 litro",YZAGUIRRE,10870491,BOTELLA,1,1000,1,L,,,,"8,39","7,72","8,39","7,72",,"1,03",8%,"6,56","6,56",15%," 'distance': 3,323720932006836",37826,'Yzaguirre vermut rojo botella 1L',YZAGUIRRE,,BOTELLA,"1,00",L,1000,1,1000,,,,"7,37",,,"7,37",,,,,"-0,81","0,35",5%,-12%,12%,12%,12%
"Bebida isotónica sabor melocotón rojo AQUARIUS, lata 33 cl",26226944,2-ALIMENTACION,11-BEBIDAS,10-BEBIDAS REFRESCANTES,36-S/G SABOR,35-S/G SABOR RESTO PEQUE,"Bebida isotónica sabor melocotón rojo AQUARIUS, lata 33 cl",AQUARIUS,26226944,LATA,"0,33",330,1,L,,,,"0,95","0,71","2,88","2,16",,"7,57",2nd unit-50%,"0,57","1,73",20%," 'distance': 2,179307460784912",217004,AQUARIUS bebida refrescante aromatizada melocotón rojo lata 33cl contiene 24 unidades',AQUARIUS,,LATA,"0,33",L,330,24,7920,,,,"17,41","15,15",,"2,20","1,91",,13%,COMPRA MAS PAGA MENOS,"-0,19","0,25",11%,-11%,24%,17%,14%
"Whisky DYC, botella 70 cl",315523,2-ALIMENTACION,11-BEBIDAS,18-BEBIDAS DE ALTA GRADUACION,13-WHISKY,3-WHISKY¿STANDARD,"Whisky DYC, botella 70 cl",DYC,315523,BOTELLA,"0,7",700,1,L,España,,,"12,55",,"17,93",,,"0,11",,"10,67","15,24",15%," 'distance': 2,0555760860443115",233636,"DYC 5 whisky botella 70cl Alc, 40% vol,'",DYC,,BOTELLA,"0,70",L,700,1,700,,,,"9,98",,,"14,26",,,,,"0,98","3,67",20%,6%,20%,16%,13%
"Vino Tinto Crianza D,O, Valdepeñas VIÑA ALBALI, botella 75 cl",11024908,2-ALIMENTACION,11-BEBIDAS,14-VINO D.O.,"9-VINOS D,O, TINTOS","71-V,TINTO D,O,VALDEPEÑAS CRIANZA","Vino Tinto Crianza D,O, Valdepeñas VIÑA ALBALI, botella 75 cl",VIÑA ALBALI,11024908,BOTELLA,"0,75",750,1,L,,,,"2,95",,"3,93",,,"2,13",,"2,51","3,34",15%," 'distance': 0,742948055267334",686296,Viña Albali vino tinto crianza botella 75cl',VIÑA ALBALI,,BOTELLA,"0,75",L,750,1,750,,,,"2,60","2,37",,"3,47","3,16",,9%,COMPRA MAS PAGA MENOS,"0,19","0,78",20%,6%,12%,12%,11%
"Limpiador cocina sin lejía SANYTOL, pistola 750 ml",20106001,2-ALIMENTACION,12-DROGUERIA,50-LIMPIADORES,3-COCINA,1-LIMPIADOR GENERAL,"Limpiador cocina sin lejía SANYTOL, pistola 750 ml",SANYTOL,20106001,PISTOLA,"0,75",750,1,L,,,,"3,70","2,78","4,93","3,70",,"1,73",2nd unit-50%,"2,64","3,52",5%," 'distance': 2,3411715030670166",7456,'SANYTOL limpiador cocinas 750ml',SANYTOL,,AEROSOL/SPRAY,"0,75",L,750,1,750,,,,"3,13",,,"4,17",,,,,"-0,66","-0,47",-13%,-19%,15%,15%,14%
"Ginebra japonesa ROKU, botella 70 cl",21759071,2-ALIMENTACION,11-BEBIDAS,18-BEBIDAS DE ALTA GRADUACION,3-GINEBRA,10-GINEBRA PREMIUM,"Ginebra japonesa ROKU, botella 70 cl",ROKU,21759071,BOTELLA,"0,7",700,1,L,Japón,,,"26,00",,"37,14",,,"0,03",,"22,10","31,57",15%," 'distance': 0,6214922666549683",178072,'ROKU ginebra botella 70cl',ROKU,,BOTELLA,"0,70",L,700,1,700,,,,"24,19",,,"34,56",,,,,"-2,99","2,59",7%,-9%,7%,8%,10%
"Cereales de fruta KELLOGG`S Extra, bolsa 375 g",19215961,2-ALIMENTACION,10-DULCE,22-CEREALES DE DESAYUNO,7-CEREALES,5-CEREAL ADULTO MUESLI-MULTICER,"Cereales de fruta KELLOGG`S Extra, bolsa 375 g",EXTRA,19215961,BOLSA,"0,375",375,1,KG,,,,"4,60",,"12,27",,,"0,23",,,,," 'distance': 3,7603259086608887",925249,"""Kellogg's muesli extra fruta 1",KELLOGG'S,,BOLSA/BOLSON,"1,50",KG,1500,1,1500,,,,"17,04","15,51",,"11,36","10,34",,9%,COMPRA MAS PAGA MENOS,"1,93","1,93",16%,16%,7%,7%,10%
Gnocchi EROSKI bolsa 500 g,19841287,1-FRESCOS,14-SOLUCIONES CULINARIAS,35-DISFRUTA COCINANDO,20-PASTA FRESCA,3-OTROS PASTA FRESCA,Gnocchi EROSKI bolsa 500 g,EROSKI,19841287,BOLSA,"0,5",500,1,KG,Italia,,,"1,59",,"3,18",,,"1,76",,,,," 'distance': 6,396720886230469",190272,'makro Chef gnocchi patata bandeja 500g',MAKRO CHEF,,BANDEJA,"0,50",KG,500,1,500,,,,"1,49","1,28",,"2,98","2,56",,14%,COMPRA MAS PAGA MENOS,"0,62","0,62",19%,19%,6%,19%,15%
"Lenteja pardina LUENGO, paquete 500 g",14708093,2-ALIMENTACION,9-COCINA,9-LEGUMBRES,5-LENTEJA SECA,3-LENTEJA PARDINA,"Lenteja pardina LUENGO, paquete 500 g",LUENGO,14708093,PAQUETE,"0,5",500,1,KG,,,,"1,99","1,51","3,98","3,02",,"2,53",24%,"1,29","2,57",15%," 'distance': 1,1311585903167725",37025,'Luengo lenteja pardina 5kg',LUENGO,,PAQUETE,"5,00",KG,5000,1,5000,,,,"17,88",,,"3,58",,,,,"-1,00","-0,55",-18%,-39%,10%,10%,11%
"Bonito del norte en aceite de oliva ORTIZ, lata 600 g",18491894,2-ALIMENTACION,8-SALADO,23-CONSERVAS DE PESCADO,7-BONITO,9-BONITO ACEITE,"Bonito del norte en aceite de oliva ORTIZ, lata 600 g",ORTIZ,18491894,LATA,"0,6",600,1,KG,,,,"20,95",,"34,92",,,"0,03",,"18,86","31,43",10%," 'distance': 1,607498049736023",165047,Conservas Ortiz bonito de norte en aceite de oliva (fácil apertura) lata 480gne (600 g)',CONSERVAS ORTIZ,,LATA,"0,60",KG,600,1,600,,,,"18,47",,,"30,78",,,,,"0,64","4,14",12%,2%,12%,12%,11%
"Ron Imperial BARCELÓ, botella 70 cl",974899,2-ALIMENTACION,11-BEBIDAS,18-BEBIDAS DE ALTA GRADUACION,5-RON,7-RON¿OSCURO PREMIUM,"Ron Imperial BARCELÓ, botella 70 cl",BARCELO,974899,BOTELLA,"0,7",700,1,L,,,,"34,60","30,10","49,43","43,00",,0,13%,"25,59","36,55",15%," 'distance': 3,211979389190674",702234,"Barcelo ron imperial botella 70cl Alc, 38% vol,",BARCELO,,BOTELLA,"0,7",L,700,1,700,,,,"32,37",,,"46,24",,,,,"-9,69","-3,24",-8%,-27%,6%,12%,12%
"Fideos de arroz GO-TAN, paquete 250 g",11323110,2-ALIMENTACION,8-SALADO,39-COMIDAS DEL MUNDO,10-COMIDA ASIATICA,20-COMIDA ASIATICA RESTO,"Fideos de arroz GO-TAN, paquete 250 g",GO TAN,11323110,PAQUETE,"0,25",250,1,KG,Países Bajos,,,"2,29",,"9,16",,,"0,61",,"1,83","7,33",20%," 'distance': 2,074814558029175",1904,'GO-TAN fideos de arroz 250g',GO-TAN,,UNIDAD,"0,25",KG,250,1,250,,,,"2,92",,,"11,68",,,,,"-4,35","-2,52",-28%,-59%,-28%,-28%,-2%
"Licor de café RUAVIEJA, botella 70 cl",1848456,2-ALIMENTACION,11-BEBIDAS,18-BEBIDAS DE ALTA GRADUACION,17-LICORES CON ALCOHOL,25-LICOR CON CAFE,"Licor de café RUAVIEJA, botella 70 cl",RUAVIEJA,1848456,BOTELLA,"0,7",700,1,L,España,,,"13,45",,"19,21",,,"0,15",,"11,43","16,33",15%," 'distance': 0,36614108085632324",755209,Ruavieja licor café botella 70cl',RUAVIEJA,,BOTELLA,"0,70",L,700,1,700,,,,"12,09",,,"17,27",,,,,"-0,94","1,94",10%,-6%,10%,10%,11%
"Whisky JOHNNIE WALKER, botella 70 cl",315606,2-ALIMENTACION,11-BEBIDAS,18-BEBIDAS DE ALTA GRADUACION,13-WHISKY,3-WHISKY¿STANDARD,"Whisky JOHNNIE WALKER, botella 70 cl",JOHNNIE WALKER,315606,BOTELLA,"0,7",700,1,L,,,,"17,11","14,03","23,56","20,04",,"0,57",18%,"11,93","17,04",15%," 'distance': 0,251675069332123",830245,JOHNNIE WALKER etiqueta roja whisky escocés botella 70cl Alc. 40% vol.,JOHNNIE WALKER,,BOTELLA,"0,7",L,700,1,700,,,,"13,30",,,"19,00",,,,,"-1,96","1,04",5%,-12%,19%,19%,14%
"Merluza de pincho, pieza al peso aprox. 1.75 kg",14632111,1-FRESCOS,7-PESCADERIA,14-MOSTRADOR PESCADERIA,19-MERLUZA Y PESCADILLA,10-MERLUZA PIEZA ANZUELO,"Merluza de pincho, pieza al peso aprox. 1.75 kg",EROSKI,14632111,PIEZA,"1,75",1750,1,KG,,,,"20,83",,"11,90",,,,,"18,75","10,71",10%," 'distance': 0,5576945543289185",220115,merluza pincho kg fao,MAKRO,,KILO,"2,5",KG,2500,1,2500,,,,"11,00",,,"11,00",,,,,"-0,29","0,90",8%,-3%,8%,33%,19%
Alubia blanca cocida EROSKI frasco 400 g,25948407,2-ALIMENTACION,9-COCINA,9-LEGUMBRES,9-ALUBIA COCIDA,1-ALUBIA¿BLANCA COCIDA¿FRASCO¿NORMAL,Alubia blanca cocida EROSKI frasco 400 g,EROSKI,25948407,FRASCO,"0,4",400,1,KG,,,,"0,80",,"2,00",,,,,"0,68","1,70",15%," 'distance': 0,22136124968528748",210439,METRO Chef alubia cocida al natural frasco 400gne (540 g),METRO CHEF,,TARRO,"0,54",KG,540,1,540,,,,"1,05","0,95",,"1,76","1,58",,10%,COMPRA MAS PAGA MENOS,"0,12","0,42",21%,7%,12%,12%,12%
"Café en grano descafeinado FORTALEZA, paquete 500 g",23604143,2-ALIMENTACION,10-DULCE,8-CAFE,1-CAFE GRANO,5-CAFE¿GRANO¿OTROS,"Café en grano descafeinado FORTALEZA, paquete 500 g",FORTALEZA,23604143,PAQUETE,"0,5",500,1,KG,,,,"10,75",,"21,50",,,"0,53",,"9,68","19,35",10%," 'distance': 1,2093961238861084",194854,Fortaleza café en grano descafeinado 500g',FORTALEZA,,BOLSA/BOLSON,"0,50",KG,500,1,500,,,,"10,95",,,"21,90",,,,,"-2,55","-0,40",-2%,-13%,-2%,-2%,5%
"Salmorejo ALVALLE, brik 1 litro",18681338,1-FRESCOS,14-SOLUCIONES CULINARIAS,25-LISTO PARA COMER,"11-GAZPACHOS-SOPAS Y CREMAS,",1-GAZPACHOS,"Salmorejo ALVALLE, brik 1 litro",ALVALLE,18681338,BRIK,1,1000,1,L,,,,"3,99",,"3,99",,,"3,19",,,,," 'distance': 1,834241509437561",158354,'Alvalle salmorejo 1L',ALVALLE,,BRIK,"1,00",L,1000,1,1000,,,,"3,51",,,"3,51",,,,,"0,48","0,48",12%,12%,12%,12%,12%
"Cerveza sin gluten ESTRELLA GALICIA, pack botellín 6x25 cl",24305336,2-ALIMENTACION,11-BEBIDAS,8-CERVEZAS,1-CERVEZAS LAGER,1-CERVEZAS LAGER BOTELLA,"Cerveza sin gluten ESTRELLA GALICIA, pack botellín 6x25 cl",ESTRELLA GALICIA,24305336,PACK,"1,5",1500,1,L,España,,,"4,49",,"2,99",,,"1,65",,"3,37","2,25",25%," 'distance': 2,375014305114746",204171,'Estrella Galicia cerveza sin gluten 25cl contiene 24 botellas',ESTRELLA GALICIA,,CAJA/CAJON,"0,25",L,250,24,6000,,,,"16,88","15,19",,"2,81","2,53",,10%,COMPRA MAS PAGA MENOS,"-0,29","0,46",15%,-13%,6%,6%,10%
"Cerveza tostada 0,0 SAN MIGUEL, lata 33 cl",24887697,2-ALIMENTACION,11-BEBIDAS,8-CERVEZAS,"5-CERVEZAS 0,0","3-CERVEZA 0,0 LATA","Cerveza tostada 0,0 SAN MIGUEL, lata 33 cl",SAN MIGUEL,24887697,LATA,"0,33",330,1,L,España,,,"0,76",,"2,30",,,"22,57",,"0,57","1,73",25%," 'distance': 1,4742882251739502",273715,"SanMiguel cerveza 0,0 33cl contiene 24 latas",SAN MIGUEL,,LATA,"0,33",L,330,24,7920,,,,"15,60",,,"1,97",,,,,"-0,24","0,33",14%,-14%,14%,14%,13%
"Burger de cerdo ibérico ELPOZO, bandeja 360 g",24285553,1-FRESCOS,2-CARNICERIA,65-ELABORADOS ENVASADO,14-ELABORADOS HAMBURGUESA ENVASAD,3-HAMBURGUESA DE CERDO ENVASADO,"Burger de cerdo ibérico ELPOZO, bandeja 360 g",ELPOZO,24285553,BANDEJA,"0,36",360,1,KG,,,,"3,29",,"9,14",,,"2,12",,"2,96","8,23",10%," 'distance': 1,7645280361175537",211161,Burger cerdo ibérico 120 g contiene 6 unidades',EL POZO,,BANDEJA,"0,72",KG,720,1,720,,,,"5,78",,,"8,03",,,,,"0,20","1,11",12%,2%,12%,12%,12%
Café soluble descafeinado EROSKI frasco 200 g,19739812,2-ALIMENTACION,10-DULCE,8-CAFE,5-CAFE SOLUBLE,9-CAFE¿SOLUBLE¿DESCAFE + 200GR,Café soluble descafeinado EROSKI frasco 200 g,EROSKI,19739812,FRASCO,"0,2",200,1,KG,,,,"4,95",,"24,75",,,"3,26",,"4,46","22,28",10%," 'distance': 3,5674619674682617",114359,RIOBA café soluble descafeinado 200g',RIOBA,,FRASCO,"0,20",KG,200,1,200,,,,"4,72",,,"23,60",,,,,"-1,33","1,15",5%,-6%,5%,25%,15%
"Caldo casero de pollo GALLINA BLANCA, brik 1 litro",15749138,2-ALIMENTACION,9-COCINA,15-SOPAS PURES Y CALDOS,6-CALDOS¿LÍQUIDOS,7-CALDO LIQUIDO AVE,"Caldo casero de pollo GALLINA BLANCA, brik 1 litro",GALLINA BLANCA,15749138,BRIK,1,1000,1,L,España,,,"2,20",,"2,20",,,"2,8",,,,," 'distance': 1,3789191246032715",124642,Gallina Blanca caldo pollo casero líquido 1l',GALLINA BLANCA,,BRIK,"1,00",L,1000,1,1000,,,,"1,82",,,"1,82",,,,,"0,38","0,38",17%,17%,17%,17%,13%
"Alubia morada extra LUENGO, paquete 1 kg",47985,2-ALIMENTACION,9-COCINA,9-LEGUMBRES,1-ALUBIA SECA,3-ALUBIA MORADA,"Alubia morada extra LUENGO, paquete 1 kg",LUENGO,47985,PAQUETE,1,1000,1,KG,,,,"4,40",,"4,40",,,2,,"3,74","3,74",15%," 'distance': 0,570326566696167",195228,Luengo alubia morada 1kg,LUENGO,,PAQUETE,1,KG,1000,1,1000,,,,"4,05","3,65",,"3,75","3,38",,10%,COMPRA MAS PAGA MENOS,"0,37","1,03",23%,10%,15%,15%,15%
"Vino Tinto Joven D.O.C. Rioja SOLAR DE ESTRAUNZA, botella 75 cl",22392831,2-ALIMENTACION,11-BEBIDAS,14-VINO D.O.,9-VINOS D.O. TINTOS,52-VINO TINTO D.O. RIOJA JOVEN,"Vino Tinto Joven D.O.C. Rioja SOLAR DE ESTRAUNZA, botella 75 cl",SOLAR DE ESTRAUNZA,22392831,BOTELLA,"0,75",750,1,L,,,,"3,99",,"5,32",,,"0,46",,"3,39","4,52",15%," 'distance': 0,190352290868759",185338,Solar De Estraunza vino tinto joven botella 75cl,SOLAR DE ESTRAUNZA,,BOTELLA,"0,75",L,750,1,750,,,,"3,50",,,"4,67",,,,,"-0,14","0,65",12%,-3%,12%,12%,12%
"Tenedor de mesa Hotel, inox 18/0 JAY, 3 uds",16107898,4-BAZAR,20-MENAJE,1-SERVICIO DE MESA,7-CUBIERTOS,"1-DESPIECE DE CUBIERTOS EN INOX,","Tenedor de mesa Hotel, inox 18/0 JAY, 3 uds",JAY,16107898,INOX,3,3000,3,UDS,,,,"3,15",,"1,05",,,"1,19",,,,," 'distance': 3,211979389190674",502320,Jay tenedor mesa hotel 18% contiene 6 unidades,JAY,,UNIDAD,"0,038",UDS,38,6,228,,,,"5,63","4,79",,"0,94","0,80",,15%,COMPRA MAS PAGA MENOS,"0,25","0,25",24%,24%,11%,11%,12%
"Bebida energética sin azúcar MONSTER GREEN ZERO, lata 50 cl",26125906,2-ALIMENTACION,11-BEBIDAS,10-BEBIDAS REFRESCANTES,33-ENERGETICO,10-ENERGETICO ZERO,"Bebida energética sin azúcar MONSTER GREEN ZERO, lata 50 cl",MONSTER,26125906,LATA,"0,5",500,1,L,,,,"1,79",,"3,58",,,"6,38",,"1,43","2,86",20%," 'distance': 3,211979389190674",217014,MONSTER bebida energética zero green lata 50 cl contiene 24 unidades,MONSTER,,LATA,"0,5",L,500,24,12000,,,,"36,29","34,11",,"3,02","2,84",,6%,COMPRA MAS PAGA MENOS,"0,02","0,74",21%,1%,16%,16%,13%
"Espárrago extra muy grueso I,G,P, 9/12 piezas EROSKI lata 425 g",322057,2-ALIMENTACION,8-SALADO,12-ESPARRAGOS,9-ESPARRAGOS BLANCOS,45-ESPARRAGO LATA MUY GRUESO,"Espárrago extra muy grueso I,G,P, 9/12 piezas EROSKI lata 425 g",EROSKI,322057,LATA,"0,425",425,1,KG,España,,,"10,99",,"25,86",,,"0,38",,,,," 'distance': 3,2208240032196045",217708,METRO Premium espárrago blanco 5 IGP Navarra frutos muy grueso lata 220 gne (345 g)',METRO PREMIUM,,LATA,"0,35",KG,345,1,345,,,,"7,81",,,"22,64",,,,,"3,22","3,22",12%,12%,12%,12%,12%
"Sal marina gruesa EROSKI BASIC, paquete 1 kg",917323,2-ALIMENTACION,9-COCINA,5-SAL,6-SAL CLASICA,15-SAL GRUESA,"Sal marina gruesa EROSKI BASIC, paquete 1 kg",EROSKI BASIC,917323,PAQUETE,1,1000,1,KG,,,,"0,40",,"0,40",,,"8,04",,,,," 'distance': 0,820928037166595",101536,makro Chef sal gruesa 5Kg,MAKRO CHEF,,BOLSA/BOLSON,5,KG,5000,1,5000,,,,"2,04",,,"0,41",,,,,"-0,01","-0,01",-2%,-2%,-2%,-7%,6%
"Cava Brut Nature Gran Reserva JUVE Y CAMPS, botella 75 cl",157271,2-ALIMENTACION,11-BEBIDAS,16-ESPUMOSOS,3-CAVAS,1-CAVAS BRUT NATURE,"Cava Brut Nature Gran Reserva JUVE Y CAMPS, botella 75 cl",JUVE Y CAMPS,157271,BOTELLA,"0,75",750,1,L,España,,,"20,85",,"27,80",,,"0,42",,"16,68","22,24",20%," 'distance': 1,8657608032226562",464165,Juvé & Camps cava reserva de la familia botella 75cl',JUVÉ & CAMPS,,BOTELLA,"0,75",L,750,1,750,,,,"17,41",,,"23,21",,,,,"-0,97","4,59",16%,-4%,16%,10%,12%
"Ginebra Strawberry PUERTO DE INDIAS, botella 1 litro",23522220,2-ALIMENTACION,11-BEBIDAS,18-BEBIDAS DE ALTA GRADUACION,3-GINEBRA,20-GINEBRA SABORES,"Ginebra Strawberry PUERTO DE INDIAS, botella 1 litro",PUERTO DE INDIAS,23522220,BOTELLA,1,1000,1,L,España,,,"25,75",,"25,75",,,"0,15",,"21,89","21,89",15%," 'distance': 2,0947675704956055",201389,"Puerto DE Indias ginebra strawberry botella 1L Alc, 37% vol,'",PUERTO DE INDIAS,,BOTELLA,"1,00",L,1000,1,1000,,,,"21,65",,,"20,56",,,,,"1,33","5,19",20%,6%,20%,23%,16%
"Vino Tinto Crianza D,O, Rioja EL COTO, botella 75 cl",151399,2-ALIMENTACION,11-BEBIDAS,14-VINO D.O.,"9-VINOS D,O, TINTOS","53-VINO TINTO D,O, RIOJA CRIANZA","Vino Tinto Crianza D,O, Rioja EL COTO, botella 75 cl",EL COTO,151399,BOTELLA,"0,75",750,1,L,,,,"6,35",,"8,47",,,"5,07",,"5,40","7,20",15%," 'distance': 0,34467828273773193",650065,'El Coto vino tinto crianza Rioja botella 75cl',EL COTO,,BOTELLA,"0,75",L,750,1,750,,,,"5,19",,,"6,92",,,,,"0,28","1,55",18%,4%,18%,13%,12%
"Ginebra SEAGRAMS, botella 70 cl",4557427,2-ALIMENTACION,11-BEBIDAS,18-BEBIDAS DE ALTA GRADUACION,3-GINEBRA,3-GINEBRA ESTANDAR,"Ginebra SEAGRAMS, botella 70 cl",SEAGRAMS,4557427,BOTELLA,"0,7",700,1,L,Estados Unidos,,,"16,95","16,10","24,21","23,00",,"0,92",5%,"13,69","19,55",15%," 'distance': 1,3008397817611694",4492,"""Seagram's ginebra botella 70cl""",SEAGRAM'S,,BOTELLA,"0,70",L,700,1,700,,,,"15,23",,,"21,76",,,,,"-2,20","1,25",5%,-11%,10%,10%,12%
"Natillas de vainilla DANONE Danet, pack 4x120 g",8456345,2-ALIMENTACION,5-LACTEOS,4-YOGURES Y POSTRES,5-POSTRES BASICOS,81-NATILLAS,"Natillas de vainilla DANONE Danet, pack 4x120 g",DANET,8456345,PACK,"0,48",480,4,KG,,,,"1,99",,"4,15",,,"6,57",,,,," 'distance': 3,211979389190674",28819,Danet natillas vainilla 120 g contiene 4 unidades,DANET,,PACK,"0,12",KG,120,4,480,,,,"1,82",,,"3,79",,,,,"0,35","0,35",9%,9%,9%,13%,13%
"Vino Blanco D,O, Rueda YLLERA, botella 75 cl",19793843,2-ALIMENTACION,11-BEBIDAS,14-VINO D.O.,"5-VINOS D,O,BLANCOS","67-VINO BLANCO D,O, RUEDA","Vino Blanco D,O, Rueda YLLERA, botella 75 cl",YLLERA,19793843,BOTELLA,"0,75",750,1,L,España,,,"7,25",,"9,67",,,0,,"6,16","8,22",15%," 'distance': 1,1696245670318604",102113,"Yllera vino blanco verdejo 5,5 botella 75cl'",YLLERA,,BOTELLA,"0,75",L,750,1,750,,,,"6,11",,,"8,15",,,,,"0,07","1,52",16%,1%,16%,16%,13%
"Papel de cocina SCOTTEX Megarollo, paquete 3 rollos",19597137,2-ALIMENTACION,12-DROGUERIA,67-ROLLOS DE COCINA Y SERVILLETAS,1-ROLLO COCINA,11-ROLLO COCINA LARGO,"Papel de cocina SCOTTEX Megarollo, paquete 3 rollos",SCOTTEX,19597137,PAQUETE,3,3000,3,ROLLOS,,,,"2,85","1,85","0,95","0,62",,"3,38",2nd unit-70%,,,," 'distance': 2,3065576553344727",150695,'Scottex Rollo papel cocina mega 8 unidades',SCOTTEX,,PAQUETE,"1,00",ROLLOS,1000,8,8000,,,,"6,4",,,"0,80",,,,,"-0,18","-0,18",-30%,-30%,16%,13%,13%
"Vino Tinto Joven D,O, Rioja MILFLORES, botella 75 cl",52498,2-ALIMENTACION,11-BEBIDAS,14-VINO D.O.,"9-VINOS D,O, TINTOS","52-VINO TINTO D,O, RIOJA JOVEN","Vino Tinto Joven D,O, Rioja MILFLORES, botella 75 cl",MILFLORES,52498,BOTELLA,"0,75",750,1,L,España,,,"6,49","4,87","8,65","6,49",,"1,3",2nd unit-50%,"4,14","5,52",15%," 'distance': 0,760948896408081",169481,Milflores vino tinto Denominación de Origen Rioja botella 75cl',MILFLORES,,BOTELLA,"0,75",L,750,1,750,,,,"6,11","5,19",,"8,15","6,92",,15%,COMPRA MAS PAGA MENOS,"-1,41","-0,43",-7%,-26%,6%,7%,11%
"Whisky Reserva 15 años J&B, botella 70 cl",324863,2-ALIMENTACION,11-BEBIDAS,18-BEBIDAS DE ALTA GRADUACION,13-WHISKY,5-WHISKY¿PREMIUM,"Whisky Reserva 15 años J&B, botella 70 cl",J&B,324863,BOTELLA,"0,7",700,1,L,Reino Unido,,,"36,80",,"52,57",,,0,,"31,28","44,69",15%," 'distance': 2,2229294776916504",67054,"J&B whisky escocés reserva botella 70cl Alc, 40% vol,'",J&B,,BOTELLA,"0,70",L,700,1,700,,,,"35,27",,,"50,39",,,,,"-5,70","2,19",4%,-13%,4%,4%,9%
LAVAV MANO PROF FAIRY 5L,4961314,2-ALIMENTACION,12-DROGUERIA,57-LAVAVAJILLAS,1-LAVAVAJILLAS MANO,25-CONCENTRADO VERDE MAS 1000,LAVAV MANO PROF FAIRY 5L,FAIRY,4961314,GARRAFA,5,5000,1,L,,,,"12,55",,"2,51",,,"1,16",,"11,30","2,26",10%," 'distance': 0,911900341510773",144248,FAIRY Professional lavavajillas regular 5L,FAIRY,,Garrafa,5,L,5000,1,5000,,,,"11,56",,,"2,31",,,,,"-0,05","0,20",8%,-2%,8%,8%,11%
"Pechuga de pavo ELPOZO, bandeja 225 g",23511843,1-FRESCOS,4-CHARCUTERIA,20-COCIDOS PORCION,10-COCIDOS AVE,5-PECHUGA DE PAVO,"Pechuga de pavo ELPOZO, bandeja 225 g",ELPOZO,23511843,BANDEJA,"0,225",225,1,KG,,,,"2,79",,"12,40",,,"2,5",,"2,65","11,78",5%," 'distance': 1,3022003173828125",89366,'Elpozo pechuga de pavo loncheado 225 g',ELPOZO,,PACK,"0,23",KG,225,1,225,,,,"2,81","2,53",,"12,49","11,24",,10%,COMPRA MAS PAGA MENOS,"0,54","1,16",9%,5%,-1%,7%,10%
Solomillos de pollo EROSKI bandeja al peso aprox. 350 g,9634643,1-FRESCOS,2-CARNICERIA,69-POLLO ENVASADO AVES,5-POLLO STD ENVASADO AVES,15-POLLO STD PECHUGA¿FILETE¿POLLO,Solomillos de pollo EROSKI bandeja al peso aprox. 350 g,EROSKI,9634643,BANDEJA,"0,35",350,1,KG,,,,"3,8",,"8,00",,,"3,96",,"3,61","10,31",5%," 'distance': 0,401234924793243",94954,Solomillo de pollo bandeja precio kg,MAKRO CHEF,,KILO,"1,60",KG,1600,1,1600,,,,"12,24",,,"7,65",,,,,"0,35","0,35",4%,4%,4%,13%,13%
"Queso natural PHILADELPHIA, tarrina 350 g",14339410,2-ALIMENTACION,5-LACTEOS,10-QUESOS,6-QUESO EN TARRINA,1-QUESO UNTAR NATURAL,"Queso natural PHILADELPHIA, tarrina 350 g",PHILADELPHIA,14339410,TARRINA,"0,35",350,1,KG,,,,"3,80","1,90","10,86","5,43",,"10,38",2X1,"2,85","8,14",25%," 'distance': 3,211979389190674",75784,PHILADELPHIA queso crema original tarrina 350 g,PHILADELPHIA,,TARRINA,"0,35",KG,350,1,350,,,,"3,63",,,"10,37",,,,,"-4,94","-4,94",-91%,-91%,4%,13%,13%
"Chorizo Pamplona GOIKOA, bandeja 70 g",12468864,1-FRESCOS,4-CHARCUTERIA,"6-CURADOS, EMBUT. E IBERICOS",4-EMBUTIDOS PORCION,6-CHORIZO PAMPLONA PORCION,"Chorizo Pamplona GOIKOA, bandeja 70 g",GOIKOA,12468864,BANDEJA,"0,07",70,1,KG,,,,"1,00",,"14,29",,,"2,57",,"0,90","12,86",10%," 'distance': 1,4739809036254883",75278,'Goikoa chorizo pamplona 500g',GOIKOA,,BANDEJA,"0,50",KG,500,1,500,,,,"6,22",,,"12,44",,,,,"0,42","1,85",13%,3%,13%,13%,13%
Media gallina partida EROSKI bandeja al peso aprox. 400 g,5154539,1-FRESCOS,2-CARNICERIA,69-POLLO ENVASADO AVES,15-POLLO SUBPRODUCT ENVASADO AVES,5-POLLO CARCASAS Y GALLINA CALDO,Media gallina partida EROSKI bandeja al peso aprox. 400 g,EROSKI,5154539,BANDEJA,"0,4",400,1,KG,,,,"2,08",,"5,20",,,"4,05",,"1,98","4,94",5%," 'distance': 0,673918724060059",94956,Gallina semipesada bandeja precio kg,MAKRO,,KILO,"1,4",KG,1400,1,1400,,,,"6,93",,,"4,95",,,,,"-0,01","0,25",5%,0%,5%,13%,13%
"Licor de avellana FRANGELICO, botella 70 cl",349209,2-ALIMENTACION,11-BEBIDAS,18-BEBIDAS DE ALTA GRADUACION,17-LICORES CON ALCOHOL,20-LICOR FRUTOS SECOS,"Licor de avellana FRANGELICO, botella 70 cl",FRANGELICO,349209,BOTELLA,"0,7",700,1,L,,,,"14,89","13,10","21,27","18,72",,"0,15",12%,"11,14","15,91",15%," 'distance': 0,3521815240383148",828139,'FRANGELICO licor avellana botella 70 cl',FRANGELICO,,BOTELLA,"0,70",L,700,1,700,,,,"12,77",,,"18,24",,,,,"-2,33","0,48",3%,-15%,14%,14%,14%
"Fumet de pescado GALLINA BLANCA, brik 1 litro",24935975,2-ALIMENTACION,9-COCINA,15-SOPAS PURES Y CALDOS,6-CALDOS¿LÍQUIDOS,15-CALDO LIQUIDO ARROZ Y FIDEUA,"Fumet de pescado GALLINA BLANCA, brik 1 litro",GALLINA BLANCA,24935975,BRIK,1,1000,1,L,,,,"3,90",,"3,90",,,"1,38",,,,," 'distance': 0,519571602344513",218084,Gallina Blanca fumet pescado de roca y marisco brick 1 L,GALLINA BLANCA,,BRIK,1,L,1000,1,1000,,,,"3,03",,,"3,03",,,,,"0,87","0,87",22%,22%,22%,27%,18%
24880619-PAN BURGER BRIOCH 4 EROSKI 340 C,24880619,2-ALIMENTACION,10-DULCE,26-PAN DE MOLDE,10-PANES DIVERSOS,1-HAMBURGUESA,24880619-PAN BURGER BRIOCH 4 EROSKI 340 C,EROSKI,24880619,PAQUETE,"0,34",340,1,KG,,,,"2,49","1,87","7,32","5,49",,"12,69",2nd unit-50%,"1,77","5,22",5%," 'distance': 0,894656419754028",206425,METRO Chef pan hamburguesas brioches 320 gr contiene 4 unidades,METRO CHEF,,BOLSA/BOLSON,"0,32",KG,320,1,320,,,,"1,61","1,35",,"5,03","4,23",,16%,COMPRA MAS PAGA MENOS,"0,99","1,27",23%,19%,31%,31%,18%
"Whisky JAMESON, botella 70 cl",1509207,2-ALIMENTACION,11-BEBIDAS,18-BEBIDAS DE ALTA GRADUACION,13-WHISKY,3-WHISKY¿STANDARD,"Whisky JAMESON, botella 70 cl",JAMESON,1509207,BOTELLA,"0,7",700,1,L,Irlanda,,,"20,30","17,05","29,00","24,36",,"0,07",16%,"14,49","20,71",15%," 'distance': 3,2230241298675537",184626,"JAMESON whisky irlandés botella 70cl Alc, 40% vol,'",JAMESON,,BOTELLA,"0,70",L,700,1,700,,,,"17,24",,,"24,63",,,,,"-3,92","-0,27",-1%,-19%,15%,15%,13%
"Alubia pinta LUENGO, paquete 500 g",18503847,2-ALIMENTACION,9-COCINA,9-LEGUMBRES,1-ALUBIA SECA,5-ALUBIA PINTA,"Alubia pinta LUENGO, paquete 500 g",LUENGO,18503847,PAQUETE,"0,5",500,1,KG,,,,"2,15",,"4,30",,,"0,57",,"1,83","3,66",15%," 'distance': 1,3710459470748901",37022,'Luengo alubia pinta 5kg',LUENGO,,PAQUETE,"5,00",KG,5000,1,5000,,,,"20,33",,,"4,07",,,,,"-0,41","0,23",5%,-11%,5%,5%,11%
RON AÑEJO 1L BRUGAL,13279468,2-ALIMENTACION,11-BEBIDAS,18-BEBIDAS DE ALTA GRADUACION,5-RON,5-RON¿OSCURO¿ESTANDAR,RON AÑEJO 1L BRUGAL,BRUGAL,13279468,BOTELLA,1,1000,1,L,,,,"23,55","17,66","23,55","17,66",,"0,19",25%,"15,01","15,01",15%," 'distance': 0,564752459526062",120193,"BRUGAL ron añejo botella 1L Alc, 38% vol,",BRUGAL,,BOTELLA,1,L,1000,1,1000,,,,"18,86",,,"18,86",,,,,"-3,85","-1,20",-7%,-26%,20%,22%,16%
"Vino Blanco Rioja MONOPOLE, botella 75 cl",318485,2-ALIMENTACION,11-BEBIDAS,14-VINO D.O.,"5-VINOS D,O,BLANCOS","66-VINO BLANCO D,O, RIOJA","Vino Blanco Rioja MONOPOLE, botella 75 cl",MONOPOLE,318485,BOTELLA,"0,75",750,1,L,España,,,"6,89",,"9,19",,,"0,26",,"5,86","7,81",15%," 'distance': 0,8778561353683472",64909,Monopole vino blanco Denominación de Origen Rioja botella 75cl',MONOPOLE,,BOTELLA,"0,75",L,750,1,750,,,,"5,8",,,"7,73",,,,,"0,08","1,45",16%,1%,16%,9%,11%
"Preparado lácteo PULEVA OMEGA3 PROESSENTIA, brik 1 litro",1509256,2-ALIMENTACION,5-LACTEOS,3-LECHE,"20-LECHE ESPECIAL PREP,LACTEO","1-LECHE ESPECIAL PREP,LACTEO","Preparado lácteo PULEVA OMEGA3 PROESSENTIA, brik 1 litro",PULEVA,1509256,BRIK,1,1000,1,L,,,,"1,85",,"1,85",,,"27,15",,"1,76","1,76",5%," 'distance': 3,211979389190674",327639,PULEVA preparado lácteo omega-3 brik 1 L contiene 6 unidades,PULEVA,,RETRACTIL,1,L,1000,6,6000,,,,"9,85",,,"1,64",,,,,"0,12","0,21",11%,7%,11%,11%,13%
"Licor JAGERMEISTER, botella 70 cl",1248806,2-ALIMENTACION,11-BEBIDAS,18-BEBIDAS DE ALTA GRADUACION,9-AGUARDIENTES Y ORUJOS,1-AGUARDIENTES¿Y¿ORUJOS HIERBAS,"Licor JAGERMEISTER, botella 70 cl",JAGERMEISTER,1248806,BOTELLA,"0,7",700,1,L,Alemania,,,"15,19",,"21,70",,,"0,15",,"12,91","18,45",15%," 'distance': 0,752173125743866",56092,JAGERMEISTER licor hierbas botella 70cl',JAGERMEISTER,,BOTELLA,"0,70",L,700,1,700,,,,"12,09",,,"17,27",,,,,"1,17","4,43",20%,6%,20%,13%,13%
"Bonito del Norte en aceite de oliva ORTIZ, lata 112 g",327858,2-ALIMENTACION,8-SALADO,23-CONSERVAS DE PESCADO,7-BONITO,9-BONITO ACEITE,"Bonito del Norte en aceite de oliva ORTIZ, lata 112 g",ORTIZ,327858,LATA,"0,112",112,1,KG,,,,"3,38",,"30,18",,,"5,53",,"3,04","27,16",10%," 'distance': 1,4376051425933838",55068,'Conservas Ortiz bonito del norte aceite oliva lata 82 gne contiene 5 unidades (112 g)',CONSERVAS ORTIZ,,LATA,"0,11",KG,112,5,560,,,,"14,62","12,43",,"26,11","22,19",,15%,COMPRA MAS PAGA MENOS,"4,97","7,99",26%,18%,13%,13%,13%
"Bitter con soda CINZANO, pack 3x20 cl",24959165,2-ALIMENTACION,11-BEBIDAS,18-BEBIDAS DE ALTA GRADUACION,19-LICORES S/ALCOHOL,7-LICOR BAJO EN ALCOHOL,"Bitter con soda CINZANO, pack 3x20 cl",CINZANO,24959165,PACK,"0,6",600,1,L,,,,"6,91",,"11,52",,,"0,36",,"5,87","9,79",15%," 'distance': 2,311424970626831",207268,'CINZANO bitter soda 20 cl contiene 3 unidades',CINZANO,,PACK,"0,20",L,200,3,600,,,,"5,43",,,"9,05",,,,,"0,74","2,47",21%,8%,21%,9%,12%
"Ginebra HENDRICKS, botella 70 cl",12762472,2-ALIMENTACION,11-BEBIDAS,18-BEBIDAS DE ALTA GRADUACION,3-GINEBRA,10-GINEBRA PREMIUM,"Ginebra HENDRICKS, botella 70 cl",HENDRICK'S,12762472,BOTELLA,"0,7",700,1,L,,,,"37,65","30,12","53,79","43,03",,"0,03",20%,"25,60","36,57",15%," 'distance': 1,0349327325820923",56802,"""HENDRICK'S ginebra botella 70cl""",HENDRICK'S,,BOTELLA,"0,70",L,700,1,700,,,,"27,45",,,"39,21",,,,,"-2,64","3,81",9%,-7%,27%,30%,19%
"Flan ROYAL, 8 uds, caja 186 g",356162,2-ALIMENTACION,9-COCINA,21-REPOSTERIA,5-RECETAS TRADICIONALES,1-FLANES,"Flan ROYAL, 8 uds, caja 186 g",ROYAL,356162,CAJA,"0,186",186,1,KG,,,,"1,80",,"9,68",,,"0,76",,,,," 'distance': 0,13545992970466614",523835,Royal flan doble 186g,ROYAL,,ESTUCHE,"0,186",KG,186,1,186,,,,"1,75",,,"8,37",,,,,"1,31","1,31",14%,14%,14%,14%,14%
"Panceta VALLINA, taco 250 g",17025693,1-FRESCOS,4-CHARCUTERIA,8-CARNICOS PIEZA,1-CARNICOS BLANCO PIEZA,6-TACOS PANCETA,"Panceta VALLINA, taco 250 g",VALLINA,17025693,TACO,"0,25",250,1,KG,,,,"4,79",,"19,16",,,"3,61",,"4,55","18,20",5%," 'distance': 4,449052810668945",187455,'Vallina panceta troceada 1250 g',VALLINA,,RETRACTIL,"1,25",KG,1250,1,1250,,,,"18,80",,,"15,04",,,,,"3,16","4,12",22%,17%,22%,22%,15%
"Flan de queso DANONE, pack 4x100 g",16819526,2-ALIMENTACION,5-LACTEOS,4-YOGURES Y POSTRES,5-POSTRES BASICOS,82-FLANES,"Flan de queso DANONE, pack 4x100 g",DE POSTRE,16819526,PACK,"0,4",400,1,KG,,,,"3,89",,"9,73",,,"2,42",,,,," 'distance': 0,16357135772705078",138356,DANONe flan queso 100 g contiene 4 unidades,DANONE,,PACK,"0,1",KG,100,4,400,,,,"3,69",,,"8,38",,,,,"1,35","1,35",14%,14%,14%,14%,14%
"RON AÑEJO 0,70L BRUGAL",429449,2-ALIMENTACION,11-BEBIDAS,18-BEBIDAS DE ALTA GRADUACION,5-RON,5-RON¿OSCURO¿ESTANDAR,"RON AÑEJO 0,70L BRUGAL",BRUGAL,429449,BOTELLA,"0,7",700,1,L,,,,"18,54","13,53","26,49","19,33",,"0,38",27%,"11,50","16,43",15%," 'distance': 0,564752459526062",159757,"BRUGAL ron añejo botella 70cl Alc, 38% vol,",BRUGAL,,BOTELLA,"0,7",L,700,1,700,,,,"12,89",,,"18,41",,,,,"-1,98","0,92",5%,-12%,30%,20%,16%
"Salsa barbacoa HEINZ, bocabajo 220 ml",10837490,2-ALIMENTACION,9-COCINA,3-SALSAS,9-SALSAS ESPECIALES,3-SALSAS BARBACOA,"Salsa barbacoa HEINZ, bocabajo 220 ml",HEINZ,10837490,BOCABAJO,"0,22",220,1,L,,,,"2,69",,"12,23",,,"1,19",,"2,29","10,39",15%," 'distance': 2,631122350692749",151857,'HEINZ salsa barbacoa caja 7 ml contiene 250 monodosis (total 1750 g)',HEINZ,,CAJA/CAJON,"1,75",L,1750,1,1750,,,,"17,77",,,"10,15",,,,,"0,24","2,07",17%,2%,17%,17%,14%
"Tinto de verano de limón DON SIMON, botella 1,5 litros",9847237,2-ALIMENTACION,11-BEBIDAS,13-VINO DE MESA,20-TINTO DE VERANO,5-TINTO DE VERANO REGULAR,"Tinto de verano de limón DON SIMON, botella 1,5 litros",DON SIMON,9847237,BOTELLA,"1,5",1500,1,L,España,,,"1,85",,"1,23",,,"0,73",,"1,67","1,11",10%," 'distance': 1,410644292831421",208254,"DON SIMON tinto de verano limón botella 1,5",DON SIMON,,BOTELLA,"1,50",L,1500,6,9000,,,,"9,55",,,"1,06",,,,,"0,05","0,17",14%,4%,14%,14%,14%
"VIEIRA MED,CONCHA20-30 ALTAMAR",26251835,2-ALIMENTACION,3-CONGELADOS,9-PESCADO Y MARISCO CONGELADO,3-MARISCO,25-BIVALVOS,"VIEIRA MED,CONCHA20-30 ALTAMAR",ALTAMAR,26251835,BOLSA,"0,9",900,1,KG,,,,"22,99",,"25,54",,,"0,27",,"21,84","24,27",5%," 'distance': 1,04169392585754",205902,Altamar Vieira 1/2 concha congelada 8/10 piezas 900g,ALTAMAR,,BOLSA/BOLSON,"0,9",KG,900,1,900,,,,"16,49","12,20",,"18,32","13,56",,26%,COMPRA MAS PAGA MENOS,"10,71","11,99",47%,44%,28%,4%,10%
"Zanahoria, bolsa 1 kg",4501508,1-FRESCOS,1-FRUTA Y HORTALIZA,2-HORTALIZA,74-ZANAHORIAS,5-ZANAHORIAS,"Zanahoria, bolsa 1 kg",EROSKI,4501508,BOLSA,1,1000,1,KG,,,,"1,15",,"1,15",,,"56,69",,"0,98","0,98",15%," 'distance': 0,6534579992294312",815,METRO Chef Zanahoria Calibre 35/45 bolsa 5kg,METRO CHEF,,BOLSA/BOLSON,5,KG,5000,1,5000,,,,"5,19",,,"0,99",,,,,"-0,01","0,16",14%,-1%,14%,14%,14%
"Refresco de lima-limón SPRITE Fresh, lata 33 cl",16906364,2-ALIMENTACION,11-BEBIDAS,10-BEBIDAS REFRESCANTES,8-C/G LIMA,10-C/G LIMA REG PEQUE,"Refresco de lima-limón SPRITE Fresh, lata 33 cl",SPRITE,16906364,LATA,"0,33",330,1,L,,,,"0,65",,"1,97",,,"5,53",,"0,52","1,58",20%," 'distance': 1,1152033805847168",55328,Sprite lima limón fresh lata 33cl contiene 24 unidades',SPRITE,,RETRACTIL,"0,33",L,330,24,7920,,,,"13,06","11,75",,"1,65","1,48",,10%,COMPRA MAS PAGA MENOS,"0,09","0,49",25%,6%,16%,14%,14%
"Leche semi sin lactosa PULEVA M, ligeras, botella 1 litro",19659903,2-ALIMENTACION,5-LACTEOS,3-LECHE,4-LECHE SIN LACTOSA,10-LECHE SIN LACTOSA SEMIDESNTADA,"Leche semi sin lactosa PULEVA M, ligeras, botella 1 litro",PULEVA,19659903,BOTELLA,1,1000,1,L,España,,,"1,37",,"1,37",,,"2,95",,"1,30","1,30",5%," 'distance': 2,0711045265197754",167085,'PULEVA leche semidesnatada sin lactosa 1 L contiene 6 botellas',PULEVA,,RETRACTIL,"1,00",L,1000,6,6000,,,,"7,12",,,"1,19",,,,,"0,11","0,18",13%,9%,13%,14%,14%
"Jugo de carne BOVRIL, frasco 125 g",368704,2-ALIMENTACION,9-COCINA,15-SOPAS PURES Y CALDOS,2-AYUDAS CULINARIAS,10-AYUDA CULINARIA OTROS,"Jugo de carne BOVRIL, frasco 125 g",BOVRIL,368704,FRASCO,"0,125",125,1,KG,Reino Unido,,,"3,25",,"26,00",,,"0,53",,,,," 'distance': 4,811275482177734",213337,'BOVRIL caldo Concentrado de carne bote 250g',BOVRIL,,TARRO,"0,25",KG,250,1,250,,,,"6,15",,,"24,60",,,,,"1,40","1,40",5%,5%,5%,5%,12%
"RON 0,70L CACIQUE",506279,2-ALIMENTACION,11-BEBIDAS,18-BEBIDAS DE ALTA GRADUACION,5-RON,5-RON¿OSCURO¿ESTANDAR,"RON 0,70L CACIQUE",CACIQUE,506279,BOTELLA,"0,7",700,1,L,,,,"14,45",,"20,64",,,"0,07",,"12,28","17,55",15%," 'distance': 1,12019348144531",232167,"CACIQUE ron añejo botella 70cl Alc, 37,5% vol,",CACIQUE,,BOTELLA,"0,7",L,700,1,700,,,,"12,44",,,"17,77",,,,,"-0,23","2,87",14%,-1%,14%,4%,11%
"Vino Rosado D,O, Navarra HOMENAJE, botella 75 cl",4381216,2-ALIMENTACION,11-BEBIDAS,14-VINO D.O.,"7-VINOS D,O, ROSADOS","45-VINO ROSADO D,O, NAVARRA","Vino Rosado D,O, Navarra HOMENAJE, botella 75 cl",HOMENAJE,4381216,BOTELLA,"0,75",750,1,L,,,,"4,39",,"5,85",,,"0,15",,"3,73","4,98",15%," 'distance': 0,386211097240448",746317,'Homenaje vino rosado Navarra botella 75cl',HOMENAJE,,BOTELLA,"0,75",L,750,1,750,,,,"3,93",,,"5,24",,,,,"-0,26","0,61",10%,-5%,10%,14%,13%
"Tequila JOSE CUERVO SILVER, botella 70 cl",15264633,2-ALIMENTACION,11-BEBIDAS,18-BEBIDAS DE ALTA GRADUACION,8-TEQUILA,5-TEQUILA BLANCO,"Tequila JOSE CUERVO SILVER, botella 70 cl",JOSE CUERVO,15264633,BOTELLA,"0,7",700,1,L,México,,,"17,59","14,78","25,13","21,11",,"0,07",16%,"12,56","17,94",15%," 'distance': 1,6298072338104248",138248,"JOSE CUERVO tequila silver botella 70cl Alc, 38% vol,'",JOSE CUERVO,,BOTELLA,"0,70",L,700,1,700,,,,"15,11",,,"21,59",,,,,"-3,64","-0,48",-2%,-20%,14%,14%,14%
"Vino Rosado D,O, Rioja MARQUÉS DE RISCAL, botella 75 cl",4705,2-ALIMENTACION,11-BEBIDAS,14-VINO D.O.,"7-VINOS D,O, ROSADOS","57-VINO ROSADO D,O, RIOJA","Vino Rosado D,O, Rioja MARQUÉS DE RISCAL, botella 75 cl","MARQ,RISCAL",4705,BOTELLA,"0,75",750,1,L,España,,,"8,65",,"11,53",,,0,,"7,35","9,80",15%," 'distance': 0,46597838401794434",66378,MARQUÉS DE RISCAL vino rosado Denominación de Origen Rioja botella 75cl',MARQUÉS DE RISCAL,,BOTELLA,"0,75",L,750,1,750,,,,"8,17","7,03",,"10,89","9,37",,14%,COMPRA MAS PAGA MENOS,"0,44","2,17",19%,4%,6%,13%,13%
"Ron ZACAPA, botella 70 cl",12352613,2-ALIMENTACION,11-BEBIDAS,18-BEBIDAS DE ALTA GRADUACION,5-RON,7-RON¿OSCURO PREMIUM,"Ron ZACAPA, botella 70 cl",ZACAPA,12352613,BOTELLA,"0,7",700,1,L,Guatemala,,,"59,95","53,36","85,64","76,22",,"0,07",11%,"45,35","64,79",15%," 'distance': 2,7650561332702637",625079,"Zacapa ron solera gran reserva botella 70cl Alc, 40% vol,'",ZACAPA,,BOTELLA,"0,70",L,700,1,700,,,,"49,72",,,"71,03",,,,,"-6,24","5,19",7%,-10%,17%,17%,15%
"Salsa american burger HEINZ, bocabajo 230 g",13797667,2-ALIMENTACION,9-COCINA,3-SALSAS,9-SALSAS ESPECIALES,10-SALSAS SNACKING,"Salsa american burger HEINZ, bocabajo 230 g",HEINZ,13797667,BOCABAJO,"0,23",230,1,KG,,,,"2,69",,"11,70",,,"0,46",,"2,29","9,94",15%," 'distance': 0,111645206809044",101836,HEINZ salsa burguer bote 220ml,HEINZ,,BOTE,"0,22",L,220,1,220,,,,"3,07","2,61",,"12,68","10,78",,15%,COMPRA MAS PAGA MENOS,"-0,84","0,92",8%,-8%,-8%,-8%,6%
"Frambuesa, bandeja 125 g",24945818,1-FRESCOS,1-FRUTA Y HORTALIZA,1-FRUTA,35-FRUTOS ROJOS,15-FRAMBUESAS,"Frambuesa, bandeja 125 g",EROSKI,24945818,BANDEJA,"0,125",125,1,KG,,,,"2,09","1,50","16,72","12,04",,"35,5",28%,"1,35","10,83",10%," 'distance': 1,3450355529785100",47112,METRO Chef Frambuesa tarrina 125g,METRO CHEF,,TARRINA,"0,125",KG,125,1,125,,,,"1,72",,,"13,76",,,,,"-2,93","-1,72",-14%,-27%,18%,14%,14%
"Vino Rosado D,O, Rioja RAMÓN BILBAO, botella 75 cl",18215533,2-ALIMENTACION,11-BEBIDAS,14-VINO D.O.,"7-VINOS D,O, ROSADOS","57-VINO ROSADO D,O, RIOJA","Vino Rosado D,O, Rioja RAMÓN BILBAO, botella 75 cl",RAMON BILBAO,18215533,BOTELLA,"0,75",750,1,L,,,,"9,40",,"12,53",,,0,,"7,99","10,65",15%," 'distance': 0,5738229751586914",148844,Ramón Bilbao vino rosado botella 75 cl',RAMÓN BILBAO,,BOTELLA,"0,75",L,750,1,750,,,,"8,65","7,87",,"11,53","10,50",,9%,COMPRA MAS PAGA MENOS,"0,16","2,04",16%,1%,8%,5%,11%
"Cognac REMY MARTIN, botella 70 cl",315044,2-ALIMENTACION,11-BEBIDAS,18-BEBIDAS DE ALTA GRADUACION,11-BRANDY,10-COGNAC Y ARMAGNAC,"Cognac REMY MARTIN, botella 70 cl",REMY MARTIN,315044,BOTELLA,"0,7",700,1,L,Francia,,,"59,9",,"85,57",,,0,,"50,92","72,74",15%," 'distance': 0,4297516942024231",323596,RÉMY MARTIN cognac botella 70 cl',REMY MARTIN,,BOTELLA,"0,70",L,700,1,700,,,,"51,24",,,"73,20",,,,,"-0,46","12,37",14%,-1%,14%,2%,8%
"Albariño Rías Baixas TERRAS GAUDA, botella 75 cl",2501872,2-ALIMENTACION,11-BEBIDAS,14-VINO D.O.,"5-VINOS D,O,BLANCOS","62-VINO BLANCO D,O, RIAS BAIXAS","Albariño Rías Baixas TERRAS GAUDA, botella 75 cl",TERRAS GAUDA,2501872,BOTELLA,"0,75",750,1,L,,,,"16,49",,"21,99",,,"0,03",,"14,02","18,69",15%," 'distance': 1,7094451189041138",42017,'Terras Gauda vino blanco rias baixas botella 75cl',TERRAS GAUDA,,BOTELLA,"0,75",L,750,1,750,,,,"14,34",,,"19,12",,,,,"-0,43","2,87",13%,-2%,13%,17%,16%
"Sardina en aceite 3/4 piezas CUCA, lata 120 g",489070,2-ALIMENTACION,8-SALADO,23-CONSERVAS DE PESCADO,11-SARDINA,1-SARDINA ACEITE,"Sardina en aceite 3/4 piezas CUCA, lata 120 g",CUCA,489070,LATA,"0,12",120,1,KG,,,,"2,65",,"22,08",,,"0,23",,"2,39","19,88",10%," 'distance': 3,211979389190674",335985,CUCA sardinas en aceite 3 piezas 85gne x 5 (120 g),CUCA,,LATA,"0,12",KG,120,5,600,,,,"11,83",,,"19,72",,,,,"0,16","2,37",11%,1%,11%,13%,14%
"Mora, bandeja 125 g",6739288,1-FRESCOS,1-FRUTA Y HORTALIZA,1-FRUTA,35-FRUTOS ROJOS,20-OTROS FRUTOS ROJOS,"Mora, bandeja 125 g",EROSKI,6739288,BANDEJA,"0,125",125,1,KG,,,,"2,49","1,99","19,92","15,94",,,20%,"1,79","14,34",10%," 'distance': 1,29047298431397",47034,METRO Chef Mora tarrina 125g,METRO CHEF,,TARRINA,"0,125",KG,125,1,125,,,,"2,49",,,"18,80",,,,,"-4,46","-2,86",-18%,-31%,6%,6%,6%
"Vino Tinto Reserva Rioja IMPERIAL, botella 75 cl",2452811,2-ALIMENTACION,11-BEBIDAS,14-VINO D.O.,"9-VINOS D,O, TINTOS","54-VINO¿TINTO¿D,O,¿RIOJA¿RVA-GRVA","Vino Tinto Reserva Rioja IMPERIAL, botella 75 cl",IMPERIAL,2452811,BOTELLA,"0,75",750,1,L,España,,,"32,3",,"43,07",,,"0,03",,"27,46","36,61",15%," 'distance': 0,6593354940414429",740740,'IMPERIAL vino tinto reserva Rioja botella 75cl',IMPERIAL,,BOTELLA,"0,75",L,750,1,750,,,,"27,94",,,"37,25",,,,,"-0,65","5,81",13%,-2%,13%,16%,14%
"Salsa soja menos sal KIKKOMAN, frasco 250 g",10858751,2-ALIMENTACION,9-COCINA,3-SALSAS,9-SALSAS ESPECIALES,21-SALSAS SOJA,"Salsa soja menos sal KIKKOMAN, frasco 250 g",KIKKOMAN,10858751,FRASCO,"0,25",250,1,KG,,,,"5,49",,"21,96",,,"1,23",,"4,67","18,67",15%," 'distance': 0,2930659055709839",65772,KIKKOMANN salsa de soja baja en sal botella 250ml,KIKKOMAN,,BOTELLA,"0,25",L,250,1,250,,,,"5,27",,,"18,76",,,,,"-0,09","3,20",15%,-1%,15%,15%,15%
Anillas de pota EROSKI bolsa 425 g,11011277,2-ALIMENTACION,3-CONGELADOS,9-PESCADO Y MARISCO CONGELADO,10-CEFALOPODO,10-CALAMAR PORCIONADO,Anillas de pota EROSKI bolsa 425 g,EROSKI,11011277,BOLSA,"0,425",425,1,KG,,,,"6,79",,"15,98",,,"0,61",,"6,45","15,18",5%," 'distance': 0,352796673774719",67646,"makro Chef pota anilla 45/60g F41 1,8Kg",MAKRO CHEF,,BOLSA/BOLSON,2,KG,2000,1,2000,,,,"20,34","16,88",,"10,17","8,44",,17%,COMPRA MAS PAGA MENOS,"6,74","7,54",47%,44%,36%,27%,19%
"Chicharro, pieza al peso aprox. 500 g",14009906,1-FRESCOS,7-PESCADERIA,14-MOSTRADOR PESCADERIA,13-CHICHARRO,10-CHICHARRO-JUREL,"Chicharro, pieza al peso aprox. 500 g",0,14009906,PIEZA,"0,5",500,1,KG,,,,"3,48",,"6,96",,,,,"3,13","6,26",10%," 'distance': 0,947016716003418",186200,Chicharro limpio 3 a 4 pz por kilo FAO 27 Atlántico Noroeste,MAKRO,,KILO,"0,5",KG,500,1,500,,,,"7,65",,,"7,65",,,,,"-1,39","-0,69",-10%,-22%,-10%,17%,16%
"Vodka ruso MOSKOVSKAYA, botella 70 cl",3761095,2-ALIMENTACION,11-BEBIDAS,18-BEBIDAS DE ALTA GRADUACION,7-VODKA,10-VODKA ESTANDAR,"Vodka ruso MOSKOVSKAYA, botella 70 cl",MOSKOVSKAYA,3761095,BOTELLA,"0,7",700,1,L,,,,"11,29","9,60","16,13","13,71",,"0,26",15%,"8,16","11,65",15%," 'distance': 2,363372325897217",59100,"Moskovskaya vodka botella 70cl Alc, 38% vol,'",MOSKOVSKAYA,,BOTELLA,"0,70",L,700,1,700,,,,"9,67",,,"13,81",,,,,"-2,16","-0,11",-1%,-19%,14%,16%,15%
"Tequila Especial JOSE CUERVO, botella 70 cl",1509900,2-ALIMENTACION,11-BEBIDAS,18-BEBIDAS DE ALTA GRADUACION,8-TEQUILA,1-TEQUILA REPOSADO,"Tequila Especial JOSE CUERVO, botella 70 cl",JOSE CUERVO,1509900,BOTELLA,"0,7",700,1,L,México,,,"16,99",,"24,27",,,"0,19",,"14,44","20,63",15%," 'distance': 1,9053351879119873",190476,"JOSE CUERVO tequila especial reposado botella 70cl Alc, 38% vol,'",JOSE CUERVO,,BOTELLA,"0,70",L,700,1,700,,,,"14,94",,,"21,34",,,,,"-0,71","2,93",12%,-3%,12%,14%,14%
"Brandy CARLOS I, botella 70 cl",315283,2-ALIMENTACION,11-BEBIDAS,18-BEBIDAS DE ALTA GRADUACION,11-BRANDY,3-BRANDY,"Brandy CARLOS I, botella 70 cl",CARLOS I,315283,BOTELLA,"0,7",700,1,L,,,,"26,89","25,01","38,41","35,73",,"0,3",7%,"21,26","30,37",15%," 'distance': 0,394067287445068",218400,CARLOS I brandy solera gran reserva botella 70cl,CARLOS I,,BOTELLA,"0,7",L,700,1,700,,,,"22,93",,,"32,76",,,,,"-2,39","2,97",8%,-8%,15%,15%,15%
"Manzanilla LA GITANA, botella 75 cl",766899,2-ALIMENTACION,11-BEBIDAS,14-VINO D.O.,13-VINOS¿DULCES¿Y GENEROSOS,15-MANZANILLA,"Manzanilla LA GITANA, botella 75 cl",LA GITANA,766899,BOTELLA,"0,75",750,1,L,,,,"8,99",,"11,99",,,"0,03",,"7,64","10,19",15%," 'distance': 1,0905334949493408",202436,"LA GITANA vino Manzanilla ,O, Manzanilla de Sanlúcar de Barrameda botella 75 cl'",LA GITANA,,BOTELLA,"0,75",L,750,1,750,,,,"6,72",,,"8,96",,,,,"1,23","3,03",25%,12%,25%,18%,15%
"Detergente en gel WIPP LIMPIO Y LISO, garrafa 35 dosis",25557570,2-ALIMENTACION,12-DROGUERIA,41-DETERGENCIA ROPA,3-DETERGENTE MAQUINA LIQUIDO,"13-DET,LIQU,DIARIO-BLANCO 30 A 40","Detergente en gel WIPP LIMPIO Y LISO, garrafa 35 dosis",WIPP,25557570,GARRAFA,35,35000,35,DOSIS,,,,"14,39",,"0,41",,,"3,53",,,,," 'distance': 2,2106120586395264",212298,'WIPP detergente gel limpio & liso 85 dosis 3,WIPP,,BOTELLA,"3,80",DOSIS,3800,85,323000,,,,"27,94",,,"0,33",,,,,"0,08","0,08",20%,20%,20%,17%,15%
"Vodka ERISTOFF, botella 70 cl",313411,2-ALIMENTACION,11-BEBIDAS,18-BEBIDAS DE ALTA GRADUACION,7-VODKA,10-VODKA ESTANDAR,"Vodka ERISTOFF, botella 70 cl",ERISTOFF,313411,BOTELLA,"0,7",700,1,L,Francia,,,"11,29",,"16,13",,,"0,03",,"9,60","13,71",15%," 'distance': 1,887030839920044",127514,"ERISTOFF vodka botella 70cl Alc, 37",ERISTOFF,,BOTELLA,"0,70",L,700,1,700,,,,"9,67",,,"13,81",,,,,"-0,11","2,31",14%,-1%,14%,15%,15%
GINEBRA 1L SEAGRAMS,23760770,2-ALIMENTACION,11-BEBIDAS,18-BEBIDAS DE ALTA GRADUACION,3-GINEBRA,3-GINEBRA ESTANDAR,GINEBRA 1L SEAGRAMS,SEAGRAMS,23760770,BOTELLA,1,1000,1,L,,,,"23,00",,"23,00",,,"0,3",,"19,55","19,55",15%," 'distance': 0,457677513360977",194637,Seagram's ginebra botella 1L,SEAGRAM'S,,BOTELLA,1,L,1000,1,1000,,,,"21,72",,,"21,72",,,,,"-2,17","1,28",6%,-11%,6%,6%,12%
"Calamar mediano descongelado, al peso, compra mínima 500 g",12759114,1-FRESCOS,7-PESCADERIA,14-MOSTRADOR PESCADERIA,40-CEFALOPODO,20-CALAMAR ELABORADO,"Calamar mediano descongelado, al peso, compra mínima 500 g",EROSKI,12759114,GRANEL,"0,5",500,1,KG,,,,"7,98",,"15,96",,,"3,29",,"7,18","14,36",10%," 'distance': 3,3647727966308594",3465,'Calamar 100-300g FAO 27 Atlantico Noroeste,MAKRO CHEF,,KILO,"1,00",KG,1000,1,1000,,,,"28,05",,,"28,05",,,,,"-13,69","-12,09",-76%,-95%,-76%,4%,6%
"Aceite de oliva 0,4º CARBONELL, lata 5 litros",148825,2-ALIMENTACION,9-COCINA,1-ACEITE,1-ACEITES OLIVA,"3-ACEITE OLIVA 0,4º FORM,GRANDES","Aceite de oliva 0,4º CARBONELL, lata 5 litros",CARBONELL,148825,LATA,5,5000,1,L,,,,"32,95",,"6,59",,,"0,04",,"31,30","6,26",5%," 'distance': 2,5529661178588867",540410,"Carbonell Profesional. Aceite de oliva 0,4, bidon de 5 litros",CARBONELL,,BIDON,"5,00",L,5000,1,5000,,,,"22,62",,,"4,52",,,,,"1,74","2,07",31%,28%,31%,29%,19%
"Ginebra ENGINE, botella 70 cl",26253047,2-ALIMENTACION,11-BEBIDAS,18-BEBIDAS DE ALTA GRADUACION,3-GINEBRA,10-GINEBRA PREMIUM,"Ginebra ENGINE, botella 70 cl",ENGINE,26253047,BOTELLA,"0,7",700,1,L,Italia,,,"39,80",,"56,86",,,"0,03",,"33,83","48,33",15%," 'distance': 0,5045144557952881",216290,'ENGINE ginebra botella 70 cl',ENGINE,,LATA,"0,70",L,700,1,700,,,,"34,47",,,"49,24",,,,,"-0,91","7,62",13%,-2%,13%,13%,14%
Rabo de cerdo EROSKI bandeja aprox. 500 g,11184553,1-FRESCOS,2-CARNICERIA,62-PORCINO ENVASADO,1-PORCINO BLANCO ENVASADO,11-DESPOJO BLANCO ENVASADO,Rabo de cerdo EROSKI bandeja aprox. 500 g,EROSKI,11184553,BANDEJA,"0,5",500,1,KG,,,,"2,75",,"5,50",,,"1,85",,"2,61","5,23",5%," 'distance': 0,422645747661591",183544,Rabo cortado de cerdo bandeja precio kg,MAKRO,,KILO,"1,6",KG,1600,1,1600,,,,"4,68",,,"4,68",,,,,"0,55","0,82",15%,10%,15%,15%,15%
"Ginebra Lemonberry PUERTO DE INDIAS, botella 70 cl",25615592,2-ALIMENTACION,11-BEBIDAS,18-BEBIDAS DE ALTA GRADUACION,3-GINEBRA,20-GINEBRA SABORES,"Ginebra Lemonberry PUERTO DE INDIAS, botella 70 cl",PUERTO DE INDIAS,25615592,BOTELLA,"0,7",700,1,L,España,,,"16,45",,"23,50",,,"0,11",,"13,98","19,98",15%," 'distance': 0,9342880249023438",212900,'Puerto DE Indias ginebra lemonberry sevilian gin premium botella 70 cl',PUERTO DE INDIAS,,BOTELLA,"0,70",L,700,1,700,,,,"15,11",,,"21,59",,,,,"-1,61","1,91",8%,-8%,8%,7%,11%
"Corvina EROSKI NATUR GGN, pieza al peso aprox. 2 kg",13115258,1-FRESCOS,7-PESCADERIA,14-MOSTRADOR PESCADERIA,34-PESCADO CRIANZA,30-CORVINA CRIANZA,"Corvina EROSKI NATUR GGN, pieza al peso aprox. 2 kg",E. NATUR,13115258,PIEZA,2,2000,1,KG,,,,"25,90",,"12,95",,,"5,26",,"23,31","11,66",10%," 'distance': 0,6602272391319275",220585,corvina kg fao,MAKRO,,KILO,3,KG,3000,1,3000,,,,"11,00",,,"11,00",,,,,"0,65","1,95",15%,6%,15%,15%,15%
"Ginebra BROCKMANS, botella 70 cl",13895172,2-ALIMENTACION,11-BEBIDAS,18-BEBIDAS DE ALTA GRADUACION,3-GINEBRA,10-GINEBRA PREMIUM,"Ginebra BROCKMANS, botella 70 cl",BROCKMANS,13895172,BOTELLA,"0,7",700,1,L,,,,"36,60",,"52,29",,,0,,"31,11","44,44",15%," 'distance': 0,6468509435653687",111846,'Brockmans ginebra botella 70cl',BROCKMANS,,BOTELLA,"0,70",L,700,1,700,,,,"31,08",,,"44,40",,,,,"0,04","7,89",15%,0%,15%,15%,15%
MACARRON SERVIHOSTEL 5K C/1,22458293,2-ALIMENTACION,9-COCINA,13-PASTAS,3-PASTA CLÁSICA,6-PASTA CORTA MACARRON,MACARRON SERVIHOSTEL 5K C/1,SERVIHOSTEL,22458293,PAQUETE,5,5000,1,KG,,,,"7,27",,"1,45",,,"0,26",,"6,18","1,24",15%," 'distance': 0,822293162345886",212772,aro macarrones pluma paquete 5kg,ARO,,PAQUETE,5,KG,5000,1,5000,,,,"5,93",,,"1,19",,,,,"0,05","0,27",18%,4%,18%,15%,15%
"Anisette MARIE BRIZARD, botella 70 cl",26198424,2-ALIMENTACION,11-BEBIDAS,18-BEBIDAS DE ALTA GRADUACION,1-ANIS,1-ANIS SECO Y DULCE,"Anisette MARIE BRIZARD, botella 70 cl",MARIE BRIZARD,26198424,BOTELLA,"0,7",700,1,L,España,,,"7,75",,"11,07",,,"0,57",,"6,59","9,41",15%," 'distance': 1,1805869340896606",268177,'Marie Brizard anisette botella 1l',MARIE BRIZARD,,BOTELLA,"1,00",L,1000,1,1000,,,,"9,55",,,"9,38",,,,,"0,03","1,69",15%,0%,15%,15%,15%
"Vino Tinto Crianza D.O. Rioja SOLAR ESTRAUNZA, botella 75 cl",920913,2-ALIMENTACION,11-BEBIDAS,14-VINO D.O.,9-VINOS D.O. TINTOS,53-VINO TINTO D.O. RIOJA CRIANZA,"Vino Tinto Crianza D.O. Rioja SOLAR ESTRAUNZA, botella 75 cl",SOLAR DE ESTRAUNZA,920913,BOTELLA,"0,75",750,1,L,,,,"6,99",,"9,32",,,"0,03",,"5,94","7,92",15%," 'distance': 0,184830740094185",185339,Solar De Estraunza vino tinto crianza botella 75cl,SOLAR DE ESTRAUNZA,,BOTELLA,"0,75",L,750,1,750,,,,"5,92",,,"7,89",,,,,"0,03","1,43",15%,0%,15%,15%,15%
"Vino Tinto Crianza D,O, Rioja MONÓLOGO, botella 75 cl",15495914,2-ALIMENTACION,11-BEBIDAS,14-VINO D.O.,"9-VINOS D,O, TINTOS","53-VINO TINTO D,O, RIOJA CRIANZA","Vino Tinto Crianza D,O, Rioja MONÓLOGO, botella 75 cl",MONOLOGO,15495914,BOTELLA,"0,75",750,1,L,,,,"6,49",,"8,65",,,"0,07",,"5,52","7,36",15%," 'distance': 0,5215031504631042",121882,Monologo vino tinto crianza Denominación de Origen Rioja botella 75cl',MONOLOGO,,BOTELLA,"0,75",L,750,1,750,,,,"5,80","4,93",,"7,73","6,57",,15%,COMPRA MAS PAGA MENOS,"0,78","2,08",24%,11%,11%,11%,13%
"Sriracha mayo GO-TAN, bote 215 ml",25013657,2-ALIMENTACION,8-SALADO,39-COMIDAS DEL MUNDO,10-COMIDA ASIATICA,15-JAPONESA,"Sriracha mayo GO-TAN, bote 215 ml",GO-TAN,25013657,BOTE,"0,215",215,1,L,Países Bajos,,,"3,89",,"18,09",,,"1,46",,"3,11","14,47",20%," 'distance': 3,523111581802368",216318,'GO-TAN salsa sriracha mayo 500 ml',GO-TAN,,BOTELLA,"0,50",L,500,1,500,,,,"7,76",,,"15,52",,,,,"-1,05","2,57",14%,-7%,14%,14%,15%
"Papel de cocina gigante SCOTTEX, paquete 2 rollos",18763102,2-ALIMENTACION,12-DROGUERIA,67-ROLLOS DE COCINA Y SERVILLETAS,1-ROLLO COCINA,11-ROLLO COCINA LARGO,"Papel de cocina gigante SCOTTEX, paquete 2 rollos",SCOTTEX,18763102,PAQUETE,2,2000,2,ROLLOS,,,,"4,05","2,63","2,03","1,32",,"2,38",2nd unit-70%,,,," 'distance': 0,348451793193817",211125,Scottex Papel de cocina gigante 3 unidades,SCOTTEX,,BOLSA/BOLSON,"0,676",ROLLOS,676,3,2028,,,,"5,38",,,"1,79",,,,,"-0,48","-0,48",-36%,-36%,11%,18%,16%
"Vodka ABSOLUT, botella 70 cl",976456,2-ALIMENTACION,11-BEBIDAS,18-BEBIDAS DE ALTA GRADUACION,7-VODKA,10-VODKA ESTANDAR,"Vodka ABSOLUT, botella 70 cl",ABSOLUT,976456,BOTELLA,"0,7",700,1,L,Suiza,,,"15,29","14,07","21,84","20,10",,"0,42",8%,"11,96","17,08",15%," 'distance': 1,6642529964447021",277459,"ABSOLUT vodka botella 70 cl Alc, 40% vol,'",ABSOLUT,,BOTELLA,"0,70",L,700,1,700,,,,"14,02",,,"20,03",,,,,"-2,95","0,07",0%,-17%,8%,-7%,7%
Bicarbonato EROSKI bote 200 g,11004579,2-ALIMENTACION,9-COCINA,5-SAL,18-DIGESTIVOS,5-BICARBONATO,Bicarbonato EROSKI bote 200 g,EROSKI,11004579,BOTE,"0,2",200,1,KG,,,,"1,01",,"5,05",,,"2,5",,,,," 'distance': 1,25515282154083",215697,METRO Chef bicarbonato 330 g,METRO CHEF,,TARRO,"0,33",KG,330,1,330,,,,"3,25",,,"9,85",,,,,"-4,80","-4,80",-95%,-95%,-95%,-95%,-21%
"Ginebra BEEFEATER, botella 1 litro",20228755,2-ALIMENTACION,11-BEBIDAS,18-BEBIDAS DE ALTA GRADUACION,3-GINEBRA,3-GINEBRA ESTANDAR,"Ginebra BEEFEATER, botella 1 litro",BEEFEATER,20228755,BOTELLA,1,1000,1,L,Reino Unido,,,"21,50",,"21,50",,,"0,07",,"18,28","18,28",15%," 'distance': 0,864783525466919",686309,'BEEFEATER ginebra botella 1 L',BEEFEATER,,BOTELLA,"1,00",L,1000,1,1000,,,,"18,14",,,"18,14",,,,,"0,13","3,36",16%,1%,16%,16%,15%
"Vino Tinto Reserva D,O, Rioja MARQUÉS DE RISCAL, botella 75 cl",318204,2-ALIMENTACION,11-BEBIDAS,14-VINO D.O.,"9-VINOS D,O, TINTOS","54-VINO¿TINTO¿D,O,¿RIOJA¿RVA-GRVA","Vino Tinto Reserva D,O, Rioja MARQUÉS DE RISCAL, botella 75 cl","MARQ,RISCAL",318204,BOTELLA,"0,75",750,1,L,España,,,"17,90",,"23,87",,,"0,44",,"15,22","20,29",15%," 'distance': 0,5890641212463379",65468,MARQUÉS DE RISCAL vino tinto reserva botella 75cl',MARQUÉS DE RISCAL,,BOTELLA,"0,75",L,750,1,750,,,,"15,55",,,"20,73",,,,,"-0,45","3,14",13%,-2%,13%,15%,15%
"Licor FIREBALL, botella 70 cl",19160480,2-ALIMENTACION,11-BEBIDAS,18-BEBIDAS DE ALTA GRADUACION,17-LICORES CON ALCOHOL,15-LICOR BASE WHISKY,"Licor FIREBALL, botella 70 cl",FIREBALL,19160480,BOTELLA,"0,7",700,1,L,,,,"13,85",,"19,79",,,"0,03",,"11,77","16,82",15%," 'distance': 2,6136858463287354",145768,'Fireball licor botella 70cl',FIREBALL,,BOTELLA,"0,70",L,700,1,700,,,,"12,57",,,"17,96",,,,,"-1,14","1,83",9%,-7%,9%,16%,16%
"Cava Brut CODORNÍU Gran Cremant, botella 75 cl",161802,2-ALIMENTACION,11-BEBIDAS,16-ESPUMOSOS,3-CAVAS,3-CAVAS BRUT,"Cava Brut CODORNÍU Gran Cremant, botella 75 cl",CODORNÍU,161802,BOTELLA,"0,75",750,1,L,España,,,"6,99",,"9,32",,,0,,"5,59","7,46",20%," 'distance': 0,756562352180481",569686,'Codorniu cava gran cremant brut botella 75cl',CODORNIU,,BOTELLA,"0,75",L,750,1,750,,,,"6,11",,,"8,15",,,,,"-0,69","1,17",13%,-9%,13%,5%,11%
Comino molido para sazonar EROSKI frasco 46 g,2750214,2-ALIMENTACION,9-COCINA,35-ESPECIAS,5-ESPECIAS,24-COMINO,Comino molido para sazonar EROSKI frasco 46 g,EROSKI,2750214,FRASCO,"0,046",46,1,KG,,,,"0,95",,"20,65",,,,,,,," 'distance': 0,441248714923859",214569,METRO Chef comino molido 400 g,METRO CHEF,,TARRO,"0,4",KG,400,1,400,,,,"6,11",,,"15,28",,,,,"5,38","5,38",26%,26%,26%,26%,19%
"Huesos de vacuno, bandeja aprox, 500 g",13343736,1-FRESCOS,2-CARNICERIA,61-VACUNO ENVASADO,6-VACUNO DESPOJOS ENVASADO,1-VACUNO DESPOJOS ENVASADO,"Huesos de vacuno, bandeja aprox, 500 g",EROSKI,13343736,BANDEJA,"0,5",500,1,KG,,,,"2,65",,"5,30",,,"4,35",,"1,99","3,98",25%," 'distance': 3,23488187789917",188342,'Huesos de vacuno congelados caja 5 kg precio kg',MAKRO,,KILO,"5,00",KG,5000,1,5000,,,,"4,46",,,"4,46",,,,,"-0,49","0,84",16%,-12%,16%,16%,14%
"Tomate rosa, al peso, compra mínima 500 g / 2 u",19511088,1-FRESCOS,1-FRUTA Y HORTALIZA,2-HORTALIZA,80-TOMATES,5-TOMATES ENSALADA,"Tomate rosa, al peso, compra mínima 500 g / 2 u",EROSKI,19511088,KILO,"0,5",500,1,U,,,,"1,92","1,80","3,84","3,61",,"11,7",6%,"1,53","3,07",15%," 'distance': 0,7256655693054199",196669,"Tomate rosa segunda cj 5,5kg",MAKRO,,CAJA/CAJON,"5,5",KG,5500,1,5500,,,,"18,50",,,"3,23",,,,,"-0,16","0,38",11%,-5%,16%,16%,16%
"Bloc foie de pato MARTIKO, lata 130 g",26411371,2-ALIMENTACION,8-SALADO,25-PATES Y FOIEGRAS,1-PATE/CREMA¿TOSTADA,"5-PAT/CREMA¿TOST,CARNICO PREMIUM","Bloc foie de pato MARTIKO, lata 130 g",MARTIKO,26411371,LATA,"0,13",130,1,KG,,,,"8,50",,"65,38",,,"0,11",,,,," 'distance': 1,546891212463379",73335,'Martiko foie gras de pato block lata 130 gn',MARTIKO,,LATA,"0,13",KG,130,1,130,,,,"7,14",,,"54,92",,,,,"10,46","10,46",16%,16%,16%,16%,16%
"Oblea para empanadilla BUITONI, paquete 160 g",219253,1-FRESCOS,14-SOLUCIONES CULINARIAS,35-DISFRUTA COCINANDO,35-OBLEAS Y LEVADURA  FRESCA,1-OBLEAS,"Oblea para empanadilla BUITONI, paquete 160 g",BUITONI,219253,PAQUETE,"0,16",160,1,KG,,,,"1,23",,"7,69",,,,,,,," 'distance': 3,211979389190674",135698,Buitoni oblea empanadilla 160g,BUITONI,,UNIDAD,"0,16",KG,160,1,160,,,,"1,16",,,"7,25",,,,,"0,44","0,44",6%,6%,6%,16%,16%
"Aguardiente de orujo EL AFILADOR, botella 70 cl",8927774,2-ALIMENTACION,11-BEBIDAS,18-BEBIDAS DE ALTA GRADUACION,9-AGUARDIENTES Y ORUJOS,10-AGUARDIENTES Y ORUJOS BLANCOS,"Aguardiente de orujo EL AFILADOR, botella 70 cl",EL AFILADOR,8927774,BOTELLA,"0,7",700,1,L,España,,,"10,05",,"14,36",,,"0,11",,"8,54","12,20",15%," 'distance': 1,0082340240478516",548613,'El Afilador aguardiente orujo botella 1l',EL AFILADOR,,BOTELLA,"1,00",L,1000,1,1000,,,,"11,80",,,"11,80",,,,,"0,40","2,56",18%,3%,18%,16%,17%
Pipa de cabalaza repelada cruda EROSKI bolsa 150 g,25944018,2-ALIMENTACION,8-SALADO,3-FRUTOS SECOS,19-SNACKS,30-PIPAS RESTO,Pipa de cabalaza repelada cruda EROSKI bolsa 150 g,EROSKI,25944018,BOLSA,"0,15",150,1,KG,,,,"1,69",,"11,27",,,0,,"1,61","10,70",5%," 'distance': 0,350293815135956",159011,METRO Chef pipa de calabaza pelada cruda 500 g,METRO CHEF,,BOLSA/BOLSON,"0,5",KG,500,1,500,,,,"4,73",,,"9,46",,,,,"1,24","1,81",16%,12%,16%,16%,16%
"Vermouth Blanco MARTINI, botella 1,5 litros",13927702,2-ALIMENTACION,11-BEBIDAS,18-BEBIDAS DE ALTA GRADUACION,25-VERMOUTH,3-VERMOUTH BLANCO,"Vermouth Blanco MARTINI, botella 1,5 litros",MARTINI,13927702,BOTELLA,"1,5",1500,1,L,Italia,,,"18,75","15,00","12,50","10,00",,"0,84",20%,"12,75","8,50",15%," 'distance': 2,3446569442749023",125992,"MARTINI BIANCO vermut blanco botella 1,5L'",MARTINI,,BOTELLA,"1,50",L,1500,1,1500,,,,"14,46",,,"9,64",,,,,"-1,14","0,36",4%,-13%,23%,22%,18%
"Vino Tinto Crianza Rioja AÑARES, botella 75 cl",359901,2-ALIMENTACION,11-BEBIDAS,14-VINO D.O.,"9-VINOS D,O, TINTOS","53-VINO TINTO D,O, RIOJA CRIANZA","Vino Tinto Crianza Rioja AÑARES, botella 75 cl",AÑARES,359901,BOTELLA,"0,75",750,1,L,,,,"6,05","5,51","8,07","7,34",,"0,61",9%,"4,68","6,24",15%," 'distance': 1,677563190460205",480922,Añares vino tinto crianza Rioja botella 75cl',AÑARES,,BOTELLA,"0,75",L,750,1,750,,,,"5,19",,,"6,92",,,,,"-0,68","0,42",6%,-11%,14%,5%,13%
"Crema balsámica de Módena BORGES, botella 250 g",13320684,2-ALIMENTACION,9-COCINA,2-VINAGRES Y ADEREZOS,15-VINAGRES ESPECIALES,20-CREMAS VINAGRE BALSAMICO,"Crema balsámica de Módena BORGES, botella 250 g",BORGES,13320684,BOTELLA,"0,25",250,1,KG,Italia,,,"3,85",,"15,40",,,"1,26",,"3,47","13,86",10%," 'distance': 1,7159316539764404",113583,BORGES crema balsámica de módena 400ml',BORGES,,BOTELLA,"0,40",L,400,1,400,,,,"4,68",,,"11,70",,,,,"2,16","3,70",24%,16%,24%,24%,19%
"Crema balsámica de frambuesa BORGES, botella 25 cl",13320619,2-ALIMENTACION,9-COCINA,2-VINAGRES Y ADEREZOS,15-VINAGRES ESPECIALES,25-CREMAS VINAGRE FRUTA Y OTROS,"Crema balsámica de frambuesa BORGES, botella 25 cl",BORGES,13320619,BOTELLA,"0,25",250,1,L,Italia,,,"3,85",,"15,40",,,"0,07",,"3,47","13,86",10%," 'distance': 0,7205159664154053",106020,BORGES crema balsámica de frambuesa 400ml',BORGES,,BOTELLA,"0,40",L,400,1,400,,,,"5,16",,,"12,90",,,,,"0,96","2,50",16%,7%,16%,16%,16%
"Crema balsámica de manzana BORGES, botella 250 g",13320692,2-ALIMENTACION,9-COCINA,2-VINAGRES Y ADEREZOS,15-VINAGRES ESPECIALES,25-CREMAS VINAGRE FRUTA Y OTROS,"Crema balsámica de manzana BORGES, botella 250 g",BORGES,13320692,BOTELLA,"0,25",250,1,KG,Italia,,,"3,85",,"15,40",,,"0,3",,"3,47","13,86",10%," 'distance': 1,4943053722381592",106024,BORGES crema balsámica de manzana 400ml',BORGES,,BOTELLA,"0,40",L,400,1,400,,,,"5,16",,,"12,90",,,,,"0,96","2,50",16%,7%,16%,16%,16%
"Sal marina fina EROSKI BASIC, paquete 1 kg",917372,2-ALIMENTACION,9-COCINA,5-SAL,6-SAL CLASICA,5-SAL FINA,"Sal marina fina EROSKI BASIC, paquete 1 kg",EROSKI BASIC,917372,PAQUETE,1,1000,1,KG,,,,"0,40",,"0,40",,,"11,76",,,,," 'distance': 1,08798205852509",98818,makro Chef sal refinada en retractil 1kg x 12 paquetes,MAKRO CHEF,,PACK,1,KG,1000,12,12000,,,,"4,79",,,"0,40",,,,,"0,00","0,00",0%,0%,0%,0%,11%
ACEITE ORUJO SERVIHOSTEL 3/5 LT,13319488,2-ALIMENTACION,9-COCINA,1-ACEITE,1-ACEITES OLIVA,11-OTROS ACEITES OLIVA,ACEITE ORUJO SERVIHOSTEL 3/5 LT,SERVIHOSTEL,13319488,GARRAFA,5,5000,1,L,,,,"14,3",,"2,86",,,"0,53",,"13,59","2,72",5%," 'distance': 2,931441307067871",78102,makro Chef aceite oliva orujo pet 5l,MAKRO CHEF,,LATA,5,L,5000,1,5000,,,,"15,03",,,"3,01",,,,,"-0,29","-0,15",-5%,-11%,-5%,32%,21%
"Tónica Ginger Ale Premiun SCHWEPPES, botellín 20 cl",19989094,2-ALIMENTACION,11-BEBIDAS,10-BEBIDAS REFRESCANTES,9-C/G TONICA,15-C/G TONICA REG GRAND,"Tónica Ginger Ale Premiun SCHWEPPES, botellín 20 cl",SCHWEPPES,19989094,BOTELLA,"0,2",200,1,L,,,,"1,88",,"9,40",,,"0,65",,"1,50","7,52",20%," 'distance': 1,6006406545639038",127991,'SCHWEPPES ginger ale premium botella 20cl contiene 24 unidades',SCHWEPPES,,BOTELLA,"0,20",L,200,24,4800,,,,"37,75",,,"7,86",,,,,"-0,34","1,54",16%,-5%,16%,16%,16%
"Leche entera sin lactosa PULEVA M. ligeras, botella 1 litro",19659887,2-ALIMENTACION,5-LACTEOS,3-LECHE,4-LECHE SIN LACTOSA,6-LECHE SIN LACTOSA ENTERA,"Leche entera sin lactosa PULEVA M. ligeras, botella 1 litro",PULEVA,19659887,BOTELLA,1,1000,1,L,,,,"1,42",,"1,42",,,"2,82",,"1,35","1,35",5%," 'distance': 0,2399562895298",167084,PULEVA leche entera sin lactosa 1 L contiene 6 botellas,PULEVA,,RETRACTIL,1,L,1000,6,6000,,,,"7,12",,,"1,19",,,,,"0,16","0,23",16%,12%,16%,16%,16%
KNORR CALDO POLLO POLVO 1K C/6,4534095,2-ALIMENTACION,9-COCINA,15-SOPAS PURES Y CALDOS,3-CALDOS EN PASTILLAS,3-CALDO PASTILLA AVE,KNORR CALDO POLLO POLVO 1K C/6,KNORR,4534095,cubete,1,1000,1,KG,,,,"7,43",,"7,43",,,0,,"5,94","5,94",20%," 'distance': 0,880327999591827",63049,Knorr Professional caldo de pollo en polvo sin gluten y sin lactosa 1 kg,KNORR,,bote,1,KG,1000,1,1000,,,,"7,14","6,14",,"7,14","6,14",,14%,COMPRA MAS PAGA MENOS,"-0,20","1,29",17%,-3%,4%,16%,17%
KNORR CALDO CARNE POLVO 1K C/6,4534103,2-ALIMENTACION,9-COCINA,15-SOPAS PURES Y CALDOS,3-CALDOS EN PASTILLAS,1-CALDO PASTILLA CARNE,KNORR CALDO CARNE POLVO 1K C/6,KNORR,4534103,cubeta,1,1000,1,KG,,,,"7,43",,"7,43",,,0,,"6,32","6,32",15%," 'distance': 0,586021295008742",86521,Knorr Professional caldo de carne en polvo 1kg,KNORR,,bote,1,KG,1000,1,1000,,,,"7,14","6,14",,"7,14","6,14",,14%,COMPRA MAS PAGA MENOS,"0,18","1,29",17%,3%,4%,16%,17%
"Agua mineral FONT VELLA, botellín 50 cl",1191998,2-ALIMENTACION,11-BEBIDAS,4-AGUAS,3-AGUAS SIN GAS,1-AGUA TO GO,"Agua mineral FONT VELLA, botellín 50 cl",FONT VELLA,1191998,BOTELLÍN,"0,5",500,1,L,,,,"0,67",,"1,34",,,"42,73",,"0,50","1,01",25%," 'distance': 3,892673969268799",678678,"Font Vella agua 0,5L contiene 24 unidades",FONT VELLA,,BOTE,"0,50",L,500,24,12000,,,,"9,78","8,80",,"0,82","0,73",,10%,COMPRA MAS PAGA MENOS,"0,27","0,61",45%,27%,39%,39%,26%
"Chorizo tradición dulce REVILLA, al corte, compra mínima 100 g",242180,1-FRESCOS,4-CHARCUTERIA,2-CARNICOS MOSTRADOR,4-EMBUTIDOS MOSTRADOR,1-CHORIZO VELA  MOSTRADOR,"Chorizo tradición dulce REVILLA, al corte, compra mínima 100 g",REVILLA,242180,GRANEL,"0,1",100,1,KG,,,,"1,70",,"17,00",,,"0,11",,"1,28","12,75",25%," 'distance': 0,177334904670715",10647,Revilla chorizo vela,REVILLA,,KILO,"1,35",KG,1350,1,1350,,,,"14,18",,,"14,18",,,,,"-1,43","2,82",17%,-11%,17%,17%,17%
"Vino Blanco D,O, Rueda CUNE, botella 75 cl",17141706,2-ALIMENTACION,11-BEBIDAS,14-VINO D.O.,"5-VINOS D,O,BLANCOS","67-VINO BLANCO D,O, RUEDA","Vino Blanco D,O, Rueda CUNE, botella 75 cl",CUNE,17141706,BOTELLA,"0,75",750,1,L,España,,,"6,79",,"9,05",,,"0,46",,"5,77","7,70",15%," 'distance': 1,0019943714141846",160331,'Cune vino blanco de Rueda Verdejo botella 75cl',CUNE,,BOTELLA,"0,75",L,750,1,750,,,,"5,55","5,05",,"7,40","6,73",,9%,COMPRA MAS PAGA MENOS,"0,96","2,32",26%,12%,18%,9%,14%
"Salmón ahumado Ecobio MARTIKO, sobre 80 g",18409979,1-FRESCOS,7-PESCADERIA,12-ESPECIALIDADES,25-AHUMADOS,5-SALMON LONCHAS,"Salmón ahumado Ecobio MARTIKO, sobre 80 g",MARTIKO,18409979,SOBRE,"0,08",80,1,KG,,,,"6,85",,"85,63",,,"3,23",,"5,14","64,22",25%," 'distance': 0,65836489739465",202274,Martiko salmón ahumado eco-bio 80g',MARTIKO,,ESTUCHE,"0,08",KG,80,1,80,,,,"5,16",,,"64,50",,,,,"-0,28","21,13",25%,0%,25%,25%,19%
"CJ REFR, COCA COLA VIDRIO 4X0,20L",23352974,2-ALIMENTACION,11-BEBIDAS,10-BEBIDAS REFRESCANTES,1-C/G COLA,22-C/G COLA REG C/CAF PEQUE,"CJ REFR, COCA COLA VIDRIO 4X0,20L",COCA COLA,23352974,PACK,"0,8",800,1,PACK,,,,"4,32",,"5,40",,,"1,07",,"3,46","4,32",20%," 'distance': 1,15151584148407",455078,Coca-Cola regular botella 20cl contiene 24 unidades,COCA-COLA,,Botella ,"0,2",L,200,24,4800,,,,"20,99",,,"4,37",,,,,"-0,05","1,03",19%,-1%,19%,17%,17%
"CJ COCA COLA ZERO VIDRIO 4X0,20",23352990,2-ALIMENTACION,11-BEBIDAS,10-BEBIDAS REFRESCANTES,1-C/G COLA,28-C/G COLA ZERO C/CAF PEQUE,"CJ COCA COLA ZERO VIDRIO 4X0,20",COCA COLA,23352990,PACK,"0,8",800,1,L,,,,"4,32",,"5,40",,,"0,3",,"3,46","4,32",20%," 'distance': 0,991820633411407",173412,Coca-Cola zero botella 20cl contiene 24 unidades,COCA-COLA,,Botella,"0,2",L,200,24,4800,,,,"20,99",,,"4,37",,,,,"-0,05","1,03",19%,-1%,19%,23%,19%
"Whisky CUTTY SARK, botella 1 litro",14393979,2-ALIMENTACION,11-BEBIDAS,18-BEBIDAS DE ALTA GRADUACION,13-WHISKY,3-WHISKY¿STANDARD,"Whisky CUTTY SARK, botella 1 litro",CUTTY SARK,14393979,BOTELLA,1,1000,1,L,,,,"18,63",,"18,63",,,"0,07",,"15,84","15,84",15%," 'distance': 2,4510719776153564",217763,"CUTTY SARK whisky escocés botella 1 L Alc, 40% vol,'",CUTTY SARK,,BOTELLA,"1,00",L,1000,1,1000,,,,"15,11",,,"15,11",,,,,"0,73","3,52",19%,5%,19%,8%,13%
"Pimiento rojo entero EROSKI basic, pack 3x60 g",808774,2-ALIMENTACION,8-SALADO,11-PIMIENTOS,5-PIMIENTOS ROJOS,1-PIMIENTO ROJO LATA,"Pimiento rojo entero EROSKI basic, pack 3x60 g",EROSKI BASIC,808774,PACK,"0,18",180,1,KG,,,,"1,75",,"9,72",,,"0,8",,,,," 'distance': 1,03012132644653",126541,aro pimiento rojo 60 gne contiene 3 unidades (240 g),ARO,,RETRACTIL,"0,24",KG,240,1,240,,,,"1,44",,,"6,00",,,,,"3,72","3,72",38%,38%,38%,25%,20%
"Vino Tinto Crianza Rioja E, Limitada RAMÓN BILBAO, botella 75 cl",4577995,2-ALIMENTACION,11-BEBIDAS,14-VINO D.O.,"9-VINOS D,O, TINTOS","53-VINO TINTO D,O, RIOJA CRIANZA","Vino Tinto Crianza Rioja E, Limitada RAMÓN BILBAO, botella 75 cl","RAMON BILBAO ED, LIMITADA",4577995,BOTELLA,"0,75",750,1,L,,,,"17,75",,"23,67",,,"0,15",,"15,09","20,12",15%," 'distance': 0,9044670462608337",73724,Ramón Bilbao vino tinto edicion limitada botella 75 cl',RAMÓN BILBAO,,BOTELLA,"0,75",L,750,1,750,,,,"14,14","12,87",,"18,85","17,16",,9%,COMPRA MAS PAGA MENOS,"2,96","6,51",28%,15%,20%,11%,14%
"Ginebra JUNE BY G'VINE, botella 70 cl",23633100,2-ALIMENTACION,11-BEBIDAS,18-BEBIDAS DE ALTA GRADUACION,3-GINEBRA,20-GINEBRA SABORES,"Ginebra JUNE BY G'VINE, botella 70 cl",JUNE,23633100,BOTELLA,"0,7",700,1,L,,,,"26,79",,"38,27",,,0,,"22,77","32,53",15%," 'distance': 0,416957676410675",181652,June Gin Liqueur ginebra botella 70cl,JUNE GIN LIQUEUR,,BOTELLA,"0,7",L,700,1,700,,,,"25,52",,,"36,46",,,,,"-3,93","1,81",5%,-12%,5%,5%,13%
"Ginebra BOMBAY Sapphire, botella 70 cl",1522804,2-ALIMENTACION,11-BEBIDAS,18-BEBIDAS DE ALTA GRADUACION,3-GINEBRA,3-GINEBRA ESTANDAR,"Ginebra BOMBAY Sapphire, botella 70 cl",BOMBAY,1522804,BOTELLA,"0,7",700,1,L,Reino Unido,,,"22,39","19,03","31,99","27,19",,"0,15",15%,"16,18","23,11",15%," 'distance': 1,3003828525543213",479661,"BOMBAY SAPPHIRE ginebra botella 70 cl Alc, 43% vol,'",BOMBAY,,BOTELLA,"0,70",L,700,1,700,,,,"16,88",,,"24,11",,,,,"-1,00","3,07",11%,-4%,25%,22%,17%
"WHISKY TENNESSEE 0,7L JACK DANIELS",384073,2-ALIMENTACION,11-BEBIDAS,18-BEBIDAS DE ALTA GRADUACION,13-WHISKY,9-WHISKY AMERICANO,"WHISKY TENNESSEE 0,7L JACK DANIELS",JACK DANIELS,384073,BOTELLA,"0,7",700,1,L,,,,"23,09",,"32,99",,,"0,03",,"19,63","28,04",15%," 'distance': 0,843820929527283",33050,"JACK DANIEL'S whisky americano botella 70cl Alc, 40% vol,",JACK DANIEL'S,,BOTELLA,"0,7",L,700,1,700,,,,"19,11",,,"27,30",,,,,"0,74","5,69",17%,3%,17%,17%,17%
COSTILLA CERDO TROC EROSKI 450,17771502,1-FRESCOS,2-CARNICERIA,62-PORCINO ENVASADO,1-PORCINO BLANCO ENVASADO,4-COSTILLA BLANCO ENVASADO,COSTILLA CERDO TROC EROSKI 450,EROSKI,17771502,BANDEJA,"0,45",450,1,KG,,,,"4,15",,"9,22",,,"2,95",,"3,94","8,76",5%," 'distance': 0,62846314907074",185567,Costilla troceada de cerdo bandeja 2kg precio kg,MAKRO,,Pieza,"1,1",KG,1100,1,1100,,,,"7,98",,,"7,98",,,,,"0,78","1,24",13%,9%,13%,13%,16%
"Champagne Brut VEUVE CLICQUOT, botella 75 cl",26528430,2-ALIMENTACION,11-BEBIDAS,16-ESPUMOSOS,1-ESPUMOSOS ORIGEN EXTRANJERO,1-CHAMPAGNES,"Champagne Brut VEUVE CLICQUOT, botella 75 cl", VEUVE CLICQUOT,26528430,BOTELLA,"0,75",750,1,L,,,,"53,95",,"71,93",,,,,"43,16","57,55",20%," 'distance': 0,112971045076847",72605,Veuve Clicquot champagne botella 75cl,VEUVE CLICQUOT,,BOTELLA,"0,75",L,750,1,750,,,,"50,32",,,"67,09",,,,,"-9,55","4,84",7%,-17%,7%,8%,14%
"Cangrejo de río cocido, bandeja 500 g",9242793,1-FRESCOS,7-PESCADERIA,14-MOSTRADOR PESCADERIA,43-MARISCO CRUSTACEOS,40-CANGREJO DE RIO,"Cangrejo de río cocido, bandeja 500 g",EROSKI,226597,BANDEJA,"0,5",500,1,KG,,,,"4,95",,"9,90",,,"0,73",,"4,46","8,91",10%," 'distance': 2,9026100635528564",288444,Cangrejo río cocido 40-50piezas/kg,MAKRO CHEF,,KILO,"1,00",KG,1000,1,1000,,,,"8,20",,,"8,20",,,,,"0,71","1,70",17%,8%,17%,31%,20%
"Chuletillas de cordero del País, al corte, compra mínima 500 g",881375,1-FRESCOS,2-CARNICERIA,63-CORDERO ENVASADO,1-CORDERO RECENTAL ENVASADO,2-CORD RECENT CHULET ENVASADO,"Chuletillas de cordero del País, al corte, compra mínima 500 g",EROSKI,881375,BANDEJA,"0,5",500,1,KG,,,,"12,48","11,48","24,96","22,96",,,8%,,,," 'distance': 2,6082162857055664",65688,"Carret de chuletas de cordero bandeja 1,25kg precio kg",MAKRO CHEF,,KILO,"1,25",KG,1250,1,1250,,,,"31,29",,,"25,03",,,,,"-2,07","-2,07",-9%,-9%,0%,8%,12%
"Bebida sin alcohol TANQUERAY 0,0, botella 70 cl",24118713,2-ALIMENTACION,11-BEBIDAS,18-BEBIDAS DE ALTA GRADUACION,19-LICORES S/ALCOHOL,1-LICOR SIN ALCOHOL,"Bebida sin alcohol TANQUERAY 0,0, botella 70 cl",TANQUERAY,24118713,BOTELLA,"0,7",700,1,L,,,,"16,49","14,02","23,56","20,02",,"0,11",15%,"11,91","17,02",15%," 'distance': 2,724165439605713",199898,'Tanqueray 0,TANQUERAY,,BOTELLA,"0,70",L,700,1,700,,,,"14,99",,,"21,41",,,,,"-4,39","-1,39",-7%,-26%,9%,9%,14%
"Cava Brut nature BACH, botella 75 cl",307108,2-ALIMENTACION,11-BEBIDAS,16-ESPUMOSOS,3-CAVAS,1-CAVAS BRUT NATURE,"Cava Brut nature BACH, botella 75 cl",BACH,307108,BOTELLA,"0,75",750,1,L,,,,"5,35",,"7,13",,,"0,34",,"4,28","5,71",20%," 'distance': 0,5991250872612",482872,'Bach cava brut nature botella 75cl',BACH,,BOTELLA,"0,75",L,750,1,750,,,,"4,95","4,26",,"6,60","5,68",,14%,COMPRA MAS PAGA MENOS,"0,03","1,46",20%,1%,7%,12%,15%
"Pasta Fusilli Nº 34 DE CECCO, paquete 500 g",12462255,2-ALIMENTACION,9-COCINA,13-PASTAS,4-GAMA GOURMET,4-PASTA CORTA GOURMET,"Pasta Fusilli Nº 34 DE CECCO, paquete 500 g",DE CECCO,12462255,PAQUETE,"0,5",500,1,KG,,,,"2,45",,"4,90",,,"0,15",,"2,08","4,17",15%," 'distance': 0,579365927384567",216921,DE CECCO fusilli paquete 1 kg,DE CECCO,,PAQUETE,1,KG,1000,1,1000,,,,"4,46",,,"4,05",,,,,"0,12","0,85",17%,3%,17%,17%,17%
"Preparado de mango ALPRO, tarrina 400 g",22316905,2-ALIMENTACION,5-LACTEOS,4-YOGURES Y POSTRES,1-YOGURES BASICOS,86-BASE NO LACTEA,"Preparado de mango ALPRO, tarrina 400 g",ALPRO,22316905,TARRINA,"0,4",400,1,KG,,,,"2,60",,"6,50",,,"6,07",,,,," 'distance': 3,211979389190674",189867,alpro bebida vegetal mango sin azúcar 400 g,ALPRO,,UNIDAD,"0,4",KG,400,1,400,,,,"2,19",,,"5,37",,,,,"1,13","1,13",17%,17%,17%,17%,17%
"Chocolate puro sin azúcar VALOR, tableta 100 g",23444425,2-ALIMENTACION,10-DULCE,14-CHOCOLATES,15-CHOCOLATE SALUD,7-CHOCO S/AZUCAR NEGRO,"Chocolate puro sin azúcar VALOR, tableta 100 g",VALOR,23444425,TABLETA,"0,1",100,1,KG,,,,"2,95",,"29,50",,,"0,26",,,,," 'distance': 2,9490091800689697",8042,Chocolates Valor cacao puro sin azúcar 250g',CHOCOLATES VALOR,,BOTE,"0,25",KG,250,1,250,,,,"5,78",,,"23,12",,,,,"6,38","6,38",22%,22%,22%,22%,19%
"Sardina en aceite de oliva a la antigua ORTIZ, lata 140 g",16046427,2-ALIMENTACION,8-SALADO,23-CONSERVAS DE PESCADO,11-SARDINA,1-SARDINA ACEITE,"Sardina en aceite de oliva a la antigua ORTIZ, lata 140 g",ORTIZ,16046427,LATA,"0,14",140,1,KG,,,,"3,99",,"28,50",,,"0,53",,"3,59","25,65",10%," 'distance': 2,660717725753784",123729,'Conservas Ortiz sardinas a la antigua en aceite oliva lata 100 gne contiene 5 unidades (140 g)',CONSERVAS ORTIZ,,RETRACTIL,"0,14",KG,140,5,700,,,,"14,40",,,"20,57",,,,,"5,08","7,93",28%,20%,28%,28%,21%
"Vino Tinto R. del Duero PRUNO, botella 75 cl",14999247,2-ALIMENTACION,11-BEBIDAS,14-VINO D.O.,9-VINOS D.O. TINTOS,47-V.TINTO D.O.RIBERA DUERO JOVEN,"Vino Tinto R. del Duero PRUNO, botella 75 cl",PRUNO,14999247,BOTELLA,"0,75",750,1,L,,,,"12,90",,"17,20",,,"0,03",,"10,97","14,62",15%," 'distance': 0,23659548163414",95340,Pruno vino tinto crianza botella 75cl,PRUNO,,BOTELLA,"0,75",L,750,1,750,,,,"11,68","9,93",,"15,57","13,24",,15%,COMPRA MAS PAGA MENOS,"1,38","3,96",23%,9%,9%,9%,15%
"Sardina en salsa picante CUCA, lata 120 g",9101726,2-ALIMENTACION,8-SALADO,23-CONSERVAS DE PESCADO,11-SARDINA,7-SARDINA PICANTE,"Sardina en salsa picante CUCA, lata 120 g",CUCA,9101726,LATA,"0,12",120,1,KG,,,,"2,79",,"23,25",,,"0,19",,"2,51","20,93",10%," 'distance': 0,725895762443542",336050,CUCA sardinas picantes 3 piezas 80 gne contiene 5 unidades (120 g),CUCA,,LATA,"0,12",KG,120,5,600,,,,"11,83",,,"19,72",,,,,"1,21","3,53",15%,6%,15%,18%,18%
"Masa de empanadilla Napolita LA NAPOLITANA, paquete 420 g",21770318,1-FRESCOS,14-SOLUCIONES CULINARIAS,35-DISFRUTA COCINANDO,35-OBLEAS Y LEVADURA  FRESCA,1-OBLEAS,"Masa de empanadilla Napolita LA NAPOLITANA, paquete 420 g",LA NAPOLITANA,21770318,PAQUETE,"0,42",420,1,KG,España,,,"2,25",,"5,36",,,"11,96",,,,," 'distance': 0,8079671859741211",217335,'La napolitana masa empanadillas 420g',LA NAPOLITANA,,PAQUETE,"0,42",KG,420,1,420,,,,"1,97","1,65",,"4,69","3,94",,16%,COMPRA MAS PAGA MENOS,"1,42","1,42",26%,26%,12%,12%,15%
"Champagne Gran Cordon MUMM, botella 75 cl",23509755,2-ALIMENTACION,11-BEBIDAS,16-ESPUMOSOS,1-ESPUMOSOS ORIGEN EXTRANJERO,1-CHAMPAGNES,"Champagne Gran Cordon MUMM, botella 75 cl",MUMM,23509755,BOTELLA,"0,75",750,1,L,Francia,,,"45,79",,"61,05",,,"0,03",,"36,63","48,84",20%," 'distance': 1,0381094217300415",820196,"G,H,MUMM champagne Cordon Rouge botella 75 cl'",MUMM,,BOTELLA,"0,75",L,750,1,750,,,,"41,08",,,"54,77",,,,,"-5,93","6,28",10%,-12%,10%,11%,15%
"Vermouth Rojo Reserva YZAGUIRRE, botella 1 litro",10870483,2-ALIMENTACION,11-BEBIDAS,18-BEBIDAS DE ALTA GRADUACION,25-VERMOUTH,1-VERMOUTH ROJO,"Vermouth Rojo Reserva YZAGUIRRE, botella 1 litro",YZAGUIRRE,10870483,BOTELLA,1,1000,1,L,,,,"13,69","11,50","13,69","11,50",,"0,65",16%,"9,77","9,77",15%," 'distance': 2,740670680999756",37744,'Yzaguirre vermut reserva rojo botella 1L',YZAGUIRRE,,BOTELLA,"1,00",L,1000,1,1000,,,,"11,92",,,"11,92",,,,,"-2,15","-0,42",-4%,-22%,13%,18%,17%
"Manzana Granny Smith, al peso, compra mínima 1 kg",11551,1-FRESCOS,1-FRUTA Y HORTALIZA,1-FRUTA,25-MANZANAS,5-MANZANAS ACIDAS,"Manzana Granny Smith, al peso, compra mínima 1 kg",EROSKI,11551,GRANEL,1,1000,1,KG,,,,"2,35","2,14","2,30","2,14",,"10,25",9%,"1,92","1,92",10%," 'distance': 5,261042594909668",54489,'Manzana granny smith calibre 65/75 bolsa',MAKRO CHEF,,KILO,"2,00",KG,2000,1,2000,,,,"4,06",,,"2,03",,,,,"-0,11","0,11",5%,-5%,12%,18%,18%
"Vino Tinto Crianza D,O, Rioja PIÉROLA, botella 75 cl",4269932,2-ALIMENTACION,11-BEBIDAS,14-VINO D.O.,"9-VINOS D,O, TINTOS","53-VINO TINTO D,O, RIOJA CRIANZA","Vino Tinto Crianza D,O, Rioja PIÉROLA, botella 75 cl",PIÉROLA,4269932,BOTELLA,"0,75",750,1,L,España,,,"11,99",,"15,99",,,"2,06",,"10,19","13,59",15%," 'distance': 0,881726861000061",77426,Fernández De Piérola vino tinto crianza Rioja botella 75cl',FERNÁNDEZ DE PIÉROLA,,BOTELLA,"0,75",L,750,1,750,,,,"8,77",,,"11,69",,,,,"1,90","4,30",27%,14%,27%,27%,20%
"Antical lavadora CALGÓN, caja 15 pastillas",485565,2-ALIMENTACION,12-DROGUERIA,74-COMPLEMENTOS DE LAVADO,5-CUIDADO LAVADORA,5-ANTICAL POLVO,"Antical lavadora CALGÓN, caja 15 pastillas",CALGON,485565,CAJA,15,15000,15,DOSIS,,,,"8,99",,"0,60",,,"0,53",,,,," 'distance': 3,211979389190674",50814,Calgon descalcificador 45 pastillas (total 675 g),CALGON,,CAJA/CAJON,"0,675",DOSIS,675,45,30375,,,,"22,93",,,"0,51",,,,,"0,09","0,09",15%,15%,15%,27%,21%
"Ginebra Mediterránea GIN MARE, botella 70 cl",15211261,2-ALIMENTACION,11-BEBIDAS,18-BEBIDAS DE ALTA GRADUACION,3-GINEBRA,10-GINEBRA PREMIUM,"Ginebra Mediterránea GIN MARE, botella 70 cl",GIN MARE,15211261,BOTELLA,"0,7",700,1,L,,,,"39,40",,"56,29",,,0,,"33,49","47,84",15%," 'distance': 1,424631118774414",100808,'Mare ginebra botella 70cl',MARE,,BOTELLA,"0,70",L,700,1,700,,,,"34,3",,,"49,00",,,,,"-1,16","7,29",13%,-2%,13%,18%,17%
"Cerveza HEINEKEN, lata 33 cl",319400,2-ALIMENTACION,11-BEBIDAS,8-CERVEZAS,1-CERVEZAS LAGER,5-CERVEZAS LAGER LATA,"Cerveza HEINEKEN, lata 33 cl",HEINEKEN,319400,LATA,"0,33",330,1,L,España,,,"0,86",,"2,61",,,"23,57",,"0,65","1,95",25%," 'distance': 1,1178070306777954",57759,'Heineken cerveza 33cl contiene 24 lata',HEINEKEN,,LATA,"0,33",L,330,24,7920,,,,"14,34","13,62",,"1,81","1,72",,5%,COMPRA MAS PAGA MENOS,"0,23","0,89",34%,12%,31%,19%,18%
"Te verde con maracuya NESTEA, lata 33 cl",15114390,2-ALIMENTACION,11-BEBIDAS,10-BEBIDAS REFRESCANTES,25-S/G TE,25-S/G TE SABORES,"Te verde con maracuya NESTEA, lata 33 cl",NESTEA,15114390,LATA,"0,33",330,1,L,,,,"0,99","0,64","3,00","1,95",,"7,69",2nd unit-70%,"0,51","1,56",20%," 'distance': 0,50897091627121",220213,NESTEA refrescos de te verde maracuya retractil 33 cl contiene 24 unidades,NESTEA,,LATA,"0,33",L,330,24,7920,,,,"19,23","17,88",,"2,43","2,26",,7%,COMPRA MAS PAGA MENOS,"-0,70","-0,31",-16%,-45%,19%,13%,16%
"Aceite de oliva virgen extra eco ORO DE GÉNABE, botella 75 cl",15266596,2-ALIMENTACION,9-COCINA,1-ACEITE,3-ACEITE OLIVA VIRGEN,"3-ACEITE V, EXTRA  0,75 L Y LATA","Aceite de oliva virgen extra eco ORO DE GÉNABE, botella 75 cl",ORO DE GENAVE,15266596,BOTELLA,"0,75",750,1,L,,,,"9,95",,"13,27",,,"0,53",,"9,45","12,60",5%," 'distance': 2,2023568153381348",136602,'Oro Virgen aceite oliva virgen extra botella dorica 250ml',ORO VIRGEN,,BOTELLA,"0,25",L,250,1,250,,,,"3,32",,,"13,28",,,,,"-0,68","-0,01",0%,-5%,0%,18%,17%
"Polvo para hornear impulsor gasificante ROYAL, caja 80 g",21815469,2-ALIMENTACION,9-COCINA,21-REPOSTERIA,20-LEVADURAS,5-LEVADURA QUIMICA,"Polvo para hornear impulsor gasificante ROYAL, caja 80 g",ROYAL,21815469,CAJA,"0,08",80,1,KG,,,,"2,25",,"28,13",,,"10,03",,,,," 'distance': 0,43253806233406067",178172,Royal levadura 10 g contiene 5 sobres (total 80 g),ROYAL,,PAQUETE,"0,08",KG,80,1,80,,,,"2,04","1,71",,"23,13","19,43",,16%,COMPRA MAS PAGA MENOS,"8,70","8,70",31%,31%,18%,18%,18%
"Cerveza ESTRELLA DAMM, lata 33 cl",156349,2-ALIMENTACION,11-BEBIDAS,8-CERVEZAS,1-CERVEZAS LAGER,5-CERVEZAS LAGER LATA,"Cerveza ESTRELLA DAMM, lata 33 cl",ESTRELLA DAMM,156349,LATA,"0,33",330,1,L,España,,,"0,89",,"2,70",,,"5,69",,"0,67","2,02",25%," 'distance': 2,045607805252075",148347,'Estrella Damm cerveza 33cl contiene 12 latas',ESTRELLA DAMM,,LATA,"0,33",L,330,12,3960,,,,"8,58","7,81",,"2,17","1,97",,9%,COMPRA MAS PAGA MENOS,"0,05","0,73",27%,3%,20%,20%,18%
Leche semidesnatada del PaÍs Vasco EROSKI brik 1 litro,18672311,2-ALIMENTACION,5-LACTEOS,3-LECHE,1-LECHE LARGA VIDA UHT,2-LECHE UHT SEMIDESNATADA,Leche semidesnatada del PaÍs Vasco EROSKI brik 1 litro,EROSKI,18672311,BRIK,1,1000,1,L,,,,"1,03",,"1,03",,,"252,23",,"0,98","0,98",5%," 'distance': 3,129054546356201",192441,'aro leche semidesnatada 1 L contiene 6 unidades',ARO,,BRIK,"1,00",L,1000,6,6000,,,,"5,09","4,58",,"0,85","0,76",,10%,COMPRA MAS PAGA MENOS,"0,22","0,27",26%,22%,18%,18%,17%
"Lonchas veganas original VIOLIFE, bandeja 200 g",24126070,2-ALIMENTACION,5-LACTEOS,10-QUESOS,8-QUESO RALLADO,90-SOLUCIONES  VEGANAS,"Lonchas veganas original VIOLIFE, bandeja 200 g",VIOLIFE,24126070,BANDEJA,"0,2",200,1,KG,,,,"3,59",,"17,95",,,"1,16",,"2,69","13,46",25%," 'distance': 3,211979389190674",197270,Violife sabor cheddar lonchas 500 g,VIOLIFE,,PAQUETE,"0,5",KG,500,1,500,,,,"7,58","6,44",,"15,16","12,89",,15%,COMPRA MAS PAGA MENOS,"0,58","5,06",28%,4%,16%,18%,18%
"Baked beans HEINZ, lata 415 g",6646459,2-ALIMENTACION,9-COCINA,11-PLATOS PREPARADOS,4-PLATOS LEGUMBRE FORMATO LATA,5-ALUBIAS,"Baked beans HEINZ, lata 415 g",HEINZ,6646459,LATA,"0,415",415,1,KG,,,,"1,65",,"3,98",,,"0,36",,,,," 'distance': 1,1474735736846924",523575,'HEINZ baked beans lata 2620g',HEINZ,,LATA,"2,62",KG,2620,1,2620,,,,"8,57",,,"3,27",,,,,"0,71","0,71",18%,18%,18%,18%,17%
"Margarina vegetal con sal y sin palma TULIPAN, tarrina 400 g",25925876,2-ALIMENTACION,5-LACTEOS,14-MANTEQUILLAS Y MARGARINAS,2-MARGARINA,1-MARGARINA FAMILIAR,"Margarina vegetal con sal y sin palma TULIPAN, tarrina 400 g",TULIPAN,25925876,TARRINA,"0,4",400,1,KG,,,,"2,65",,"6,63",,,"1,04",,"2,25","5,63",15%," 'distance': 1,128570556640625",204703,Tulipán margarina con sal tarrina 900 g',TULIPAN,,TARRINA,"0,90",KG,900,1,900,,,,"4,90","4,21",,"5,44","4,68",,14%,COMPRA MAS PAGA MENOS,"0,95","1,94",29%,17%,18%,18%,18%
"Aceite de girasol KOIPESOL, garrafa 3 litros",18911701,2-ALIMENTACION,9-COCINA,1-ACEITE,5-ACEITES GIRASOL,3-ACEITE GIRASOL FORMATO GRANDE,"Aceite de girasol KOIPESOL, garrafa 3 litros",KOIPESOL,18911701,GARRAFA,3,3000,1,L,,,,"7,69",,"2,56",,,"1,11",,"7,31","2,44",5%," 'distance': 2,6691734790802",178529,'Koipesol profesional aceite de girasol,KOIPESOL,,BIDON,"5,00",L,5000,1,5000,,,,"10,44",,,"2,09",,,,,"0,35","0,48",19%,14%,19%,19%,18%
"Whisky JOHNNIE WALKER ETIQUETA NEGRA, botella 70 cl",315614,2-ALIMENTACION,11-BEBIDAS,18-BEBIDAS DE ALTA GRADUACION,13-WHISKY,5-WHISKY¿PREMIUM,"Whisky JOHNNIE WALKER ETIQUETA NEGRA, botella 70 cl",JOHNNIE WALKER,315614,BOTELLA,"0,7",700,1,L,Reino Unido,,,"30,75","26,14","43,93","37,34",,"0,5",15%,"22,22","31,74",15%," 'distance': 1,4692366123199463",8723,"JOHNNIE WALKER Etiqueta Negra whisky escocés botella 70cl Alc, 40% vol,'",JOHNNIE WALKER,,BOTELLA,"0,70",L,700,1,700,,,,"24,74",,,"35,34",,,,,"-3,60","2,00",5%,-11%,20%,19%,18%
"Chocolate con leche para postres NESTLÉ, tableta 170 g",16748675,2-ALIMENTACION,10-DULCE,14-CHOCOLATES,11-CHOCOLATE¿TAZA¿Y¿POSTRES,1-CHOCOLATE POSTRE,"Chocolate con leche para postres NESTLÉ, tableta 170 g",NESTLÉ,16748675,TABLETA,"0,17",170,1,KG,España,,,"3,45",,"20,29",,,"1,03",,,,," 'distance': 1,446162462234497",170402,Nestlé postres chocolate con leche 170g',NESTLÉ,,UNIDAD,"0,17",KG,170,1,170,,,,"3,40","3,09",,"20,00","18,20",,9%,COMPRA MAS PAGA MENOS,"2,09","2,09",10%,10%,1%,8%,14%
"Fideos chinos con huevo SOUBRY, paquete 250 g",788398,2-ALIMENTACION,8-SALADO,39-COMIDAS DEL MUNDO,10-COMIDA ASIATICA,5-CHINA,"Fideos chinos con huevo SOUBRY, paquete 250 g",SOUBRY,788398,PAQUETE,"0,25",250,1,KG,Bélgica,,,"1,95",,"7,80",,,"1,59",,"1,56","6,24",20%," 'distance': 1,5847539901733398",411736,'Soubry fideo chino al huevo bolsa 250g',SOUBRY,,PAQUETE,"0,25",KG,250,1,250,,,,"1,64","1,38",,"6,56","5,51",,16%,COMPRA MAS PAGA MENOS,"0,73","2,29",29%,12%,16%,16%,18%
Jamoncitos de pavo EROSKI bandeja aprox. 800 g,5848924,1-FRESCOS,2-CARNICERIA,72-PAVO Y OTRAS AVES ENVASADO,5-PAVO ENVASADO AVES,5-PAVO¿FRESCO,Jamoncitos de pavo EROSKI bandeja aprox. 800 g,EROSKI,5848924,BANDEJA,"0,8",800,1,KG,,,,"3,92",,"4,90",,,"1,36",,"3,53","4,41",10%," 'distance': 0,472792267799377",218841,Jamoncito pavo vacío,MAKRO CHEF,,KILO,"1,4",KG,1400,1,1400,,,,"6,09",,,"4,35",,,,,"0,06","0,55",11%,1%,11%,18%,18%
"Mayonesa HELLMANN'S, frasco 450 ml",332643,2-ALIMENTACION,9-COCINA,3-SALSAS,"3-MAYONESAS, S.FINAS Y S.LIGERAS",3-MAYO.S.FINAS FCO MAS 300 ML,"Mayonesa HELLMANN'S, frasco 450 ml",HELLMANN'S,332643,FRASCO,"0,45",450,1,L,,,,"2,95","1,96","6,56","4,37",,"4,23",3x2,"1,67","3,71",15%," 'distance': 0,10736049711704254",52204,HELLMANN'S mayonesa bidón 2l,HELLMANN'S,,BIDON,2,L,2000,1,2000,,,,"11,76",,,"5,38",,,,,"-1,67","-1,01",-23%,-45%,18%,18%,18%
"Agua con gas VICHY CATALAN, botella 1,2 litros",18520999,2-ALIMENTACION,11-BEBIDAS,4-AGUAS,1-AGUAS CON GAS,3-AGUA¿CON¿GAS¿MESA,"Agua con gas VICHY CATALAN, botella 1,2 litros",VICHY,18520999,BOTELLA,"1,2",1200,1,L,España,,,"1,79",,"1,49",,,"4,19",,"1,34","1,12",25%," 'distance': 1,3711419105529785",378079,'VICHY CATALAN agua con gas botella 1 L contiene 12 unidades',VICHY CATALAN,,BOTELLA,"1,00",L,1000,12,12000,,,,"14,29","14,00",,"1,19","1,17",,2%,,"-0,05","0,32",22%,-4%,20%,18%,18%
"Tonica SCHWEPPES, lata 33 cl",16035719,2-ALIMENTACION,11-BEBIDAS,10-BEBIDAS REFRESCANTES,9-C/G TONICA,10-C/G TONICA REG PEQUE,"Tonica SCHWEPPES, lata 33 cl",SCHWEPPES,16035719,LATA,"0,33",330,1,L,,,,"0,99","0,74","3,00","2,25",,10,2nd unit-50%,"0,59","1,80",20%," 'distance': 0,621250152587891",129398,Schweppes tónica sleek lata 33cl contiene 24 unidades,SCHWEPPES,,LATA,"0,33",L,330,24,7920,,,,"18,14",,,"2,29",,,,,"-0,49","-0,04",-2%,-27%,24%,28%,21%
CJ RUCULA EROSKI 100G ,11013653,1-FRESCOS,1-FRUTA Y HORTALIZA,8-IV GAMA,51-ENSALADAS VALOR,20-COMPLEMENTOS DE ENSALADA,CJ RUCULA EROSKI 100G ,EROSKI,11013653,BOLSA,"0,1",100,1,KG,,,,"1,65",,"16,50",,,"12,06",,"1,49","14,85",10%," 'distance': 1,01317524909973",27295,"makro Chef Rúcula selvatica bolsa 250g ,",MAKRO CHEF,,BOLSA/BOLSON,"0,25",KG,250,1,250,,,,"3,42",,,"13,68",,,,,"1,17","2,82",17%,8%,17%,17%,18%
Macedonia de verduras EROSKI frasco 400 g,18942748,2-ALIMENTACION,8-SALADO,13-CONSERVAS VEGETALES,23-MACEDONIAS,1-MACEDONIA,Macedonia de verduras EROSKI frasco 400 g,EROSKI,18942748,FRASCO,"0,4",400,1,KG,,,,"1,13",,"2,83",,,"4,23",,,,," 'distance': 3,75923228263855",87393,'makro Chef macedonia verduras frasco 400gne (660 g)',MAKRO CHEF,,FRASCO,"0,66",KG,660,1,660,,,,"1,53",,,"2,32",,,,,"0,51","0,51",18%,18%,18%,18%,18%
"Ginebra LARIOS 12, botella 70 cl",12310058,2-ALIMENTACION,11-BEBIDAS,18-BEBIDAS DE ALTA GRADUACION,3-GINEBRA,3-GINEBRA ESTANDAR,"Ginebra LARIOS 12, botella 70 cl",LARIOS,12310058,BOTELLA,"0,7",700,1,L,España,,,"14,75",,"21,07",,,"0,07",,"12,54","17,91",15%," 'distance': 0,21788761019706726",9783,'LARIOS 12 ginebra botella 70 cl',LARIOS,,BOTELLA,"0,70",L,700,1,700,,,,"13,9",,,"19,86",,,,,"-1,95","1,21",6%,-11%,6%,10%,15%
"Vino Tinto Crianza Rioja VIÑA POMAL, botella 75 cl",12751038,2-ALIMENTACION,11-BEBIDAS,14-VINO D.O.,"9-VINOS D,O, TINTOS","53-VINO TINTO D,O, RIOJA CRIANZA","Vino Tinto Crianza Rioja VIÑA POMAL, botella 75 cl",VIÑA POMAL,12751038,BOTELLA,"0,75",750,1,L,,,,"9,45",,"12,60",,,"0,38",,"8,03","10,71",15%," 'distance': 0,8118165731430054",90348,Viña Pomal vino tinto crianza botella 75cl',VIÑA POMAL,,BOTELLA,"0,75",L,750,1,750,,,,"7,49",,,"9,99",,,,,"0,72","2,61",21%,7%,21%,21%,18%
"Lubina de crianza EROSKI NATUR GGN, pieza aprox, 500 g",9717398,1-FRESCOS,7-PESCADERIA,14-MOSTRADOR PESCADERIA,34-PESCADO CRIANZA,5-LUBINA CRIANZA,"Lubina de crianza EROSKI NATUR GGN, pieza aprox, 500 g","E, NATUR",9717398,PIEZA,"0,5",500,1,KG,,,,"5,35","5,03","10,70","10,06",,,6%,"4,53","9,05",10%," 'distance': 0,801036715507507",844493,"LUBINA 0,3-0,4KG DE CRIA SIN MANIPULAR",MAKRO,,pieza,"0,35",KG,350,1,350,,,,"3,02",,,"8,64",,,,,"0,41","1,42",14%,5%,19%,23%,20%
"Anís CASTELLANA, botella 70 cl",17714395,2-ALIMENTACION,11-BEBIDAS,18-BEBIDAS DE ALTA GRADUACION,1-ANIS,1-ANIS SECO Y DULCE,"Anís CASTELLANA, botella 70 cl",CASTELLANA,17714395,BOTELLA,"0,7",700,1,L,España,,,"9,90","7,92","14,14","11,31",,"0,34",20%,"6,73","9,62",15%," 'distance': 1,290478229522705",148115,La Castellana anís dulce botella 70cl',LA CASTELLANA,,BOTELLA,"0,70",L,700,1,700,,,,"8,05",,,"11,50",,,,,"-1,88","-0,19",-2%,-20%,19%,19%,18%
"Ginebra francesa G'VINE, botella 70 cl",14402788,2-ALIMENTACION,11-BEBIDAS,18-BEBIDAS DE ALTA GRADUACION,3-GINEBRA,10-GINEBRA PREMIUM,"Ginebra francesa G'VINE, botella 70 cl",G'VINE,14402788,BOTELLA,"0,7",700,1,L,Francia,,,"39,1",,"55,86",,,0,,"33,24","47,48",15%," 'distance': 0,8514851331710815",77041,"""G'Vine ginebra botella 70cl""",G'VINE,,BOTELLA,"0,70",L,700,1,700,,,,"33,82",,,"48,31",,,,,"-0,84","7,54",14%,-2%,14%,11%,16%
"Ron CACIQUE, botella 1 litro",9268301,2-ALIMENTACION,11-BEBIDAS,18-BEBIDAS DE ALTA GRADUACION,5-RON,5-RON¿OSCURO¿ESTANDAR,"Ron CACIQUE, botella 1 litro",CACIQUE,9268301,BOTELLA,1,1000,1,L,Venezuela,,,"19,89","18,50","19,89","18,50",,"0,26",7%,"15,72","15,72",15%," 'distance': 2,993433952331543",10346,"CACIQUE ron añejo botella 1L Alc, 37",CACIQUE,,BOTELLA,"1,00",L,1000,1,1000,,,,"16,64",,,"16,64",,,,,"-0,92","1,86",10%,-6%,16%,15%,17%
"Preparado de soja-vainilla ALPRO, pack 4x125 g",20348637,2-ALIMENTACION,5-LACTEOS,4-YOGURES Y POSTRES,1-YOGURES BASICOS,86-BASE NO LACTEA,"Preparado de soja-vainilla ALPRO, pack 4x125 g",ALPRO,20348637,PACK,"0,5",500,1,KG,,,,"2,65",,"5,30",,,"1,07",,,,," 'distance': 2,509918212890625",217297,'alpro postre vainilla 125g contiene 4 unidades (500 g)',ALPRO,,PACK,"0,50",L,500,1,500,,,,"2,19",,,"4,38",,,,,"0,92","0,92",17%,17%,17%,18%,19%
Mayonesa EROSKI bote 430 ml,15993017,2-ALIMENTACION,9-COCINA,3-SALSAS,"3-MAYONESAS, S.FINAS Y S.LIGERAS",7-MAYO.S.FINAS PET MAS 300 ML,Mayonesa EROSKI bote 430 ml,EROSKI,15993017,BOTE,"0,43",430,1,L,,,,"1,23",,"2,86",,,"9,75",,"1,05","2,43",15%," 'distance': 0,597211003303528",139233,aro mayonesa 3600ml,ARO,,CUBO,"3,6",L,3600,1,3600,,,,"7,87",,,"2,19",,,,,"0,25","0,67",24%,10%,24%,24%,20%
Queso rallado Mozzarella para pizza EROSKI bolsa 200 g,24928525,2-ALIMENTACION,5-LACTEOS,10-QUESOS,8-QUESO RALLADO,2-QUESO RALLADO MOZZARELLA,Queso rallado Mozzarella para pizza EROSKI bolsa 200 g,EROSKI,24928525,BOLSA,"0,2",200,1,KG,,,,"1,62",,"8,10",,,"47,42",,"1,22","6,08",25%," 'distance': 3,703989267349243",179661,'aro mozzarella rallada para pizza 2 Kg',ARO,,BOLSA/BOLSON,"2,00",KG,2000,1,2000,,,,"13,19","11,21",,"6,60","5,61",,15%,COMPRA MAS PAGA MENOS,"0,47","2,49",31%,8%,19%,19%,18%
"Refresco de cola light COCA COLA, lata 33 cl",303362,2-ALIMENTACION,11-BEBIDAS,10-BEBIDAS REFRESCANTES,1-C/G COLA,28-C/G COLA ZERO C/CAF PEQUE,"Refresco de cola light COCA COLA, lata 33 cl",COCA COLA,303362,LATA,"0,33",330,1,L,,,,"0,92",,"2,79",,,"4,52",,"0,74","2,23",20%," 'distance': 2,214296817779541",52286,'Coca-Cola light 33cl contiene 24 unidades',COCA-COLA,,LATA,"0,33",L,330,24,7920,,,,"17,97",,,"2,27",,,,,"-0,04","0,52",19%,-2%,19%,20%,19%
"Refresco de cola COCA COLA Zero, lata 33 cl",8797631,2-ALIMENTACION,11-BEBIDAS,10-BEBIDAS REFRESCANTES,1-C/G COLA,28-C/G COLA ZERO C/CAF PEQUE,"Refresco de cola COCA COLA Zero, lata 33 cl",COCA COLA,8797631,LATA,"0,33",330,1,L,,,,"0,92",,"2,79",,,"57,42",,"0,74","2,23",20%," 'distance': 2,0751993656158447",171101,'Coca-Cola zero lata 33cl contiene 24 unidades',COCA-COLA,,LATA,"0,33",L,330,24,7920,,,,"17,73",,,"2,24",,,,,"-0,01","0,55",20%,0%,20%,19%,19%
Tortellini con carne EROSKI bandeja 250 g,19841097,1-FRESCOS,14-SOLUCIONES CULINARIAS,35-DISFRUTA COCINANDO,20-PASTA FRESCA,1-PASTA FRESCA RELLENA,Tortellini con carne EROSKI bandeja 250 g,EROSKI,19841097,BANDEJA,"0,25",250,1,KG,Italia,,,"1,9",,"7,60",,,"2,56",,,,," 'distance': 4,239782810211182",214093,'aro tortelloni carne bandeja 1kg',ARO,,BANDEJA,"1,00",KG,1000,1,1000,,,,"5,82","4,95",,"5,82","4,95",,15%,COMPRA MAS PAGA MENOS,"2,65","2,65",35%,35%,23%,19%,18%
"Ponche CABALLERO, botella 70 cl",14298533,2-ALIMENTACION,11-BEBIDAS,18-BEBIDAS DE ALTA GRADUACION,15-PATXARAN Y PONCHE,3-PONCHE,"Ponche CABALLERO, botella 70 cl",CABALLERO,14298533,BOTELLA,"0,7",700,1,L,,,,"12,75",,"18,21",,,"0,11",,"10,84","15,48",15%," 'distance': 0,36810624599456787",105199,'Caballero ponche botella 70cl',CABALLERO,,BOTELLA,"0,70",L,700,1,700,,,,"10,64",,,"15,20",,,,,"0,28","3,01",17%,2%,17%,19%,18%
"Refresco de naranja FANTA Zero, lata 33 cl",10841377,2-ALIMENTACION,11-BEBIDAS,10-BEBIDAS REFRESCANTES,3-C/G NARANJA,20-C/G NARANJA ZERO,"Refresco de naranja FANTA Zero, lata 33 cl",FANTA,10841377,LATA,"0,33",330,1,L,,,,"0,80",,"2,42",,,"15,88",,"0,64","1,94",20%," 'distance': 1,441725254058838",71309,'Fanta zero naranja lata 33cl contiene 24 unidades',FANTA,,LATA,"0,33",L,330,24,7920,,,,"13,66",,,"1,72",,,,,"0,21","0,70",29%,11%,29%,27%,21%
"Refresco sin azúcar sabor sandía FANTA, lata 33 cl",23499114,2-ALIMENTACION,11-BEBIDAS,10-BEBIDAS REFRESCANTES,7-C/G RESTO,10-C/G RESTO,"Refresco sin azúcar sabor sandía FANTA, lata 33 cl",FANTA,23499114,LATA,"0,33",330,1,L,,,,"0,80",,"2,42",,,"3,03",,"0,64","1,94",20%," 'distance': 3,154599666595459",217006,'Fanta zero bebida gaseosa zero sabor frambuesa lata 33cl contiene 24 unidades',FANTA,,LATA,"0,33",L,330,24,7920,,,,"13,92","13,22",,"1,76","1,67",,5%,COMPRA MAS PAGA MENOS,"0,27","0,75",31%,14%,28%,27%,20%
"Cerveza tostada 0,0 MAHOU, pack botellÍn 6x25 cl",26162347,2-ALIMENTACION,11-BEBIDAS,8-CERVEZAS,"5-CERVEZAS 0,0","1-CERVEZA 0,0 BOTELLA","Cerveza tostada 0,0 MAHOU, pack botellÍn 6x25 cl",MAHOU,26162347,PACK,"1,5",1500,1,L,,,,"4,49",,"2,99",,,"0,91",,"3,37","2,25",25%," 'distance': 3,211979389190674",185249,"Mahou cerveza 0,0 tostada botella de 33 cl contiene 24 unidades",MAHOU,,BOTELLA,"0,33",L,330,24,7920,,,,"20,92",,,"2,64",,,,,"-0,40","0,35",12%,-18%,12%,13%,17%
Champiñon entero extra EROSKI lata 185 g,2723252,2-ALIMENTACION,8-SALADO,13-CONSERVAS VEGETALES,21-CHAMPIÑONES,5-CHAMPIÑON ENTERO,Champiñon entero extra EROSKI lata 185 g,EROSKI,2723252,LATA,"0,185",185,1,KG,,,,"1,49",,"8,05",,,"1,38",,,,," 'distance': 0,323017150163651",121305,METRO Chef champiñon blanco entero lata 420gne,METRO CHEF,,LATA,"0,42",KG,420,1,420,,,,"2,85","2,54",,"6,79","6,04",,11%,COMPRA MAS PAGA MENOS,"2,01","2,01",25%,25%,16%,16%,18%
"Cerveza sin alcohol MAHOU, lata 33 cl",1793942,2-ALIMENTACION,11-BEBIDAS,8-CERVEZAS,"5-CERVEZAS 0,0","3-CERVEZA 0,0 LATA","Cerveza sin alcohol MAHOU, lata 33 cl",MAHOU,1793942,LATA,"0,33",330,1,L,España,,,"0,76",,"2,30",,,"6,92",,"0,57","1,73",25%," 'distance': 1,3444316387176514",821,'Mahou cerveza sin alcohol 330 ml contiene 24 latas',MAHOU,,LATA,"0,33",L,330,24,7920,,,,"15,35","13,82",,"1,94","1,74",,10%,COMPRA MAS PAGA MENOS,"-0,02","0,56",24%,-1%,16%,16%,17%
"Bombones NESTLÉ CAJA ROJA, caja 800 g",26381525,2-ALIMENTACION,10-DULCE,18-BOMBONES,3-BOMBONES REGALO,3-BOMBON REGALO CAJAS Y BANDEJAS,"Bombones NESTLÉ CAJA ROJA, caja 800 g",CAJA ROJA,26381525,CAJA,"0,8",800,1,KG,España,,,"22,95",,"28,69",,,"0,15",,,,," 'distance': 0,7014780640602112",350272,'Nestle Caja Roja bombones caja 800 g',CAJA ROJA,,CAJA/CAJON,"0,80",KG,800,1,800,,,,"20,78",,,"25,98",,,,,"2,71","2,71",9%,9%,9%,9%,15%
"Whisky WILLIAM LAWSONS, botella 70 cl",315622,2-ALIMENTACION,11-BEBIDAS,18-BEBIDAS DE ALTA GRADUACION,13-WHISKY,3-WHISKY¿STANDARD,"Whisky WILLIAM LAWSONS, botella 70 cl",WILLIAM LAWSONS,315622,BOTELLA,"0,7",700,1,L,Reino Unido,,,"10,99","10,00","15,70","14,29",,"0,07",9%,"8,50","12,14",15%," 'distance': 4,315539360046387",534378,"""WILLIAM LAWSON'S whisky escocés botella 70cl Alc, 40% vol,""",WILLIAM LAWSON'S,,BOTELLA,"0,70",L,700,1,700,,,,"9,67",,,"13,81",,,,,"-1,67","0,47",3%,-14%,12%,19%,20%
"Vodka ERISTOFF, botella 1 litro",1078948,2-ALIMENTACION,11-BEBIDAS,18-BEBIDAS DE ALTA GRADUACION,7-VODKA,10-VODKA ESTANDAR,"Vodka ERISTOFF, botella 1 litro",ERISTOFF,1078948,BOTELLA,1,1000,1,L,Portugal,,,"14,59",,"14,59",,,"0,03",,"12,40","12,40",15%," 'distance': 3,2196645736694336",64532,"ERISTOFF vodka botella 1L Alc, 37",ERISTOFF,,BOTELLA,"1,00",L,1000,1,1000,,,,"12,52",,,"12,52",,,,,"-0,12","2,07",14%,-1%,14%,19%,19%
"Vino Tinto Joven Roble D,O, R, del Duero PROTOS, botella 75 cl",10138360,2-ALIMENTACION,11-BEBIDAS,14-VINO D.O.,"9-VINOS D,O, TINTOS","47-V,TINTO D,O,RIBERA DUERO JOVEN","Vino Tinto Joven Roble D,O, R, del Duero PROTOS, botella 75 cl",PROTOS,10138360,BOTELLA,"0,75",750,1,L,,,,"9,50",,"12,67",,,"0,19",,"8,08","10,77",15%," 'distance': 1,758707046508789",525005,'Protos vino tinto roble botella 75cl',PROTOS,,BOTELLA,"0,75",L,750,1,750,,,,"7,68",,,"10,24",,,,,"0,53","2,43",19%,5%,19%,19%,19%
"Vino Blanco Rías Baixas MAR DE FRADES, botella 75 cl",12788618,2-ALIMENTACION,11-BEBIDAS,14-VINO D.O.,"5-VINOS D,O,BLANCOS","62-VINO BLANCO D,O, RIAS BAIXAS","Vino Blanco Rías Baixas MAR DE FRADES, botella 75 cl",MAR DE FRADES,12788618,BOTELLA,"0,75",750,1,L,España,,,"18,99","17,66","25,32","23,55",,"0,53",7%,"15,01","20,02",15%," 'distance': 0,7684823870658875",41254,Mar De Frades vino blanco Rias Denominación de Origen rias baixas botella 75cl',MAR DE FRADES,,BOTELLA,"0,75",L,750,1,750,,,,"16,88","15,70",,"22,51","20,93",,7%,COMPRA MAS PAGA MENOS,"-0,92","2,62",11%,-5%,11%,11%,16%
"Cereales de chocolate con leche KELLOGG`S EXTRA, bolsa 375 g",24856619,2-ALIMENTACION,10-DULCE,22-CEREALES DE DESAYUNO,7-CEREALES,5-CEREAL ADULTO MUESLI-MULTICER,"Cereales de chocolate con leche KELLOGG`S EXTRA, bolsa 375 g",EXTRA,24856619,BOLSA,"0,375",375,1,KG,,,,"5,02",,"13,39",,,"0,26",,,,," 'distance': 3,1154699325561523",925106,"""Kellogg's muesli extra chocolate 1",KELLOGG'S,,BOLSA/BOLSON,"1,50",KG,1500,1,1500,,,,"17,04","15,51",,"11,36","10,34",,9%,COMPRA MAS PAGA MENOS,"3,05","3,05",23%,23%,15%,15%,17%
"Fiambre para sandwich ELPOZO, bandeja 250 g",11703618,1-FRESCOS,4-CHARCUTERIA,20-COCIDOS PORCION,5-COCIDOS CERDO,15-YORK Y PALETA,"Fiambre para sandwich ELPOZO, bandeja 250 g",ELPOZO,11703618,BANDEJA,"0,25",250,1,KG,,,,"2,29",,"9,16",,,2,,"2,18","8,70",5%," 'distance': 0,867495059967041",10376,'Elpozo fiambre sandwich loncheado 250 g',ELPOZO,,BANDEJA,"0,25",KG,250,1,250,,,,"1,82","1,66",,"7,28","6,62",,9%,COMPRA MAS PAGA MENOS,"2,08","2,54",28%,24%,21%,9%,16%
"Vermouth Rojo CINZANO, botella 1 litro",137950,2-ALIMENTACION,11-BEBIDAS,18-BEBIDAS DE ALTA GRADUACION,25-VERMOUTH,1-VERMOUTH ROJO,"Vermouth Rojo CINZANO, botella 1 litro",CINZANO,137950,BOTELLA,1,1000,1,L,,,,"7,99",,"7,99",,,"1,03",,"6,79","6,79",15%," 'distance': 0,421773076057434",60216,CINZANO vermut rojo botella 1L,CINZANO,,BOTELLA,1,L,1000,1,1000,,,,"6,64",,,"6,64",,,,,"0,15","1,35",17%,2%,17%,17%,19%
"Patata Roja, al peso, compra mínima 1 kg",26220798,1-FRESCOS,1-FRUTA Y HORTALIZA,20-COMPLEMENTOS BASICOS,15-PATATAS,20-PATATAS ESPECIALIDADES,"Patata Roja, al peso, compra mínima 1 kg",EROSKI,26220798,GRANEL,1,1000,1,KG,,,,"1,65",,"1,65",,,"2,89",,"1,32","1,32",20%," 'distance': 2,429976463317871",55693,METRO Chef Patata lavada roja Calibre 55/80 bolsa 5kg,METRO CHEF,,MALLA,5,KG,5000,1,5000,,,,"6,65",,,"1,33",,,,,"-0,01","0,32",19%,-1%,19%,19%,19%
Cardo troceado EROSKI frasco 400 g,17625138,2-ALIMENTACION,8-SALADO,13-CONSERVAS VEGETALES,25-VERDURAS Y VEGETALES VARIOS,13-CARDO,Cardo troceado EROSKI frasco 400 g,EROSKI,17625138,FRASCO,"0,4",400,1,KG,,,,"1,70",,"4,25",,,"3,61",,,,," 'distance': 0,266581922769547",87294,makro Chef cardo frasco 360gne (660 g),MAKRO CHEF,,FRASCO,"0,66",KG,660,1,660,,,,"2,26",,,"3,42",,,,,"0,83","0,83",19%,19%,19%,19%,19%
"Queso Feta porción DOP DODONI, bloque 150 g",25559303,2-ALIMENTACION,5-LACTEOS,10-QUESOS,1-QUESO FRESCOS,"4-Q, FRESCO FETA Y ENSALADAS","Queso Feta porción DOP DODONI, bloque 150 g",DODONI,25559303,BLOQUE,"0,15",150,1,KG,,,,"3,79",,"25,27",,,"3,11",,"2,84","18,95",25%," 'distance': 2,037285566329956",212505,'Dodoni queso feta 150 g',DODONI,,UNIDAD,"0,15",KG,150,1,150,,,,"2,86",,,"19,07",,,,,"-0,12","6,20",25%,-1%,25%,25%,21%
"Crema de orujo EL AFILADOR, botella 70 cl",8927980,2-ALIMENTACION,11-BEBIDAS,18-BEBIDAS DE ALTA GRADUACION,28-CREMAS,5-CREMAS BASE ORUJO,"Crema de orujo EL AFILADOR, botella 70 cl",EL AFILADOR,8927980,BOTELLA,"0,7",700,1,L,España,,,"11,20",,"16,00",,,"0,23",,"9,52","13,60",15%," 'distance': 1,408435344696045",8859,'El Afilador licor crema botella 70cl',EL AFILADOR,,BOTELLA,"0,70",L,700,1,700,,,,"9,50",,,"13,57",,,,,"0,03","2,43",15%,0%,15%,15%,17%
Tallarines EROSKI paquete 500 g,367409,2-ALIMENTACION,9-COCINA,13-PASTAS,3-PASTA CLÁSICA,4-PASTA LARGA RESTO,Tallarines EROSKI paquete 500 g,EROSKI,367409,PAQUETE,"0,5",500,1,KG,,,,"0,80",,"1,60",,,"5,91",,"0,68","1,36",15%," 'distance': 4,7990241050720215",212779,'aro tallarines paquete 5kg',ARO,,PAQUETE,"5,00",KG,5000,1,5000,,,,"5,93",,,"1,19",,,,,"0,17","0,41",26%,13%,26%,23%,20%
Almendra cruda con piel EROSKI tarrina 185 g,23486657,1-FRESCOS,1-FRUTA Y HORTALIZA,25-GRANELES,10-FRUTOS SECOS GRANEL,20-ALMENDRAS,Almendra cruda con piel EROSKI tarrina 185 g,EROSKI,23486657,BOLSA,"0,185",185,1,KG,,,,"2,99",,"16,16",,,"0,88",,,,," 'distance': 2,3630006313323975",151731,METRO Chef Almendra cruda con piel bolsa 1kg,METRO CHEF,,BOLSA/BOLSON,"1,00",KG,1000,1,1000,,,,"12,99",,,"12,99",,,,,"3,17","3,17",20%,20%,20%,25%,20%
"Puerro, bandeja 500 g",53520,1-FRESCOS,1-FRUTA Y HORTALIZA,2-HORTALIZA,72-PUERROS,5-PUERROS,"Puerro, bandeja 500 g",EROSKI,53520,BANDEJA,"0,5",500,1,KG,,,,"2,99",,"5,98",,,"17,46",,"2,54","5,08",15%," 'distance': 2,878290891647339",178594,METRO Chef Puerro limpio bandeja,MAKRO CHEF,,BANDEJA,"1,00",KG,1000,1,1000,,,,"4,57",,,"4,57",,,,,"0,51","1,41",24%,10%,24%,18%,19%
"Totopos sal MEXIFOODS, bolsa 300 g",18420778,2-ALIMENTACION,8-SALADO,39-COMIDAS DEL MUNDO,5-COMIDA AMERICA,5-MEXICANA APERITIVOS,"Totopos sal MEXIFOODS, bolsa 300 g",MEXIFOODS,18420778,BOLSA,"0,3",300,1,KG,,,,"2,79",,"9,30",,,"1,34",,"2,23","7,44",20%," 'distance': 2,949917793273926",125307,'Mexifoods nachos totopo 300g',MEXIFOODS,,BOLSA/BOLSON,"0,30",L,300,1,300,,,,"2,48",,,"8,27",,,,,"-0,83","1,03",11%,-11%,11%,11%,16%
"Vodka SKY, botella 70 cl",25637828,2-ALIMENTACION,11-BEBIDAS,18-BEBIDAS DE ALTA GRADUACION,7-VODKA,10-VODKA ESTANDAR,"Vodka SKY, botella 70 cl",SKY,25637828,BOTELLA,"0,7",700,1,L,,,,"17,99",,"25,70",,,"0,42",,"15,29","21,85",15%," 'distance': 2,996626615524292",213476,"SKYY vodka botella 70 cl Alc, 40% vol,'",SKYY,,BOTELLA,"0,70",L,700,1,700,,,,"15,23",,,"21,76",,,,,"0,09","3,94",15%,0%,15%,15%,18%
"Cuchara de mesa Hotel, inox 18/0 JAY, 3 uds",16107872,4-BAZAR,20-MENAJE,1-SERVICIO DE MESA,7-CUBIERTOS,"1-DESPIECE DE CUBIERTOS EN INOX,","Cuchara de mesa Hotel, inox 18/0 JAY, 3 uds",JAY,16107872,INOX,3,3000,3,UDS,,,,"3,15",,"1,05",,,"1,42",,,,," 'distance': 3,6660757064819336",502294,'Jay cuchara mesa hotel 18% contiene 6 unidades',JAY,,UNIDAD,"0,05",UDS,51,6,306,,,,"5,63","4,79",,"0,94","0,80",,15%,COMPRA MAS PAGA MENOS,"0,25","0,25",24%,24%,11%,11%,17%
"Ginebra Rose LARIOS, botella 70 cl",18350751,2-ALIMENTACION,11-BEBIDAS,18-BEBIDAS DE ALTA GRADUACION,3-GINEBRA,20-GINEBRA SABORES,"Ginebra Rose LARIOS, botella 70 cl",LARIOS,18350751,BOTELLA,"0,7",700,1,L,España,,,"14,75",,"21,07",,,"0,23",,"12,54","17,91",15%," 'distance': 0,9176228642463684",152026,Larios Rosé ginebra rojo botella 70cl',LARIOS ROSÉ,,BOTELLA,"0,70",L,700,1,700,,,,"13,9",,,"19,86",,,,,"-1,95","1,21",6%,-11%,6%,15%,18%
"Bitter sin alcohol KAS ZERO, pack 6x20 cl",24959041,2-ALIMENTACION,11-BEBIDAS,10-BEBIDAS REFRESCANTES,11-C/G BITTER Y ADULTO,1-C/G BITTER,"Bitter sin alcohol KAS ZERO, pack 6x20 cl",KAS,24959041,PACK,"1,2",1200,1,L,,,,"5,99",,"4,99",,,"0,61",,"4,79","3,99",20%," 'distance': 5,549660682678223",734474,'KAS bitter botella 20cl contiene 24 unidades',KAS,,BOTELLA,"0,20",L,200,24,4800,,,,"18,86","17,73",,"3,93","3,69",,6%,COMPRA MAS PAGA MENOS,"0,30","1,30",26%,8%,21%,17%,19%
"Vino Blanco Dulce D,O, Valencia EL NOVIO PERFECTO, botella 75 cl",17155078,2-ALIMENTACION,11-BEBIDAS,14-VINO D.O.,"9-VINOS D,O, TINTOS",83-VINO¿TINTO¿OTRAS¿ZONAS¿,"Vino Blanco Dulce D,O, Valencia EL NOVIO PERFECTO, botella 75 cl",EL NOVIO PERFECTO,17155078,BOTELLA,"0,75",750,1,L,,,,"8,59",,"11,45",,,"0,11",,"7,30","9,74",15%," 'distance': 0,7865245342254639",138949,'El Novio Perfecto vino blanco botella 75cl',EL NOVIO PERFECTO,,BOTELLA,"0,75",L,750,1,750,,,,"7,20","6,12",,"9,60","8,16",,15%,COMPRA MAS PAGA MENOS,"1,58","3,29",29%,16%,16%,16%,18%
"Ron Reserva 15 años MATUSALEM, botella 70 cl",14544357,2-ALIMENTACION,11-BEBIDAS,18-BEBIDAS DE ALTA GRADUACION,5-RON,7-RON¿OSCURO PREMIUM,"Ron Reserva 15 años MATUSALEM, botella 70 cl",MATUSALEM,14544357,BOTELLA,"0,7",700,1,L,,,,"42,30",,"60,43",,,0,,"35,96","51,36",15%," 'distance': 3,211979389190674",39361,"Matusalem ron 15 años botella 70cl Alc, 38% vol,",MATUSALEM,,BOTELLA,"0,7",L,700,1,700,,,,"33,87",,,"48,39",,,,,"2,97","12,04",20%,6%,20%,20%,20%
"Sidra extra sin alcohol EL GAITERO, botella 70 cl",16423717,2-ALIMENTACION,11-BEBIDAS,16-ESPUMOSOS,5-SIDRAS,10-OTRAS SIDRAS ACHAMPANADAS,"Sidra extra sin alcohol EL GAITERO, botella 70 cl",EL GAITERO,16423717,BOTELLA,"0,7",700,1,L,,,,"2,95",,"4,21",,,"0,57",,"2,36","3,37",20%," 'distance': 1,3167506456375122",127007,'El Gaitero sidra sin alcohol botella 75cl',EL GAITERO,,BOTELLA,"0,75",L,750,1,750,,,,"2,65",,,"3,53",,,,,"-0,16","0,68",16%,-5%,16%,16%,18%
"Cerveza CRUZCAMPO, lata 33 cl",158253,2-ALIMENTACION,11-BEBIDAS,8-CERVEZAS,1-CERVEZAS LAGER,5-CERVEZAS LAGER LATA,"Cerveza CRUZCAMPO, lata 33 cl",CRUZCAMPO,158253,LATA,"0,33",330,1,L,España,,,"0,77",,"2,33",,,"0,38",,"0,58","1,75",25%," 'distance': 1,110182523727417",653796,'Cruzcampo cerveza 33cl contiene 24 latas',CRUZCAMPO,,LATA,"0,33",L,330,24,7920,,,,"12,52",,,"1,58",,,,,"0,17","0,75",32%,10%,32%,45%,28%
"Cava Brut Gran BACH, botella 75 cl",4852976,2-ALIMENTACION,11-BEBIDAS,16-ESPUMOSOS,3-CAVAS,3-CAVAS BRUT,"Cava Brut Gran BACH, botella 75 cl",BACH,4852976,BOTELLA,"0,75",750,1,L,,,,"7,95","5,17","10,60","6,89",,"0,03",2nd unit-70%,"4,13","5,51",20%," 'distance': 0,4641111493110657",6821,'Bach cava gran brut botella 75cl',BACH,,BOTELLA,"0,75",L,750,1,750,,,,"6,35",,,"8,47",,,,,"-2,95","-1,58",-23%,-54%,20%,20%,19%
"Vino Blanco D,O, Cataluña TORRES VIÑA SOL, botella 75 cl",308031,2-ALIMENTACION,11-BEBIDAS,14-VINO D.O.,"5-VINOS D,O,BLANCOS","23-VINO BLANCO D,O, CATALUNYA","Vino Blanco D,O, Cataluña TORRES VIÑA SOL, botella 75 cl",VIÑA SOL,308031,BOTELLA,"0,75",750,1,L,,,,"5,90","5,02","7,87","6,69",,0,15%,"4,26","5,68",15%," 'distance': 1,2658939361572266",891709,Viña Sol vino blanco Penedés botella 75cl',VIÑA SOL,,BOTELLA,"0,75",L,750,1,750,,,,"4,83",,,"6,44",,,,,"-0,76","0,25",4%,-13%,18%,18%,19%
"Aceite de oliva virgen extra COOSUR, botella 250 ml",18121848,2-ALIMENTACION,9-COCINA,1-ACEITE,3-ACEITE OLIVA VIRGEN,6-ESPECIALES PEQUEÑOS Y SPRAYS,"Aceite de oliva virgen extra COOSUR, botella 250 ml",COOSUR,18121848,BOTELLA,"0,25",250,1,L,,,,"2,49",,"9,96",,,"2,3",,"2,37","9,46",5%," 'distance': 0,5986438393592834",219242,'Coosur aceite de oliva virgen extra 500 ml',COOSUR,,BOTELLA,"0,50",L,500,1,500,,,,"4,11",,,"8,22",,,,,"1,24","1,74",17%,13%,17%,31%,23%
"Aperitivo sin alcohol Vibrante MARTINI, botella 75 cl",23531999,2-ALIMENTACION,11-BEBIDAS,18-BEBIDAS DE ALTA GRADUACION,19-LICORES S/ALCOHOL,1-LICOR SIN ALCOHOL,"Aperitivo sin alcohol Vibrante MARTINI, botella 75 cl",MARTINI,23531999,BOTELLA,"0,75",750,1,L,Italia,,,"11,55","9,01","15,40","12,01",,"0,03",22%,"7,66","10,21",15%," 'distance': 2,367443799972534",202448,'MARTINI VIBRANTE sin alcohol botella 75 cl',MARTINI,,BOTELLA,"0,75",L,750,1,750,,,,"10,35",,,"13,80",,,,,"-3,59","-1,79",-15%,-35%,10%,20%,20%
"Ginebra GORDON`S, botella 70 cl",916460,2-ALIMENTACION,11-BEBIDAS,18-BEBIDAS DE ALTA GRADUACION,3-GINEBRA,3-GINEBRA ESTANDAR,"Ginebra GORDON`S, botella 70 cl",GORDON'S,916460,BOTELLA,"0,7",700,1,L,Reino Unido,,,"13,20",,"18,86",,,"0,19",,"11,22","16,03",15%," 'distance': 1,046797513961792",42265,"""GORDON'S ginebra botella 1L""",GORDON'S,,BOTELLA,"1,00",L,1000,1,1000,,,,"15,19",,,"14,75",,,,,"1,28","4,11",22%,8%,22%,22%,21%
"Aceite de oliva virgen extra HOJIBLANCA, garrafa 5 litros",984034,2-ALIMENTACION,9-COCINA,1-ACEITE,3-ACEITE OLIVA VIRGEN,5-ACEITE VIRGEN FORMATOS GRANDES,"Aceite de oliva virgen extra HOJIBLANCA, garrafa 5 litros",HOJIBLANCA,984034,GARRAFA,5,5000,1,L,,,,"34,69",,"6,94",,,"0,19",,"32,96","6,59",5%," 'distance': 3,5694408416748047",132028,Hojiblanca aceite oliva virgen extra bidón 5l',HOJIBLANCA,,BIDON,"5,00",L,5000,1,5000,,,,"29,63",,,"5,93",,,,,"0,67","1,01",15%,10%,15%,13%,16%
"Aceite de oliva virgen extra CARBONELL, botella 1 litro",6984447,2-ALIMENTACION,9-COCINA,1-ACEITE,3-ACEITE OLIVA VIRGEN,"15-ACEITE V, EXTRA FORMATO PET","Aceite de oliva virgen extra CARBONELL, botella 1 litro",CARBONELL,6984447,BOTELLA,1,1000,1,L,,,,"7,69","5,00","7,69","5,00",,"31,46",2nd unit-70%,"4,75","4,75",5%," 'distance': 3,211979389190674",8063,"Carbonell Profesional, Aceite de Oliva Virgen Extra",CARBONELL,,BIDON,5,L,5000,1,5000,,,,"28,55",,,"5,71",,,,,"-0,96","-0,71",-14%,-20%,26%,28%,23%
"Pan con masa madre RUSTIK BAKERY, paquete 400 g",19399542,2-ALIMENTACION,10-DULCE,26-PAN DE MOLDE,15-PAN ESPECIALIDADES,10-PAN RUSTICO Y ARTESANO,"Pan con masa madre RUSTIK BAKERY, paquete 400 g",RUSTIK BAKERY,19399542,PAQUETE,"0,4",400,1,KG,,,,"2,89",,"7,23",,,"7,63",,"2,75","6,86",5%," 'distance': 3,3277530670166016",157194,'Rustik pan hogaza masa madre 450g',RUSTIK,,BOLSA/BOLSON,"0,45",KG,450,1,450,,,,"2,44",,,"5,42",,,,,"1,44","1,80",25%,21%,25%,21%,20%
"Pacharán IGP Navarra BASARANA Etiqueta Negra, botella 1 litro",317255,2-ALIMENTACION,11-BEBIDAS,18-BEBIDAS DE ALTA GRADUACION,15-PATXARAN Y PONCHE,"2-PATXARAN CON I,G,P,","Pacharán IGP Navarra BASARANA Etiqueta Negra, botella 1 litro",BASARANA,317255,BOTELLA,1,1000,1,L,,,,"14,16",,"14,16",,,"0,8",,"12,04","12,04",15%," 'distance': 1,254056692123413",35223,'Basarana pacharan etiqueta negra botella 1L',BASARANA,,BOTELLA,"1,00",L,1000,1,1000,,,,"12,28",,,"12,09",,,,,"-0,05","2,07",15%,0%,15%,23%,21%
"Vermut Blanco PETRONI, botella 75 cl",26188573,2-ALIMENTACION,11-BEBIDAS,18-BEBIDAS DE ALTA GRADUACION,25-VERMOUTH,3-VERMOUTH BLANCO,"Vermut Blanco PETRONI, botella 75 cl","ST, PETRONI",26188573,BOTELLA,"0,75",750,1,L,España,,,"12,79",,"17,05",,,"0,19",,"10,87","14,50",15%," 'distance': 1,0369365215301514",196701,"St,Petroni vermut blanco botella 1L'",PETRONI,,BOTELLA,"1,00",L,1000,1,1000,,,,"13,18",,,"13,18",,,,,"1,32","3,87",23%,9%,23%,21%,21%
Sirope de caramelo EROSKI bote 300 g,24615304,2-ALIMENTACION,9-COCINA,21-REPOSTERIA,7-INGREDIENTES Y AYUDAS,3-CARAMELOS Y SIROPES,Sirope de caramelo EROSKI bote 300 g,EROSKI,24615304,BOTE,"0,3",300,1,KG,,,,"1,75",,"5,83",,,"0,23",,,,," 'distance': 0,5075972080230713",157714,rioba sirope caramelo botella jarabe de azucar agua aromatizacion aromatizacion caramelo natural color amoniaco caramelo sulfitado,RIOBA,,BOTELLA,"0,7",KG,700,1,700,,,,"3,58","3,26",,"4,64","4,22",,9%,COMPRA MAS PAGA MENOS,"1,61","1,61",28%,28%,20%,20%,20%
"Ron Elixir de Cuba LEGENDARIO, botella 70 cl",5873104,2-ALIMENTACION,11-BEBIDAS,18-BEBIDAS DE ALTA GRADUACION,5-RON,5-RON¿OSCURO¿ESTANDAR,"Ron Elixir de Cuba LEGENDARIO, botella 70 cl",LEGENDARIO,5873104,BOTELLA,"0,7",700,1,L,Cuba,,,"19,05",,"27,21",,,"0,3",,"16,19","23,13",15%," 'distance': 2,685819149017334",390676,"Legendario ron 7 años botella 70cl Alc, 34% vol,'",LEGENDARIO,,BOTELLA,"0,70",L,700,1,700,,,,"13,61",,,"19,44",,,,,"3,69","7,77",29%,16%,29%,28%,22%
"Copa de chocolate-nata DANONE, pack 2x110 g",7105117,2-ALIMENTACION,5-LACTEOS,4-YOGURES Y POSTRES,6-POSTRES ESPECIALES,82-COPAS CON NATA,"Copa de chocolate-nata DANONE, pack 2x110 g",DE POSTRE,7105117,PACK,"0,22",220,1,KG,,,,"1,99",,"9,05",,,"5,61",,,,," 'distance': 2,0087406635284424",466739,'DANONe la copa chocolate-nata 110 g contiene 2 unidades',DANONE,,PACK,"0,11",KG,110,2,220,,,,"1,38",,,"6,27",,,,,"2,77","2,77",31%,31%,31%,36%,26%
"Vino Tinto Crianza D,O,C, Rioja SOLAGUEN, botella 75 cl",5900154,2-ALIMENTACION,11-BEBIDAS,14-VINO D.O.,"9-VINOS D,O, TINTOS","53-VINO TINTO D,O, RIOJA CRIANZA","Vino Tinto Crianza D,O,C, Rioja SOLAGUEN, botella 75 cl",SOLAGUEN,5900154,BOTELLA,"0,75",750,1,L,España,,,"7,35",,"9,80",,,"2,19",,"6,25","8,33",15%," 'distance': 0,4924549460411072",602264,'Solaguen vino tinto crianza Rioja botella 75cl',SOLAGUEN,,BOTELLA,"0,75",L,750,1,750,,,,"5,55",,,"7,40",,,,,"0,93","2,40",24%,11%,24%,24%,21%
"Lasagna sin gluten SCHARD, bandeja 300 g",16281834,2-ALIMENTACION,10-DULCE,39-REFRIGERADO Y CONGEL S/GLUTEN,10-PRODUCTOS CONGELADOS S/G,20-PLATOS PREPARADOS CONGELADOS,"Lasagna sin gluten SCHARD, bandeja 300 g",SCHAR,16281834,BANDEJA,"0,3",300,1,KG,,,,"4,59",,"15,30",,,"0,5",,,,," 'distance': 3,140455484390259",165124,Schar lasagna de carne sin gluten 300g',SCHAR,,BANDEJA,"0,30",KG,300,1,300,,,,"3,73","3,36",,"12,43","11,19",,10%,COMPRA MAS PAGA MENOS,"4,11","4,11",27%,27%,19%,17%,19%
"Pistachos tostados con sal, bolsa 200 g",22307896,1-FRESCOS,1-FRUTA Y HORTALIZA,25-GRANELES,10-FRUTOS SECOS GRANEL,15-PISTACHOS,"Pistachos tostados con sal, bolsa 200 g",EROSKI,22307896,BOLSA,"0,2",200,1,KG,,,,"4,49",,"22,45",,,"1,15",,,,," 'distance': 3,9130911827087402",78627,'makro Chef pistachos tostados bolsa 500 g',MAKRO CHEF,,BOLSA/BOLSON,"0,50",KG,500,1,500,,,,"8,97",,,"17,94",,,,,"4,51","4,51",20%,20%,20%,30%,23%
Yema de esparrago grueso EROSKI frasco 110 g,5965850,2-ALIMENTACION,8-SALADO,12-ESPARRAGOS,11-YEMAS Y TALLOS DE ESPARRAGOS,1-YEMAS DE ESPARRAGOS,Yema de esparrago grueso EROSKI frasco 110 g,EROSKI,5965850,FRASCO,"0,11",110,1,KG,,,,"1,89",,"17,18",,,,,,,," 'distance': 0,784006297588348",4735,ALESVES Carretilla esparrago yema blanco lata 135gne contiene 4 unidades (205 g),ALESVES,,LATA,"0,205",KG,205,4,820,,,,"11,17",,,"13,62",,,,,"3,56","3,56",21%,21%,21%,21%,21%
"Aguardiente de hierbas RUAVIEJA, botella 70 cl",138909,2-ALIMENTACION,11-BEBIDAS,18-BEBIDAS DE ALTA GRADUACION,9-AGUARDIENTES Y ORUJOS,1-AGUARDIENTES¿Y¿ORUJOS HIERBAS,"Aguardiente de hierbas RUAVIEJA, botella 70 cl",RUAVIEJA,138909,BOTELLA,"0,7",700,1,L,España,,,"10,55","9,28","15,07","13,26",,"0,38",12%,"7,89","11,27",15%," 'distance': 1,1916205883026123",495469,'Ruavieja licor hierbas botella 70cl',RUAVIEJA,,BOTELLA,"0,70",L,700,1,700,,,,"8,17",,,"11,67",,,,,"-0,40","1,59",12%,-4%,23%,19%,20%
"Aceite de oliva 0,4º CARBONELL, botella 1 litro",379271,2-ALIMENTACION,9-COCINA,1-ACEITE,1-ACEITES OLIVA,"1-ACEITE DE OLIVA 0,4 1L","Aceite de oliva 0,4º CARBONELL, botella 1 litro",CARBONELL,379271,BOTELLA,1,1000,1,L,,,,"6,99",,"6,99",,,"17,76",,"6,64","6,64",5%," 'distance': 1,0649311542510986",190028,"Carbonell aceite de oliva 0,4º 1l",CARBONELL,,BOTELLA,"1,00",L,1000,1,1000,,,,"5,04",,,"7,12",,,,,"-0,48","-0,13",-2%,-7%,-2%,-2%,14%
Pimentón picante EROSKI frasco 47 g,238071,2-ALIMENTACION,9-COCINA,35-ESPECIAS,5-ESPECIAS,6-PIMENTON PICANTE,Pimentón picante EROSKI frasco 47 g,EROSKI,238071,FRASCO,"0,047",47,1,KG,,,,"1,06",,"22,55",,,,,,,," 'distance': 0,8524624109268188",212571,METRO Premium pimenton picante dop 800 g,METRO PREMIUM,,PAQUETE,"0,8",KG,800,1,800,,,,"14,29",,,"17,86",,,,,"4,69","4,69",21%,21%,21%,21%,21%
"Bayeta suave 30% microfibras VILEDA, pack 2+1 ud",13272927,2-ALIMENTACION,12-DROGUERIA,59-UTILES DE LIMPIEZA,7-BAYETAS,5-BAYETA¿MULTIUSOS SINTÉTICA,"Bayeta suave 30% microfibras VILEDA, pack 2+1 ud",VILEDA,13272927,PACK,3,3000,3,UDS,,,,"2,85","2,14","0,95","0,71",,"2,76",2nd unit-50%,,,," 'distance': 0,728377640247345",170621,vileda Bayeta microfibra color 16 unidades,VILEDA,,BLISTER,"0,34",UDS,340,16,5440,,,,"13,3",,,"0,83",,,,,"-0,12","-0,12",-17%,-17%,13%,24%,22%
"Tequila PATRON SILVER, botella 70 cl",26333500,2-ALIMENTACION,11-BEBIDAS,18-BEBIDAS DE ALTA GRADUACION,8-TEQUILA,5-TEQUILA BLANCO,"Tequila PATRON SILVER, botella 70 cl",PATRON,26333500,BOTELLA,"0,7",700,1,L,México,,,"69,19",,"98,84",,,0,,"58,81","84,02",15%," 'distance': 2,6855125427246094",218398,"PATRÓN reposado tequila botella 70 cl Alc, 40% vol,'",PATRÓN,,BOTELLA,"0,70",L,700,1,700,,,,"55,53",,,"79,33",,,,,"4,69","19,51",20%,6%,20%,28%,22%
"Limpia cristales CRISTASOL, botella 1,25L",17797895,2-ALIMENTACION,12-DROGUERIA,50-LIMPIADORES,21-ZONAS ESPECIFICAS,2-CRISTALES,"Limpia cristales CRISTASOL, botella 1,25L",CRISTASOL,17797895,BOTELLA,"1,25",1250,1,L,,,,"2,99",,"2,39",,,"0,92",,"2,84","2,27",5%," 'distance': 1,2391639947891235",155384,'Cristasol Limpiacristales cristalino 5L',CRISTASOL,,BOTELLA,"5,00",L,5000,1,5000,,,,"9,67",,,"1,93",,,,,"0,34","0,46",19%,15%,19%,19%,22%
"Vino Tinto Crianza D,O, Rioja VIÑA REAL, botella 75 cl",318287,2-ALIMENTACION,11-BEBIDAS,14-VINO D.O.,"9-VINOS D,O, TINTOS","53-VINO TINTO D,O, RIOJA CRIANZA","Vino Tinto Crianza D,O, Rioja VIÑA REAL, botella 75 cl",VIÑA REAL,318287,BOTELLA,"0,75",750,1,L,España,,,"8,80",,"11,73",,,"0,26",,"7,48","9,97",15%," 'distance': 0,2970881462097168",64857,Viña Real vino tinto crianza Rioja botella 75cl',VIÑA REAL,,BOTELLA,"0,75",L,750,1,750,,,,"7,13","6,42",,"9,51","8,56",,10%,COMPRA MAS PAGA MENOS,"1,42","3,18",27%,14%,19%,22%,21%
"Nata ASTURIANA, spray 250 ml",818146,2-ALIMENTACION,5-LACTEOS,12-NATAS-CREMAS,2-NATA MONTAR,18-NATA SPRAY,"Nata ASTURIANA, spray 250 ml",ASTURIANA,818146,SPRAY,"0,25",250,1,L,España,,,"2,75",,"11,00",,,"0,8",,"2,06","8,25",25%," 'distance': 2,5770702362060547",31524,'Asturiana nata spray 28% materia grasa 500 ml',ASTURIANA,,BOTELLA,"0,50",L,500,1,500,,,,"4,17","3,75",,"8,34","7,51",,10%,COMPRA MAS PAGA MENOS,"0,74","3,49",32%,9%,24%,24%,22%
Salsa ligera EROSKI bote 430 ml,23475064,2-ALIMENTACION,9-COCINA,3-SALSAS,"3-MAYONESAS, S.FINAS Y S.LIGERAS",12-SALSAS LIGERAS PET,Salsa ligera EROSKI bote 430 ml,EROSKI,23475064,BOTE,"0,43",430,1,L,,,,"1,23",,"2,86",,,"2,8",,"1,05","2,43",15%," 'distance': 0,708765387535095",914251,makro Chef salsa fina cubo 5l,MAKRO CHEF,,CUBO,5,L,5000,1,5000,,,,"12,86",,,"2,57",,,,,"-0,14","0,29",10%,-6%,10%,10%,17%
"Palo para fregona universal VILEDA, pack 1 ud",647263,2-ALIMENTACION,12-DROGUERIA,59-UTILES DE LIMPIEZA,16-PALOS,3-PALOS 140CM,"Palo para fregona universal VILEDA, pack 1 ud",VILEDA,647263,PACK,1,1000,1,UDS,,,,"5,29",,"5,29",,,"1,3",,,,," 'distance': 3,211979389190674",117959,vileda palo universal,VILEDA,,BOLSA/BOLSON,"0,308",UDS,308,1,308,,,,"4,17",,,"4,17",,,,,"1,12","1,12",21%,21%,21%,21%,21%
"Vino Tinto Crianza R. del Duero PROTOS, botella 75 cl",10140457,2-ALIMENTACION,11-BEBIDAS,14-VINO D.O.,9-VINOS D.O. TINTOS,48-V.TTO.D.O.RIBERA DUERO CRIANZA,"Vino Tinto Crianza R. del Duero PROTOS, botella 75 cl",PROTOS,10140457,BOTELLA,"0,75",750,1,L,,,,"21,39",,"28,52",,,"0,11",,"18,18","24,24",15%," 'distance': 0,240641131997108",525980,Protos vino tinto crianza Ribera botella 75cl,PROTOS,,BOTELLA,"0,75",L,750,1,750,,,,"15,67","14,89",,"20,89","19,85",,5%,COMPRA MAS PAGA MENOS,"4,39","8,67",30%,18%,27%,17%,20%
"Licor PLATA O PLOMO, botella 70 cl",25559014,2-ALIMENTACION,11-BEBIDAS,18-BEBIDAS DE ALTA GRADUACION,17-LICORES CON ALCOHOL,15-LICOR BASE WHISKY,"Licor PLATA O PLOMO, botella 70 cl",PLATA O PLOMO,25559014,BOTELLA,"0,7",700,1,L,,,,"14,25",,"20,36",,,"0,8",,"12,11","17,30",15%," 'distance': 0,7369806170463562",208158,'Plata O Plomo Licor artesanal botella 70 cl',PLATA O PLOMO,,BOTELLA,"0,70",L,700,1,700,,,,"11,19",,,"15,99",,,,,"1,32","4,37",21%,8%,21%,21%,21%
"Cuajada ROYAL, 16 raciones, caja 48 g",356154,2-ALIMENTACION,9-COCINA,21-REPOSTERIA,5-RECETAS TRADICIONALES,4-CUAJADAS,"Cuajada ROYAL, 16 raciones, caja 48 g",ROYAL,356154,CAJA,"0,048",48,1,KG,España,,,"1,45",,"30,21",,,"1,23",,,,," 'distance': 3,021448850631714",110287,Royal cuajada láctea sobre 24 g contiene 36 unidades (total 864 g)\xa0',ROYAL,,CAJA/CAJON,"0,86",KG,864,1,864,,,,"25,36",,,"29,35",,,,,"0,86","0,86",3%,3%,3%,3%,14%
"Salmón ahumado MARTIKO, sobre 200 g",13870662,1-FRESCOS,7-PESCADERIA,12-ESPECIALIDADES,25-AHUMADOS,5-SALMON LONCHAS,"Salmón ahumado MARTIKO, sobre 200 g",MARTIKO,13870662,SOBRE,"0,2",200,1,KG,,,,"13,95",,"69,75",,,"1,96",,"10,46","52,31",25%," 'distance': 1,7278170585632324",185534,Martiko salmón ahumado noruego 250 g contiene 2 unidades (total 500 g)',MARTIKO,,UNIDAD,"0,50",KG,500,1,500,,,,"28,48",,,"56,96",,,,,"-4,65","12,79",18%,-9%,18%,18%,20%
"Ginebra Strawberry PUERTO DE INDIAS, botella 70 cl",17365370,2-ALIMENTACION,11-BEBIDAS,18-BEBIDAS DE ALTA GRADUACION,3-GINEBRA,20-GINEBRA SABORES,"Ginebra Strawberry PUERTO DE INDIAS, botella 70 cl",PUERTO DE INDIAS,17365370,BOTELLA,"0,7",700,1,L,España,,,"15,95",,"22,79",,,"0,03",,"13,56","19,37",15%," 'distance': 1,2381172180175781",141411,"Puerto DE Indias ginebra strawberry botella 70 cl Alc, 35",PUERTO DE INDIAS,,BOTELLA,"0,70",L,700,1,700,,,,"15,11",,,"21,59",,,,,"-2,22","1,20",5%,-11%,5%,9%,16%
"Cava Brut Milessime JUVE Y CAMPS, botella 75 cl",14393813,2-ALIMENTACION,11-BEBIDAS,16-ESPUMOSOS,3-CAVAS,3-CAVAS BRUT,"Cava Brut Milessime JUVE Y CAMPS, botella 75 cl",JUVE Y CAMPS,14393813,BOTELLA,"0,75",750,1,L,,,,"29,90",,"39,87",,,0,,"23,92","31,89",20%," 'distance': 0,186781525611877",507065,Juve & Camps cava brut milesime Chardonnay botella 75cl,JUV√â & CAMPS,,BOTELLA,"0,75",L,750,1,750,,,,"24,91",,,"33,21",,,,,"-1,32","6,65",17%,-4%,17%,17%,20%
"REFRESCO DE NARANJA 9x0,33KAS",26222620,2-ALIMENTACION,11-BEBIDAS,10-BEBIDAS REFRESCANTES,3-C/G NARANJA,10-C/G NARANJA REG PEQUE,"REFRESCO DE NARANJA 9x0,33KAS",KAS,26222620,PACK,"2,97",2970,1,L,,,,"6,12",,"2,06",,,"2,88",,"4,90","1,65",20%," 'distance': 0,812170743942261",217730,KAS naranja lata 33 cl contiene 24 unidades,KAS,,LATA,"0,33",L,330,24,7920,,,,"10,76","10,11",,"1,36","1,28",,6%,COMPRA MAS PAGA MENOS,"0,37","0,78",38%,23%,34%,31%,25%
"Té verde moruno POMPADOUR, caja 20 sobres",12451480,2-ALIMENTACION,10-DULCE,10-INFUSIONES,20-TE BOLSITAS,20-TE BOLSITAS OTROS,"Té verde moruno POMPADOUR, caja 20 sobres",POMPADOUR,12451480,CAJA,,,20,SOBRES,España,,,"2,99",,"0,15",,,"0,26",,,,," 'distance': 3,211979389190674",178948,POMPADOUR té verde lemongras contiene 20 unidades 35 g,POMPADOUR,,CAJA/CAJON,"0,04",SOBRES,35,20,700,,,,"2,19",,,"0,11",,,,,"0,04","0,04",27%,27%,27%,27%,24%
Lechuga Iceberg EROSKI bolsa 250 g,26457390,1-FRESCOS,1-FRUTA Y HORTALIZA,8-IV GAMA,50-ENSALADAS CLASICAS,5-ENSALADAS MONOPRODUCTO,Lechuga Iceberg EROSKI bolsa 250 g,EROSKI,26457390,BOLSA,"0,25",250,1,KG,,,,"0,85",,"3,40",,,,,,,," 'distance': 0,5855551362037659",43271,makro chef lechuga iceberg cortada mm bolsa lechuga iceberg,MAKRO CHEF,,BOLSA/BOLSON,1,KG,1000,1,1000,,,,"2,90",,,"2,75",,,,,"0,65","0,65",19%,19%,19%,22%,22%
"Whisky 8 años DYC, botella 70 cl",379958,2-ALIMENTACION,11-BEBIDAS,18-BEBIDAS DE ALTA GRADUACION,13-WHISKY,3-WHISKY¿STANDARD,"Whisky 8 años DYC, botella 70 cl",DYC,379958,BOTELLA,"0,7",700,1,L,España,,,"15,85","12,84","22,64","18,34",,"0,15",19%,"10,91","15,59",15%," 'distance': 1,4320623874664307",75543,"DYC whisky 8 años botella 70cl Alc, 40% vol,'",DYC,,BOTELLA,"0,70",L,700,1,700,,,,"13,06",,,"18,66",,,,,"-3,07","-0,32",-2%,-20%,18%,14%,18%
"Ginebra Blackberry PUERTO DE INDIAS, botella 70 cl",24315806,2-ALIMENTACION,11-BEBIDAS,18-BEBIDAS DE ALTA GRADUACION,3-GINEBRA,20-GINEBRA SABORES,"Ginebra Blackberry PUERTO DE INDIAS, botella 70 cl",PUERTO DE INDIAS,24315806,BOTELLA,"0,7",700,1,L,España,,,"16,99",,"24,27",,,"0,26",,"14,44","20,63",15%," 'distance': 1,9582688808441162",201390,"Puerto DE Indias ginebra blackberry botella 70 cl Alc, 37% vol,'",PUERTO DE INDIAS,,BOTELLA,"0,70",L,700,1,700,,,,"15,11",,,"21,59",,,,,"-0,96","2,69",11%,-5%,11%,-6%,12%
"Vino Tinto Crianza Rioja AZPILICUETA, botella 75 cl",4935664,2-ALIMENTACION,11-BEBIDAS,14-VINO D.O.,"9-VINOS D,O, TINTOS","53-VINO TINTO D,O, RIOJA CRIANZA","Vino Tinto Crianza Rioja AZPILICUETA, botella 75 cl",AZPILICUETA,4935664,BOTELLA,"0,75",750,1,L,España,,,"9,6",,"12,80",,,"0,07",,"8,16","10,88",15%," 'distance': 1,1193252801895142",308607,'Azpilicueta vino Crianza botella 75cl',AZPILICUETA,,BOTELLA,"0,75",L,750,1,750,,,,"7,13",,,"9,51",,,,,"1,37","3,29",26%,13%,26%,22%,22%
"Licor BAILEYS, botella 1 litro",7054117,2-ALIMENTACION,11-BEBIDAS,18-BEBIDAS DE ALTA GRADUACION,28-CREMAS,10-CREMAS BASE WHISKY,"Licor BAILEYS, botella 1 litro",BAILEYS,7054117,BOTELLA,1,1000,1,L,,,,"23,35",,"23,35",,,"0,07",,"19,85","19,85",15%," 'distance': 0,592293560504913",12291,BAILEYS licor crema botella 1 L,BAILEY'S,,BOTELLA,1,L,1000,1,1000,,,,"17,12",,,"17,12",,,,,"2,73","6,23",27%,14%,27%,26%,24%
"Brandy CARDENAL MENDOZA, botella 70 cl",324780,2-ALIMENTACION,11-BEBIDAS,18-BEBIDAS DE ALTA GRADUACION,11-BRANDY,3-BRANDY,"Brandy CARDENAL MENDOZA, botella 70 cl",CARDENAL MENDOZA,324780,BOTELLA,"0,7",700,1,L,,,,"24,99",,"35,70",,,"0,03",,"21,24","30,35",15%," 'distance': 0,6346774101257324",76011,'Cardenal Mendoza brandy botella 70cl',CARDENAL MENDOZA,,BOTELLA,"0,70",L,700,1,700,,,,"19,42",,,"27,74",,,,,"2,60","7,96",22%,9%,22%,22%,22%
"Pacharán IGP Navarra ETXEKO, botella 1 litro",3209111,2-ALIMENTACION,11-BEBIDAS,18-BEBIDAS DE ALTA GRADUACION,15-PATXARAN Y PONCHE,"2-PATXARAN CON I,G,P,","Pacharán IGP Navarra ETXEKO, botella 1 litro",ETXEKO,3209111,BOTELLA,1,1000,1,L,,,,"14,65",,"14,65",,,"0,07",,"12,45","12,45",15%," 'distance': 1,9822298288345337",203242,Etxeko pacharán botella 1L',ETXEKO,,BOTELLA,"1,00",L,1000,1,1000,,,,"12,57",,,"12,57",,,,,"-0,12","2,08",14%,-1%,14%,18%,21%
Muslos de pollo 2 ud EROSKI bandeja aprox. 575 g,20971099,1-FRESCOS,2-CARNICERIA,69-POLLO ENVASADO AVES,5-POLLO STD ENVASADO AVES,15-POLLO STD PECHUGA¿FILETE¿POLLO,Muslos de pollo 2 ud EROSKI bandeja aprox. 575 g,EROSKI,20971099,BANDEJA,"0,57",570,1,KG,,,,"2,87",,"5,04",,,"2,8",,"2,73","4,78",5%," 'distance': 3,050973892211914",171396,'Muslo de pollo precio bandeja 1,MAKRO,,KILO,"1,70",KG,1700,1,1700,,,,"4,57",,,"4,29",,,,,"0,49","0,75",15%,10%,15%,12%,19%
"Galleta María Dorada GULLÓN, paquete 600 g",16018178,2-ALIMENTACION,10-DULCE,20-GALLETAS,1-GALLETAS SIN CHOCOLATE,1-MARIA O CLASICAS,"Galleta María Dorada GULLÓN, paquete 600 g",GULLON,16018178,PAQUETE,"0,6",600,1,KG,,,,"2,75",,"4,58",,,"3,19",,"2,48","4,13",10%," 'distance': 3,504218339920044",168652,Gullón galleta María leche 25 g contiene 180 unidades',GULLON,,CAJA/CAJON,"0,03",KG,25,180,4500,,,,"14,80",,,"3,29",,,,,"0,84","1,29",28%,20%,28%,-20%,8%
"Champagne Brut POMMERY, botella 75 cl",564187,2-ALIMENTACION,11-BEBIDAS,16-ESPUMOSOS,1-ESPUMOSOS ORIGEN EXTRANJERO,1-CHAMPAGNES,"Champagne Brut POMMERY, botella 75 cl",POMMERY,564187,BOTELLA,"0,75",750,1,L,Francia,,,"60,09",,"80,12",,,"0,03",,"48,07","64,10",20%," 'distance': 2,35524845123291",88356,'Pommery champagne brut royal botella 75cl',POMMERY,,BOTELLA,"0,75",L,750,1,750,,,,"47,54",,,"63,39",,,,,"0,71","16,73",21%,1%,21%,17%,21%
"Margaritas con vegetales GALLO, paquete 450 g",23496342,2-ALIMENTACION,9-COCINA,13-PASTAS,1-PASTA ENSALADAS,98-RESTO PASTA ENSALADAS,"Margaritas con vegetales GALLO, paquete 450 g",GALLO,23496342,PAQUETE,"0,45",450,1,KG,España,,,"1,73",,"3,84",,,"0,42",,"1,47","3,27",15%," 'distance': 3,886854648590088",252525,'GALLO margaritas vegetales caja 3 kg',GALLO,,CAJA/CAJON,"3,00",KG,3000,1,3000,,,,"8,90",,,"2,97",,,,,"0,30","0,87",23%,9%,23%,23%,20%
"Salsa de chipirón GIRALDO, bolsa 125 g",19701028,1-FRESCOS,7-PESCADERIA,13-PESCADO FRESCO ENVASADO,35-SOLUCIONES PARA PESCADO,10-RAPIDO Y FACIL,"Salsa de chipirón GIRALDO, bolsa 125 g",GIRALDO,19701028,BOLSA,"0,125",125,1,KG,,,,"2,95",,"23,60",,,"0,8",,"2,21","17,70",25%," 'distance': 1,3774465322494507",197007,Giraldo salsa chipirón 125g',GIRALDO,,BOLSA/BOLSON,"0,13",KG,125,1,125,,,,"2,59",,,"20,72",,,,,"-3,02","2,88",12%,-17%,12%,12%,19%
"Refresco de naranja FANTA, pack 2x2 litros",3824505,2-ALIMENTACION,11-BEBIDAS,10-BEBIDAS REFRESCANTES,3-C/G NARANJA,10-C/G NARANJA REG PEQUE,"Refresco de naranja FANTA, pack 2x2 litros",FANTA,3824505,PACK,4,4000,1,L,,,,"3,60",,"0,90",,,"1,36",,"2,88","0,72",20%," 'distance': 2,830223321914673",70567,'Fanta naranja pet 2L contiene 6 unidades',FANTA,,BOTE,"2,00",L,2000,6,12000,,,,"9,55","8,60",,"0,80","0,72",,10%,COMPRA MAS PAGA MENOS,"0,00","0,18",20%,1%,12%,18%,21%
"Albariño Blanco Rías Baixas MARTÍN CÓDAX, botella 75 cl",206821,2-ALIMENTACION,11-BEBIDAS,14-VINO D.O.,"5-VINOS D,O,BLANCOS","62-VINO BLANCO D,O, RIAS BAIXAS","Albariño Blanco Rías Baixas MARTÍN CÓDAX, botella 75 cl",MARTÍN CÓDAX,206821,BOTELLA,"0,75",750,1,L,,,,"16,15",,"21,53",,,"0,34",,"13,73","18,30",15%," 'distance': 1,162000298500061",10920,Martín Códax vino blanco Denominación de Origen Rias Baixas botella 75cl',MARTÍN CÓDAX,,BOTELLA,"0,75",L,750,1,750,,,,"11,97","11,01",,"15,96","14,68",,8%,COMPRA MAS PAGA MENOS,"3,62","6,85",32%,20%,26%,21%,22%
"Tortilla integral MEXIFOODS, paquete 320 g",22688477,2-ALIMENTACION,8-SALADO,39-COMIDAS DEL MUNDO,5-COMIDA AMERICA,20-MEXICANA MASAS,"Tortilla integral MEXIFOODS, paquete 320 g",MEXIFOODS,22688477,PAQUETE,"0,32",320,1,KG,España,,,"1,72",,"5,38",,,"4,07",,"1,38","4,30",20%," 'distance': 3,1954894065856934",217374,'Mexifoods tortilla integral 25 cm contiene 20 unidades 1260 g',MEXIFOODS,,BOLSA/BOLSON,"1,26",KG,1260,1,1260,,,,"5,72",,,"4,54",,,,,"-0,24","0,84",16%,-6%,16%,18%,21%
"REFRESCO DE LIMÓN CON GAS 9x0,33KAS",15945330,2-ALIMENTACION,11-BEBIDAS,10-BEBIDAS REFRESCANTES,5-C/G LIMON,10-C/G LIMON REG PEQUE,"REFRESCO DE LIMÓN CON GAS 9x0,33KAS",KAS,15945330,PACK,"2,97",2970,1,L,,,,"6,12",,"2,06",,,"2,07",,"4,90","1,65",20%," 'distance': 0,861810028553009",198021,KAS refresco de limon sleek 33cl contiene 24 unidades,KAS,,RETRACTIL,"0,33",L,330,24,7920,,,,"10,76","10,11",,"1,36","1,28",,6%,COMPRA MAS PAGA MENOS,"0,37","0,78",38%,23%,34%,32%,26%
"Agua sin gas CABREIROA, botella 1,5 litros",16902405,2-ALIMENTACION,11-BEBIDAS,4-AGUAS,3-AGUAS SIN GAS,3-AGUA DE MESA,"Agua sin gas CABREIROA, botella 1,5 litros",CABREIROA,16902405,BOTELLA,"1,5",1500,1,L,,,,"0,74",,"0,49",,,"4,76",,"0,56","0,37",25%," 'distance': 1,14289593696594",637598,"Cabreiroa agua pet 1,5L contiene 6 unidades",CABREIROA,,PACK,"1,5",L,1500,6,9000,,,,"3,40",,,"0,38",,,,,"-0,01","0,12",23%,-2%,23%,23%,23%
"Whisky 18 años CHIVAS REGAL, botella 70 cl",2655967,2-ALIMENTACION,11-BEBIDAS,18-BEBIDAS DE ALTA GRADUACION,13-WHISKY,5-WHISKY¿PREMIUM,"Whisky 18 años CHIVAS REGAL, botella 70 cl",CHIVAS REGAL,2655967,BOTELLA,"0,7",700,1,L,Reino Unido,,,"84,80",,"121,14",,,"0,03",,"72,08","102,97",15%," 'distance': 2,538717269897461",259844,"CHIVAS REGAL whisky escocés 18 años botella 70cl Alc, 40% vol,'",CHIVAS REGAL,,BOTELLA,"0,70",L,700,1,700,,,,"69,08",,,"98,69",,,,,"4,29","22,45",19%,4%,19%,19%,21%
VERMUT BLANCO 1L MARTINI,317610,2-ALIMENTACION,11-BEBIDAS,18-BEBIDAS DE ALTA GRADUACION,25-VERMOUTH,3-VERMOUTH BLANCO,VERMUT BLANCO 1L MARTINI,MARTINI,317610,BOTELLA,1,1000,1,L,,,,"10,99",,"10,99",,,"1,11",,"9,89","9,89",10%," 'distance': 0,554891467094421",60333,MARTINI BIANCO vermut blanco botella 1L,MARTINI,,BOTELLA,1,L,1000,1,1000,,,,"9,38",,,"9,38",,,,,"0,51","1,61",15%,5%,15%,23%,23%
VERMUT ROJO 1L MARTINI,317628,2-ALIMENTACION,11-BEBIDAS,18-BEBIDAS DE ALTA GRADUACION,25-VERMOUTH,1-VERMOUTH ROJO,VERMUT ROJO 1L MARTINI,MARTINI,317628,BOTELLA,1,1000,1,L,,,,"10,99",,"10,99",,,"6,46",,"9,89","9,89",10%," 'distance': 0,511958837509155",60307,MARTINI ROSSO vermut rojo botella 1L,MARTINI,,BOTELLA,1,L,1000,1,1000,,,,"9,38",,,"9,38",,,,,"0,51","1,61",15%,5%,15%,31%,26%
"Tomate triturado ORLANDO, lata 800 g",137075,2-ALIMENTACION,8-SALADO,10-TOMATE,1-TOMATE NATURAL,15-TOMATE TRITURADO MAS DE 500G,"Tomate triturado ORLANDO, lata 800 g",ORLANDO,137075,BRIK,"0,8",800,1,KG,,,,"2,99",,"3,74",,,1,,"2,54","3,18",15%," 'distance': 0,6273983120918274",216856,'ORLANDO tomate triturado brik 800 gne',ORLANDO,,BRIK,"0,80",KG,800,1,800,,,,"2,30","1,98",,"2,88","2,47",,14%,COMPRA MAS PAGA MENOS,"0,70","1,27",34%,22%,23%,23%,23%
"TIRA COST, LOMO CERDO EROSKI",16899601,1-FRESCOS,2-CARNICERIA,62-PORCINO ENVASADO,1-PORCINO BLANCO ENVASADO,4-COSTILLA BLANCO ENVASADO,"TIRA COST, LOMO CERDO EROSKI",EROSKI,16899601,BANDEJA,"1,1",1100,1,KG,,,,"10,95","8,21","9,95","7,47",,"18,95",2nd unit-50%,"7,80","7,09",5%," 'distance': 0,685555219650269",53224,Tira de costilla de cerdo precio kg,MAKRO,,PIEZA,1,KG,1000,1,1000,,,,"6,99",,,"7,65",,,,,"-0,56","-0,18",-2%,-8%,23%,30%,25%
"Gelatina neutra en polvo ROYAL, caja 20 g",597518,2-ALIMENTACION,9-COCINA,21-REPOSTERIA,7-INGREDIENTES Y AYUDAS,1-GELATINAS NEUTRAS,"Gelatina neutra en polvo ROYAL, caja 20 g",ROYAL,597518,CAJA,"0,02",20,1,KG,,,,"2,85",,"142,50",,,"0,8",,,,," 'distance': 3,868457555770874",160229,'Royal gelatina neutra 20g',ROYAL,,PAQUETE,"0,02",KG,20,1,20,,,,"2,19",,,"109,50",,,,,"33,00","33,00",23%,23%,23%,23%,22%
"Aroma de vainilla VAHINÉ, bote 200 ml",314682,2-ALIMENTACION,9-COCINA,21-REPOSTERIA,7-INGREDIENTES Y AYUDAS,15-AROMA Y ESENCIAS,"Aroma de vainilla VAHINÉ, bote 200 ml",VAHINÉ,314682,BOTE,"0,2",200,1,L,,,,"4,35",,"21,75",,,,,,,," 'distance': 3,211979389190674",124755,VAINé aroma de vainilla blÍster 200ml,VAHINÉ,,BOTELLA,"0,2",L,200,1,200,,,,"3,18","2,70",,"15,90","13,52",,15%,COMPRA MAS PAGA MENOS,"8,24","8,24",38%,38%,27%,10%,19%
"Vino Rosado de Aguja CRESTA ROSA, botella 75 cl",375865,2-ALIMENTACION,11-BEBIDAS,14-VINO D.O.,16-VINO AGUJA/GASIFICADO,10-VINO AGUJA/GASIFICADO ROSADO,"Vino Rosado de Aguja CRESTA ROSA, botella 75 cl",CRESTA ROSA,375865,BOTELLA,"0,75",750,1,L,,,,"4,75",,"6,33",,,"1,26",,"4,04","5,38",15%," 'distance': 1,1556477546691895",70980,'Cresta Rosa New vino rosado botella 75cl',CRESTA ROSA NEW,,BOTELLA,"0,75",L,750,1,750,,,,"3,74","3,22",,"4,99","4,29",,14%,COMPRA MAS PAGA MENOS,"1,09","2,04",32%,20%,21%,21%,21%
"Sidra natural D,O, Euskal Sagardoa ISASTEGI, botella 75 cl",20160958,2-ALIMENTACION,11-BEBIDAS,16-ESPUMOSOS,5-SIDRAS,3-SIDRAS NATURALES,"Sidra natural D,O, Euskal Sagardoa ISASTEGI, botella 75 cl",ISASTEGI,20160958,BOTELLA,"0,75",750,1,L,España,,,"3,55",,"4,73",,,"0,03",,"2,84","3,79",20%," 'distance': 1,1088125705718994",31883,'Isastegi Sidra natural botella 75cl',ISASTEGI,,BOTELLA,"0,75",L,750,1,750,,,,"2,60","2,26",,"3,47","3,02",,13%,COMPRA MAS PAGA MENOS,"0,77","1,71",36%,20%,27%,27%,24%
"Estropajo fibra verde VILEDA Ultrafresh, pack 2+1 ud",24137564,2-ALIMENTACION,12-DROGUERIA,59-UTILES DE LIMPIEZA,5-ESTROPAJOS,1-ESTROPAJOS FIBRA VERDE,"Estropajo fibra verde VILEDA Ultrafresh, pack 2+1 ud",VILEDA,24137564,PACK,3,3000,3,UDS,,,,"2,29",,"0,76",,,"0,11",,,,," 'distance': 3,1152567863464355",211273,'vileda Fibra Verde con esponja 4+2unidades',VILEDA,,RETRACTIL,"0,06",UDS,62,6,372,,,,"3,25","3,02",,"0,54","0,50",,7%,COMPRA MAS PAGA MENOS,"0,26","0,26",34%,34%,29%,23%,24%
"Vino Rosado Rioja MARQUÉS DE CÁCERES, botellín 37,5 cl",140970,2-ALIMENTACION,11-BEBIDAS,14-VINO D.O.,"7-VINOS D,O, ROSADOS","57-VINO ROSADO D,O, RIOJA","Vino Rosado Rioja MARQUÉS DE CÁCERES, botellín 37,5 cl","MARQ,CACERES",140970,BOTELLÍN,"0,375",375,1,L,España,,,"3,35",,"8,93",,,"0,03",,"2,85","7,59",15%," 'distance': 1,785560965538025",903201,Marqués De Cáceres vino rosado Denominación de Origen Rioja botella 75cl',MARQUÉS DE CÁCERES,,BOTELLA,"0,75",L,750,1,750,,,,"5,31","4,78",,"7,08","6,37",,10%,COMPRA MAS PAGA MENOS,"1,22","2,56",29%,16%,21%,23%,24%
"Whisky Scotch 12 Years CUTTY SARK, botella 70 cl",24908626,2-ALIMENTACION,11-BEBIDAS,18-BEBIDAS DE ALTA GRADUACION,13-WHISKY,5-WHISKY¿PREMIUM,"Whisky Scotch 12 Years CUTTY SARK, botella 70 cl",CUTTY SARK,24908626,BOTELLA,"0,7",700,1,L,,,,"27,59",,"39,41",,,0,,"23,45","33,50",15%," 'distance': 2,3438615798950195",218659,"CUTTY SARK whisky escocés 12 años botella 70 cl Alc, 40% vol,'",CUTTY SARK,,UNIDAD,"0,70",L,700,1,700,,,,"21,89",,,"31,27",,,,,"2,23","8,14",21%,7%,21%,21%,22%
"Queso Cheddar EROSKI lonchas, bandeja 200 g",10841435,1-FRESCOS,4-CHARCUTERIA,3-QUESOS PORCION,20-QUESO LONCHAS PORCIÓN,65-LONCHAS PORCION INTERNACIONAL,"Queso Cheddar EROSKI lonchas, bandeja 200 g",EROSKI,10841435,BANDEJA,"0,2",200,1,KG,,,,"2,79",,"13,95",,,"6,34",,"2,51","12,56",10%," 'distance': 5,2887187004089355",179993,'METRO Chef queso cheddar rojo loncheado 1kg',METRO CHEF,,BANDEJA,"1,00",KG,1000,1,1000,,,,"9,25",,,"9,25",,,,,"3,31","4,70",34%,26%,34%,33%,26%
"Salsa teriyaki KIKKOMAN, frasco 250 g",9658618,2-ALIMENTACION,9-COCINA,3-SALSAS,9-SALSAS ESPECIALES,21-SALSAS SOJA,"Salsa teriyaki KIKKOMAN, frasco 250 g",KIKKOMAN,9658618,FRASCO,"0,25",250,1,KG,,,,"5,85",,"23,40",,,"0,38",,"4,97","19,89",15%," 'distance': 2,100916862487793",208693,'KIKKOMANN salsa teriyaki 975ml',KIKKOMAN,,UNIDAD,"0,98",L,975,1,975,,,,"17,81",,,"18,27",,,,,"1,62","5,13",22%,8%,22%,22%,22%
LAVAVAJILLAS MAQUINA 6K,10780880,2-ALIMENTACION,12-DROGUERIA,57-LAVAVAJILLAS,3-LAVAVAJILLAS MAQUINA,1-MAQUINA POLVO,LAVAVAJILLAS MAQUINA 6K,HOTEL ECO,10780880,GARRAFA,6,6000,1,KG,,,,"9,79",,"1,63",,,0,,"7,34","1,22",25%," 'distance': 0,385720374859601",496041,aro Lavavajillas máquina 5L,ARO,,Botella,5,L,5000,1,5000,,,,"6,40",,,"1,28",,,,,"-0,06","0,35",22%,-5%,22%,30%,25%
"Queso cabrales D,O,P, Moulin ASTURIANA, al corte compra mínima 250 g",15734635,1-FRESCOS,4-CHARCUTERIA,1-QUESOS MOSTRADOR,22-QUESO AZULES Y VETEADOS,4-QUESOS AZULES NACIONALES,"Queso cabrales D,O,P, Moulin ASTURIANA, al corte compra mínima 250 g",ASTURIANA,15734635,GRANEL,"0,25",250,1,KG,España,,,"6,50",,"26,00",,,"0,1",,"4,88","19,50",25%," 'distance': 3,482095718383789",194020,'Asturiana queso cabrales 1/4 pieza',ASTURIANA,,KILO,"0,65",KG,650,1,650,,,,"24,12",,,"24,12",,,,,"-4,62","1,88",7%,-24%,7%,7%,18%
"Vermouth Rojo MARTINI, botella 1,5 litros",13927496,2-ALIMENTACION,11-BEBIDAS,18-BEBIDAS DE ALTA GRADUACION,25-VERMOUTH,1-VERMOUTH ROJO,"Vermouth Rojo MARTINI, botella 1,5 litros",MARTINI,13927496,BOTELLA,"1,5",1500,1,L,Italia,,,"17,05","15,00","11,37","10,00",,"3,76",12%,"12,75","8,50",15%," 'distance': 2,1166415214538574",125987,"MARTINI ROSSO vermut rojo botella 1,5L'",MARTINI,,BOTELLA,"1,50",L,1500,1,1500,,,,"14,46",,,"9,64",,,,,"-1,14","0,36",4%,-13%,15%,5%,17%
"CERVEZA BOTELLA 12X0,25L, VOLLDAMM",17820432,2-ALIMENTACION,11-BEBIDAS,8-CERVEZAS,6-CERVEZAS EXTRA,1-CERVEZAS EXTRA BOTELLA,"CERVEZA BOTELLA 12X0,25L, VOLLDAMM",VOLL DAMM,17820432,PACK,3,3000,1,L,,,,"11,06",,"3,68",,,"0,07",,"8,30","2,77",25%," 'distance': 0,396807730197906",59267,Voll-Damm cerveza 25 cl contiene 24 botellas (total 600 cl),VOLL-DAMM,,BOTELLA,"0,25",L,250,24,6000,,,,"14,46","13,74",,"2,41","2,29",,5%,COMPRA MAS PAGA MENOS,"0,48","1,39",38%,17%,35%,30%,27%
"CEBOLLA MALLA XXL 2,5 KG",26198705,1-FRESCOS,1-FRUTA Y HORTALIZA,20-COMPLEMENTOS BASICOS,10-CEBOLLAS,5-CEBOLLAS AMARILLAS,"CEBOLLA MALLA XXL 2,5 KG",EROSKI,26198705,MALLA,"2,5",2500,1,KG,,,,"4,78",,"1,91",,,"14,23",,"3,82","1,53",20%," 'distance': 0,626520216464996",10073,METRO Chef Cebolla guisos Calibre 60/80 malla 1kg,METRO CHEF,,MALLA,1,KG,1000,1,1000,,,,"1,76",,,"0,99",,,,,"0,54","0,92",48%,35%,48%,79%,42%
Pan rallado panko estilo japones EROSKI paquete 250 g,25648916,2-ALIMENTACION,9-COCINA,17-HARINAS Y PAN RALLADO,3-PAN RALLADO,3-PAN RALLADO ESPECIALIDADES,Pan rallado panko estilo japones EROSKI paquete 250 g,EROSKI,25648916,PAQUETE,"0,25",250,1,KG,,,,"1,69",,"6,76",,,"1,13",,"1,35","5,41",20%," 'distance': 0,638724744319916",216966,METRO Chef panko 1 kg,METRO CHEF,,SACO,1,KG,1000,1,1000,,,,"4,68",,,"4,68",,,,,"0,73","2,08",31%,13%,31%,31%,26%
"Vino Tinto Crianza D,O, Rioja GLORIOSO, botella 75 cl",302695,2-ALIMENTACION,11-BEBIDAS,14-VINO D.O.,"9-VINOS D,O, TINTOS","53-VINO TINTO D,O, RIOJA CRIANZA","Vino Tinto Crianza D,O, Rioja GLORIOSO, botella 75 cl",GLORIOSO,302695,BOTELLA,"0,75",750,1,L,España,,,"7,95","6,92","10,60","9,22",,"1,04",13%,"5,88","7,84",15%," 'distance': 0,351542204618454",169507,'Glorioso vino tinto crianza Rioja botella 75cl',GLORIOSO,,BOTELLA,"0,75",L,750,1,750,,,,"7,08","6,37",,"9,44","8,50",,10%,COMPRA MAS PAGA MENOS,"-0,66","0,73",8%,-8%,11%,-13%,11%
"Yogur sabor melocotón-maracuya PASTORET, tarrina 500 g",14905798,2-ALIMENTACION,5-LACTEOS,4-YOGURES Y POSTRES,1-YOGURES BASICOS,82-ENTERO CON TROZOS,"Yogur sabor melocotón-maracuya PASTORET, tarrina 500 g",PASTORET,14905798,TARRINA,"0,5",500,1,KG,España,,,"2,79",,"5,58",,,"1,32",,,,," 'distance': 0,9722698926925659",113895,Pastoret yogur melocotón maracuyá tarrina 500 g',PASTORET,,TARRINA,"0,50",KG,500,1,500,,,,"2,24",,,"4,48",,,,,"1,10","1,10",20%,20%,20%,24%,23%
"Crema de fresas con tequila BUITRAL, botella 1 litro",19755388,2-ALIMENTACION,11-BEBIDAS,18-BEBIDAS DE ALTA GRADUACION,28-CREMAS,15-CREMAS RESTO,"Crema de fresas con tequila BUITRAL, botella 1 litro",BUITRAL,19755388,BOTELLA,1,1000,1,L,España,,,"17,95",,"17,95",,,"0,03",,"15,26","15,26",15%," 'distance': 2,398435115814209",160826,'Buitral tequila fresa botella 1L',BUITRAL,,BOTELLA,"1,00",L,1000,1,1000,,,,"13,61",,,"13,61",,,,,"1,65","4,34",24%,11%,24%,24%,24%
CJ HARINA FRITOS EROSKI 1 KG,4270591,2-ALIMENTACION,9-COCINA,17-HARINAS Y PAN RALLADO,1-HARINAS,7-HARINA REBOZADOS O FRITURAS,CJ HARINA FRITOS EROSKI 1 KG,EROSKI,4270591,PAQUETE,1,1000,1,KG,,,,"1,20",,"1,20",,,"0,96",,"0,96","0,96",20%," 'distance': 0,943663120269775",648778,makro Chef harina para frituras paquete 1kg contiene 10 unidades,MAKRO CHEF,,PAQUETE,1,KG,1000,10,10000,,,,"10,29",,,"1,03",,,,,"-0,07","0,17",14%,-7%,14%,14%,21%
Salmón ahumado reducido sal duo EROSKI pack 2x50 g,16936320,1-FRESCOS,7-PESCADERIA,12-ESPECIALIDADES,25-AHUMADOS,10-SALMON CONSUMO INDIVIDUAL,Salmón ahumado reducido sal duo EROSKI pack 2x50 g,EROSKI,16936320,PACK,"0,1",100,1,KG,,,,"4,55",,"45,50",,,"1,96",,"3,41","34,13",25%," 'distance': 0,7063143253326416",218034,metro chef salmon ahumado g contiene unidades g,METRO CHEF,,BANDEJA,"0,45",KG,450,1,450,,,,"17,04","14,65",,"34,42","29,60",,14%,COMPRA MAS PAGA MENOS,"4,52","15,90",35%,13%,24%,24%,24%
"Chistorra EROSKI MAESTRO, pieza 220 g",5981733,1-FRESCOS,4-CHARCUTERIA,8-CARNICOS PIEZA,2-EMBUTIDOS PIEZA,8-CHISTORRA,"Chistorra EROSKI MAESTRO, pieza 220 g",EROSKI,5981733,PIEZA,"0,22",220,1,KG,,,,"2,45",,"11,14",,,"2,8",,"2,33","10,58",5%," 'distance': 0,651827454566956",154653,Chistorra arbizu bolsa 3kg al vacio,MAKRO,,UNIDAD,3,KG,3000,1,3000,,,,"27,23",,,"9,08",,,,,"1,50","2,06",19%,14%,19%,27%,25%
"Alubia blanca selecta LUENGO, paquete 500 g",15933138,2-ALIMENTACION,9-COCINA,9-LEGUMBRES,1-ALUBIA SECA,1-ALUBIA BLANCA LARGA,"Alubia blanca selecta LUENGO, paquete 500 g",LUENGO,15933138,PAQUETE,"0,5",500,1,KG,,,,"2,15","1,51","4,30","3,01",,"0,3",30%,"1,28","2,56",15%," 'distance': 2,201139450073242",37021,'Luengo alubia blanca larga 5kg',LUENGO,,PAQUETE,"5,00",KG,5000,1,5000,,,,"18,61",,,"3,72",,,,,"-1,16","-0,71",-24%,-45%,13%,13%,20%
"Txakoli D.O. Araba XARMANT, botella 75 cl",401240,2-ALIMENTACION,11-BEBIDAS,14-VINO D.O.,5-VINOS D.O.BLANCOS,73-VINO BLANCO D.O. TXAKOLI,"Txakoli D.O. Araba XARMANT, botella 75 cl",XARMANT,401240,BOTELLA,"0,75",750,1,L,,,,"7,99","6,79","10,65","9,06",,"0,8",2nd unit-30%,"5,77","7,70",15%," 'distance': 0,52275550365448",15129,Xarmant vino blanco txa botella 75cl,XARMANT,,BOTELLA,"0,75",L,750,1,750,,,,"6,04",,,"8,05",,,,,"-0,36","1,00",11%,-5%,24%,24%,24%
"Cerveza VOLL-DAMM, lata 33 cl",336073,2-ALIMENTACION,11-BEBIDAS,8-CERVEZAS,6-CERVEZAS EXTRA,2-CERVEZAS EXTRA LATA,"Cerveza VOLL-DAMM, lata 33 cl",VOLL DAMM,336073,LATA,"0,33",330,1,L,,,,"1,02","0,90","3,09","2,72",,"36,8",12%,"0,67","2,04",25%," 'distance': 1,8283820152282715",58578,'Voll-Damm cerveza 33cl contiene 24 latas',VOLL-DAMM,,LATA,"0,33",L,330,24,7920,,,,"15,96","15,00",,"2,02","1,89",,6%,COMPRA MAS PAGA MENOS,"0,15","0,83",30%,7%,35%,30%,26%
"Licor de hierbas LAS CADENAS, botella 70 cl",26593103,2-ALIMENTACION,11-BEBIDAS,18-BEBIDAS DE ALTA GRADUACION,9-AGUARDIENTES Y ORUJOS,1-AGUARDIENTES¿Y¿ORUJOS HIERBAS,"Licor de hierbas LAS CADENAS, botella 70 cl",LAS CADENAS,26593103,BOTELLA,"0,7",700,1,L,,,,"10,48",,"14,97",,,,,"8,91","12,73",15%," 'distance': 0,0664859414100647",141762,Las Cadenas licor hierbas botella 1L,LAS CADENAS,,BOTELLA,1,L,1000,1,1000,,,,"11,48",,,"11,48",,,,,"1,25","3,49",23%,10%,23%,23%,24%
"Foie de canard ZUBIA, lata 130 g",18395848,2-ALIMENTACION,8-SALADO,25-PATES Y FOIEGRAS,1-PATE/CREMA¿TOSTADA,"5-PAT/CREMA¿TOST,CARNICO PREMIUM","Foie de canard ZUBIA, lata 130 g",ZUBIA,18395848,LATA,"0,13",130,1,KG,,,,"5,35",,"41,15",,,"0,5",,,,," 'distance': 1,3918808698654175",160692,'Zubia foie canard 90% pato lata 950g',ZUBIA,,LATA,"0,95",KG,950,1,950,,,,"31,74",,,"33,41",,,,,"7,74","7,74",19%,19%,19%,19%,23%
"Lechuga Batavia del País Vasco, unidad",16491052,1-FRESCOS,1-FRUTA Y HORTALIZA,2-HORTALIZA,78-HORTALIZAS DE ENSALADA,5-LECHUGAS,"Lechuga Batavia del País Vasco, unidad",PAIS VASCO,16491052,UNIDAD,0,0,1,UDS,,,,"0,97",,"0,97",,,"1,26",,"0,82","0,82",15%," 'distance': 0,31264978647232056",186123,Lechuga del país Batavia en caja de 6 unidades.,MAKRO,,PIEZA,"2,4",KG,2400,1,2400,,,,"5,36",,,"0,89",,,,,"-0,07","0,08",8%,-9%,8%,6%,18%
368720-SALSA TABASCO PICANTE 72/60ML,368720,2-ALIMENTACION,9-COCINA,3-SALSAS,9-SALSAS ESPECIALES,12-SALSAS PICANTES,368720-SALSA TABASCO PICANTE 72/60ML,TABASCO,368720,FRASCO,"0,06",60,1,KG,,,,"4,25",,"70,83",,,"4,03",,"4,04","67,29",5%," 'distance': 0,504034101963043",722124,TABASCO salsa picante botella 150 ml,TABASCO,,Botella,"0,15",L,150,1,150,,,,"6,59",,,"43,93",,,,,"23,36","26,90",38%,35%,38%,34%,28%
"Ron Extra Viejo BRUGAL, botella 70 cl",3315926,2-ALIMENTACION,11-BEBIDAS,18-BEBIDAS DE ALTA GRADUACION,5-RON,5-RON¿OSCURO¿ESTANDAR,"Ron Extra Viejo BRUGAL, botella 70 cl",BRUGAL,3315926,BOTELLA,"0,7",700,1,L,República Dominicana,,,"23,95",,"34,21",,,0,,"20,36","29,08",15%," 'distance': 1,5402992963790894",620958,"BRUGAL ron extra viejo botella 70cl Alc, 38% vol,'",BRUGAL,,BOTELLA,"0,70",L,700,1,700,,,,"17,85",,,"25,50",,,,,"3,58","8,71",25%,12%,25%,25%,24%
"Vodka SMIRNOFF, botella 70 cl",313403,2-ALIMENTACION,11-BEBIDAS,18-BEBIDAS DE ALTA GRADUACION,7-VODKA,10-VODKA ESTANDAR,"Vodka SMIRNOFF, botella 70 cl",SMIRNOFF,313403,BOTELLA,"0,7",700,1,L,Rusia,,,"13,39",,"19,13",,,"0,03",,"11,38","16,26",15%," 'distance': 2,5217788219451904",62309,"SMIRNOFF vodka red botella 1 l Alc, 37",SMIRNOFF,,BOTELLA,"1,00",L,1000,1,1000,,,,"13,3",,,"13,30",,,,,"2,96","5,83",30%,18%,30%,29%,25%
"Bebida de limón exprimido PULCO, botella 70 cl",332155,2-ALIMENTACION,11-BEBIDAS,10-BEBIDAS REFRESCANTES,39-S/G LIMONADA,5-S/G LIMONADA,"Bebida de limón exprimido PULCO, botella 70 cl",PULCO,332155,BOTELLA,"0,7",700,1,L,,,,"5,45",,"7,79",,,"0,84",,"4,36","6,23",20%," 'distance': 1,813779354095459",16255,Pulco concentrado limón botella 70cl',PULCO,,BOTELLA,"0,70",L,700,1,700,,,,"3,25",,,"4,64",,,,,"1,59","3,14",40%,25%,40%,34%,27%
"Caldo para paella facil GALLINA BLANCA, brik 1 litro",15749856,2-ALIMENTACION,9-COCINA,15-SOPAS PURES Y CALDOS,6-CALDOS¿LÍQUIDOS,15-CALDO LIQUIDO ARROZ Y FIDEUA,"Caldo para paella facil GALLINA BLANCA, brik 1 litro",GALLINA BLANCA,15749856,BRIK,1,1000,1,L,,,,"3,45",,"3,45",,,"2,07",,,,," 'distance': 0,918062508106232",206938,Gallina Blanca caldo marisco 1l,GALLINA BLANCA,,BRICK,1,L,1000,1,1000,,,,"3,03",,,"3,03",,,,,"0,42","0,42",12%,12%,12%,18%,22%
"Rallado vegano VIOLIFE, bolsa 200 g",23844632,2-ALIMENTACION,5-LACTEOS,10-QUESOS,8-QUESO RALLADO,90-SOLUCIONES  VEGANAS,"Rallado vegano VIOLIFE, bolsa 200 g",VIOLIFE,23844632,BOLSA,"0,2",200,1,KG,,,,"3,69",,"18,45",,,"1,37",,"2,77","13,84",25%," 'distance': 4,974506855010986",197272,'Violife sabor mozzarella rallado 500 g',VIOLIFE,,PAQUETE,"0,50",KG,500,1,500,,,,"7,14",,,"14,28",,,,,"-0,44","4,17",23%,-3%,23%,25%,24%
Filete de contramuslo de pavo sin hueso EROSKI bandeja aprox. 500 g,22004576,1-FRESCOS,2-CARNICERIA,72-PAVO Y OTRAS AVES ENVASADO,5-PAVO ENVASADO AVES,5-PAVO¿FRESCO,Filete de contramuslo de pavo sin hueso EROSKI bandeja aprox. 500 g,EROSKI,22004576,BANDEJA,"0,5",500,1,KG,,,,"4,35",,"8,70",,,"2,8",,"3,92","7,83",10%," 'distance': 0,542556166648865",218822,Contramuslo sin hueso y sin piel pavo vacío,MAKRO CHEF,,KILO,"1,6",KG,1600,1,1600,,,,"11,01",,,"6,88",,,,,"0,95","1,82",21%,12%,21%,25%,25%
"Tónica SCHWEPPES, lata 25 cl",18672949,2-ALIMENTACION,11-BEBIDAS,10-BEBIDAS REFRESCANTES,9-C/G TONICA,10-C/G TONICA REG PEQUE,"Tónica SCHWEPPES, lata 25 cl",SCHWEPPES,18672949,LATA,"0,25",250,1,L,,,,"0,89",,"3,56",,,"29,76",,"0,71","2,85",20%," 'distance': 1,3464279174804688",292110,Schweppes tónica lata 25cl contiene 24 unidades',SCHWEPPES,,LATA,"0,25",L,250,24,6000,,,,17,"15,98",,"2,83","2,66",,6%,COMPRA MAS PAGA MENOS,"0,18","0,90",25%,6%,20%,33%,26%
"Cerveza mexicana CORONA, botellín 35,5 cl",597773,2-ALIMENTACION,11-BEBIDAS,8-CERVEZAS,1-CERVEZAS LAGER,3-CERVEZAS LAGER ESPECIALES,"Cerveza mexicana CORONA, botellín 35,5 cl",CORONA,597773,BOTELLÍN,"0,355",355,1,L,,,,"1,50",,"4,23",,,"7,96",,"1,13","3,17",25%," 'distance': 2,255983352661133",133390,'CORONA cerveza mexicana 35,CORONA,,BOTELLA,"0,36",L,355,24,8520,,,,"27,58","24,82",,"3,24","2,91",,10%,COMPRA MAS PAGA MENOS,"0,26","1,31",31%,8%,23%,24%,25%
"Cerveza MAHOU Clásica, lata 33 cl",311712,2-ALIMENTACION,11-BEBIDAS,8-CERVEZAS,1-CERVEZAS LAGER,5-CERVEZAS LAGER LATA,"Cerveza MAHOU Clásica, lata 33 cl",MAHOU CLÁSICA,311712,LATA,"0,33",330,1,L,España,,,"0,77",,"2,33",,,"2,03",,"0,58","1,75",25%," 'distance': 1,8414149284362793",159098,Mahou cerveza clásica 33cl contiene 28 latas',MAHOU,,RETRACTIL,"0,33",L,330,28,9240,,,,"15,23","13,86",,"1,65","1,50",,9%,COMPRA MAS PAGA MENOS,"0,25","0,83",36%,14%,29%,29%,26%
"Chocolate blanco MILKYBAR, tableta 100 g",19989789,2-ALIMENTACION,10-DULCE,14-CHOCOLATES,3-CHOCOLATE LECHE,30-CHOCO LECHE BLANCO,"Chocolate blanco MILKYBAR, tableta 100 g",MILKYBAR,19989789,TABLETA,"0,1",100,1,KG,España,,,"1,99",,"19,90",,,"2,73",,,,," 'distance': 3,7299301624298096",219049,'Milkybar crema chocolate blanco con pistachos 3kg',MILKYBAR,,CUBO,"3,00",KG,3000,1,3000,,,,"46,15",,,"15,38",,,,,"4,52","4,52",23%,23%,23%,23%,24%
"Laurel, caja 25 g",7559776,1-FRESCOS,1-FRUTA Y HORTALIZA,8-IV GAMA,56-COMPLEMENTOS,30-DESHIDRATADOS,"Laurel, caja 25 g",EROSKI,7559776,CAJA,"0,025",25,1,KG,,,,"2,99",,"119,60",,,"1,23",,,,," 'distance': 0,5575016736984253",214574,METRO Chef laurel hoja 35 g,METRO CHEF,,TARRO,"0,035",KG,35,1,35,,,,"2,08",,,"89,71",,,,,"29,89","29,89",25%,25%,25%,25%,25%
"Jamón curado NAVIDUL, sobre 104 g",17003443,1-FRESCOS,4-CHARCUTERIA,"6-CURADOS, EMBUT. E IBERICOS",3-CURADOS PORCION,2-JAMON CURADO PORCION,"Jamón curado NAVIDUL, sobre 104 g",NAVIDUL,17003443,SOBRE,"0,104",104,1,KG,,,,"2,35",,"22,60",,,"9,57",,"2,12","20,34",10%," 'distance': 0,067016914486885",220705,NAVIDUL jamón curado loncheado 500 g,NAVIDUL,,BANDEJA,"0,5",KG,500,1,500,,,,"10,99","9,34",,"19,98","16,98",,15%,COMPRA MAS PAGA MENOS,"3,35","5,61",25%,16%,12%,12%,21%
"Cerveza sin alcohol CLAUSTHALER, botellín 33 cl",15045875,2-ALIMENTACION,11-BEBIDAS,8-CERVEZAS,"5-CERVEZAS 0,0","1-CERVEZA 0,0 BOTELLA","Cerveza sin alcohol CLAUSTHALER, botellín 33 cl",CLAUSTHALER,15045875,BOTELLÍN,"0,33",330,1,L,Alemania,,,"1,45",,"4,39",,,"3,38",,"1,09","3,30",25%," 'distance': 1,9571504592895508",3746,'CLAUSTHALER cerveza sin alcohol 33cl contiene 4 botellas',CLAUSTHALER,,BOTELLA,"0,33",L,330,4,1320,,,,"4,30","3,87",,"3,26","2,93",,10%,COMPRA MAS PAGA MENOS,"0,36","1,46",33%,11%,26%,26%,25%
"Ron BACARDÍ, botella 1 litro",505545,2-ALIMENTACION,11-BEBIDAS,18-BEBIDAS DE ALTA GRADUACION,5-RON,1-RON BLANCO,"Ron BACARDÍ, botella 1 litro",BACARDI,505545,BOTELLA,1,1000,1,L,,,,"19,49",,"19,49",,,"0,19",,"16,57","16,57",15%," 'distance': 0,790429711341858",75907,"BACARDI CARTA BLANCA ron blanco botella 1 L Alc. 37,5% vol.",BACARDI,,BOTELLA,1,L,1000,1,1000,,,,"15,55",,,"15,55",,,,,"1,02","3,94",20%,6%,20%,33%,28%
"Refresco de naranja FANTA Zero, botella 2 litros",10841351,2-ALIMENTACION,11-BEBIDAS,10-BEBIDAS REFRESCANTES,3-C/G NARANJA,20-C/G NARANJA ZERO,"Refresco de naranja FANTA Zero, botella 2 litros",FANTA,10841351,BOTELLA,2,2000,1,L,,,,"1,85",,"0,93",,,"1,38",,"1,48","0,74",20%," 'distance': 3,038316011428833",71450,'Fanta naranja zero pet 2L contiene 6 unidades',FANTA,,BOTE,"2,00",L,2000,6,12000,,,,"8,89",,,"0,74",,,,,"0,00","0,18",20%,0%,20%,25%,25%
"Vino Tinto Crianza Rioja BERONIA, botella 75 cl",49882,2-ALIMENTACION,11-BEBIDAS,14-VINO D.O.,"9-VINOS D,O, TINTOS","53-VINO TINTO D,O, RIOJA CRIANZA","Vino Tinto Crianza Rioja BERONIA, botella 75 cl",BERONIA,49882,BOTELLA,"0,75",750,1,L,España,,,"8,99",,"11,99",,,"1,03",,"7,64","10,19",15%," 'distance': 0,5410056114196777",12766,'Beronia vino tinto crianza Rioja botella 75cl',BERONIA,,BOTELLA,"0,75",L,750,1,750,,,,"6,72",,,"8,96",,,,,"1,23","3,03",25%,12%,25%,21%,23%
"Vino Albariño PACO&LOLA, botella 75 cl",16702086,2-ALIMENTACION,11-BEBIDAS,14-VINO D.O.,"5-VINOS D,O,BLANCOS","62-VINO BLANCO D,O, RIAS BAIXAS","Vino Albariño PACO&LOLA, botella 75 cl",PACO & LOLA,16702086,BOTELLA,"0,75",750,1,L,España,,,"14,15","13,02","18,87","17,36",,"0,07",8%,"11,07","14,75",15%," 'distance': 0,9906886219978333",134458,Paco&Lola vino blanco albariño Denominación de Origen Rias Baixas botella 75cl',PACO&LOLA,,BOTELLA,"0,75",L,750,1,750,,,,"10,27",,,"13,69",,,,,"1,06","3,66",21%,7%,27%,27%,25%
"Vermut Rojo PETRONI, botella 75 cl",26188565,2-ALIMENTACION,11-BEBIDAS,18-BEBIDAS DE ALTA GRADUACION,25-VERMOUTH,1-VERMOUTH ROJO,"Vermut Rojo PETRONI, botella 75 cl","ST, PETRONI",26188565,BOTELLA,"0,75",750,1,L,España,,,"12,79","11,00","17,05","14,67",,"0,38",14%,"9,35","12,47",15%," 'distance': 1,0769647359848022",196700,"St,Petroni vermut rojo botella 1L'",PETRONI,,BOTELLA,"1,00",L,1000,1,1000,,,,"13,18",,,"13,18",,,,,"-0,71","1,49",10%,-6%,23%,21%,23%
"Caldo para paella fácil de carne GALLINA BLANCA, brik 1 litro",19685882,2-ALIMENTACION,9-COCINA,15-SOPAS PURES Y CALDOS,6-CALDOS¿LÍQUIDOS,15-CALDO LIQUIDO ARROZ Y FIDEUA,"Caldo para paella fácil de carne GALLINA BLANCA, brik 1 litro",GALLINA BLANCA,19685882,BRIK,1,1000,1,L,España,,,"3,49",,"3,49",,,"1,23",,,,," 'distance': 0,8908718824386597",166518,'Gallina Blanca caldo de carne para paella 1l',GALLINA BLANCA,,BRIK,"1,01",L,1010,1,1010,,,,"3,03",,,"2,60",,,,,"0,89","0,89",26%,26%,26%,26%,24%
Mix de frutos secos especial EROSKI bolsa 200 g,8382343,2-ALIMENTACION,8-SALADO,3-FRUTOS SECOS,21-NOBLES,13-COCKTAIL NOBLES,Mix de frutos secos especial EROSKI bolsa 200 g,EROSKI,8382343,BOLSA,"0,2",200,1,KG,,,,"2,50","1,88","12,50","9,38",,"7,54",2nd unit-50%,"1,78","8,91",5%," 'distance': 0,956851840019226",156349,METRO Chef Cocktail picoteo bolsa 900 g,METRO CHEF,,BOLSA/BOLSON,"0,9",KG,900,1,900,,,,"8,57",,,"9,52",,,,,"-0,62","-0,15",-2%,-7%,24%,23%,25%
"Sidra natural Gorenak ALTZUETA, botella 75 cl",19584796,2-ALIMENTACION,11-BEBIDAS,16-ESPUMOSOS,5-SIDRAS,3-SIDRAS NATURALES,"Sidra natural Gorenak ALTZUETA, botella 75 cl",ALTZUETA,19584796,BOTELLA,"0,75",750,1,L,España,,,"2,99",,"3,99",,,"0,11",,"2,39","3,19",20%," 'distance': 2,84028697013855",182530,'Altzueta Sidra gorenak botella 75cl',ALTZUETA,,BOTELLA,"0,75",L,750,1,750,,,,"2,12",,,"2,83",,,,,"0,36","1,16",29%,11%,29%,26%,26%
"Bombones NESTLÉ CAJA ROJA, caja 398 g",26381475,2-ALIMENTACION,10-DULCE,18-BOMBONES,3-BOMBONES REGALO,3-BOMBON REGALO CAJAS Y BANDEJAS,"Bombones NESTLÉ CAJA ROJA, caja 398 g",CAJA ROJA,26381475,CAJA,"0,398",398,1,KG,España,,,"12,95",,"32,54",,,"0,92",,,,," 'distance': 0,6978671550750732",206258,Nestlé Caja Roja bombones 398 g',CAJA ROJA,,CAJA/CAJON,"0,40",KG,398,1,398,,,,"11,50",,,"28,89",,,,,"3,64","3,64",11%,11%,11%,11%,20%
"Vodka premium BELVEDERE, botella 70 cl",15256415,2-ALIMENTACION,11-BEBIDAS,18-BEBIDAS DE ALTA GRADUACION,7-VODKA,15-VODKA PREMIUM,"Vodka premium BELVEDERE, botella 70 cl",BELVEDERE,15256415,BOTELLA,"0,7",700,1,L,Polonia,,,"49,90",,"71,29",,,0,,"42,42","60,59",15%," 'distance': 1,8768715858459473",77046,"BELVEDERE Vodka 70cl Alc, 40% vol,'",BELVEDERE,,BOTELLA,"0,70",L,700,1,700,,,,"37,09",,,"52,99",,,,,"7,61","18,30",26%,13%,26%,26%,24%
"Desinfectante textil SANYTOL, botella 500 ml",17238841,2-ALIMENTACION,12-DROGUERIA,74-COMPLEMENTOS DE LAVADO,20-QUITAMANCHAS,40-DESINFECCION,"Desinfectante textil SANYTOL, botella 500 ml",SANYTOL,17238841,BOTELLA,"0,5",500,1,L,,,,"3,05",,"6,10",,,"0,8",,,,," 'distance': 0,554364800453186",179991,'SANYTOL desinfectante textil 1200 ml',SANYTOL,,BOTELLA,"1,20",L,1200,1,1200,,,,"5,87",,,"4,89",,,,,"1,21","1,21",20%,20%,20%,20%,25%
"Yogur original con fresas DANONE, pack 2x130 g",579359,2-ALIMENTACION,5-LACTEOS,4-YOGURES Y POSTRES,2-YOGURES ESPECIALES,83-CRISTAL,"Yogur original con fresas DANONE, pack 2x130 g",DANONE,579359,PACK,"0,26",260,1,KG,,,,"1,99",,"7,65",,,1,,,,," 'distance': 1,331534743309021",519285,'DANONe yogur original con fresas 135 g contiene 2 unidades',DANONE,,PACK,"0,14",KG,135,2,270,,,,"1,77",,,"6,56",,,,,"1,10","1,10",14%,14%,14%,30%,27%
"Café soluble natural NESCAFÉ, frasco 200 g",350165,2-ALIMENTACION,10-DULCE,8-CAFE,5-CAFE SOLUBLE,3-CAFE¿SOLUBLE¿NATURAL + 200GR,"Café soluble natural NESCAFÉ, frasco 200 g",NESCAFE,350165,FRASCO,"0,2",200,1,KG,España,,,"7,66",,"38,30",,,"3,88",,"6,89","34,47",10%," 'distance': 2,822840690612793",171404,NESCAFÉ classic natural 200g',NESCAFÉ,,FRASCO,"0,20",KG,200,1,200,,,,"6,88",,,"34,40",,,,,"0,07","3,90",10%,0%,10%,10%,19%
"Café soluble descafeinado NESCAFÉ, frasco 200 g",350223,2-ALIMENTACION,10-DULCE,8-CAFE,5-CAFE SOLUBLE,9-CAFE¿SOLUBLE¿DESCAFE + 200GR,"Café soluble descafeinado NESCAFÉ, frasco 200 g",NESCAFE,350223,FRASCO,"0,2",200,1,KG,España,,,"7,66",,"38,30",,,"3,69",,"6,89","34,47",10%," 'distance': 1,884126901626587",171415,NESCAFÉ consumer classic descafeinado natural 200g',NESCAFÉ,,FRASCO,"0,20",KG,200,1,200,,,,"6,88",,,"34,40",,,,,"0,07","3,90",10%,0%,10%,10%,19%
"Gazpacho ALVALLE, brik 1 litro",441618,1-FRESCOS,14-SOLUCIONES CULINARIAS,25-LISTO PARA COMER,"11-GAZPACHOS-SOPAS Y CREMAS,",1-GAZPACHOS,"Gazpacho ALVALLE, brik 1 litro",ALVALLE,441618,BRIK,1,1000,1,L,,,,"3,79",,"3,79",,,1,,,,," 'distance': 1,3274083137512207",47407,'Alvalle gazpacho 1 L',ALVALLE,,BRIK,"1,00",L,1000,1,1000,,,,"3,69",,,"3,69",,,,,"0,10","0,10",3%,3%,3%,8%,19%
"Tinto de verano de limón SANDEVID, botella 1,5 litros",22493191,2-ALIMENTACION,11-BEBIDAS,13-VINO DE MESA,20-TINTO DE VERANO,5-TINTO DE VERANO REGULAR,"Tinto de verano de limón SANDEVID, botella 1,5 litros",SANDEVID,22493191,BOTELLA,"1,5",1500,1,L,,,,"1,99",,"1,33",,,"0,03",,"1,79","1,19",10%," 'distance': 1,6072649955749512",40882,"Sandevid Tinto verano limón botella 1,5L contiene 4 unidades",SANDEVID,,BOTELLA,"1,50",L,1500,4,6000,,,,"5,43",,,"0,91",,,,,"0,29","0,42",32%,24%,32%,20%,24%
"Vino Tinto Tempranillo MUCHO MAS, botella 75 cl",24189524,2-ALIMENTACION,11-BEBIDAS,14-VINO D.O.,"9-VINOS D,O, TINTOS",83-VINO¿TINTO¿OTRAS¿ZONAS¿,"Vino Tinto Tempranillo MUCHO MAS, botella 75 cl",MUCHO MÁS,24189524,BOTELLA,"0,75",750,1,L,,,,"6,69",,"8,92",,,0,,"5,69","7,58",15%," 'distance': 1,5245935916900635",208270,'Mucho Mas vino tinto Tempranillo Syrah botella 75cl',MUCHO MÁS,,BOTELLA,"0,75",L,750,1,750,,,,"4,95","4,26",,"6,60","5,68",,14%,COMPRA MAS PAGA MENOS,"1,91","3,24",36%,25%,26%,24%,25%
"Cerveza Reserva Roja ALHAMBRA, pack botellin 4x33 cl",19191980,2-ALIMENTACION,11-BEBIDAS,8-CERVEZAS,6-CERVEZAS EXTRA,1-CERVEZAS EXTRA BOTELLA,"Cerveza Reserva Roja ALHAMBRA, pack botellin 4x33 cl",ALHAMBRA,19191980,PACK,"1,32",1320,1,L,,,,"6,09",,"4,61",,,"0,46",,"4,57","3,46",25%," 'distance': 0,525551319122314",162951,Alhambra cerveza roja reserva 33cl caja 24 botellas,ALHAMBRA,,BOTELLA,"0,33",L,330,24,7920,,,,"27,53",,,"3,48",,,,,"-0,02","1,14",25%,0%,25%,25%,26%
Menestra con espárragos EROSKI bolsa 1 kg,25904855,2-ALIMENTACION,3-CONGELADOS,7-VERDURAS CONGELADAS,1-VERDURA NATURAL,7-MENESTRA,Menestra con espárragos EROSKI bolsa 1 kg,EROSKI,25904855,BOLSA,1,1000,1,KG,,,,"2,79",,"2,79",,,"3,53",,"2,51","2,51",10%," 'distance': 6,085441589355469",632307,'makro Chef Menestra con esparragos 2,MAKRO CHEF,,BOLSA/BOLSON,"2,50",KG,2500,1,2500,,,,"4,88",,,"1,95",,,,,"0,56","0,84",30%,22%,30%,30%,26%
"Tejas CASA ECEIZA, bote 150 g",18268771,2-ALIMENTACION,10-DULCE,20-GALLETAS,9-GALLETAS ESPECIALIDADES,20-PASTAS ARTESANAS O SURTIDAS,"Tejas CASA ECEIZA, bote 150 g",CASA ECEIZA,18268771,BOTE,"0,15",150,1,KG,,,,"6,15",,"41,00",,,"0,42",,"5,54","36,90",10%," 'distance': 0,33520096540451",936052,Casa Eceiza tejas de Tolosa 750g,CASA ECEIZA,,BOTE,"0,75",KG,750,1,750,,,,"21,22",,,"28,29",,,,,"8,61","12,71",31%,23%,31%,31%,28%
Papel higiénico suave doble rollo EROSKI paquete 12 rollos,10326148,2-ALIMENTACION,12-DROGUERIA,65-PAPEL HIGIENICO,1-PAPEL HIGIENICO SECO,"3-P,H, SECO BASICO 2C LARGO",Papel higiénico suave doble rollo EROSKI paquete 12 rollos,EROSKI,10326148,PAQUETE,12,12000,12,ROLLOS,,,,"4,70",,"0,39",,,"41,92",,,,," 'distance': 3,804988145828247",214450,aro higiénico 2 capas 18 metros 12 rollos',ARO,,SACO,"0,58",ROLLOS,575,12,6900,,,,"3,45","2,90",,"0,29","0,24",,16%,COMPRA MAS PAGA MENOS,"0,15","0,15",38%,38%,27%,26%,26%
"Cebolla frita HIDA, lata 340 g",19135979,2-ALIMENTACION,8-SALADO,13-CONSERVAS VEGETALES,25-VERDURAS Y VEGETALES VARIOS,98-VARIOS,"Cebolla frita HIDA, lata 340 g",HIDA,19135979,LATA,"0,34",340,1,KG,,,,"1,99",,"5,85",,,"0,34",,,,," 'distance': 0,8381686806678772",181545,'Hida cebolla frita lata 2500gn',HIDA,,LATA,"2,50",KG,2500,1,2500,,,,"10,77",,,"4,31",,,,,"1,54","1,54",26%,26%,26%,26%,26%
"Jamoncitos de pollo EROSKI Natur, bandeja aprox. 900 g",4313904,1-FRESCOS,2-CARNICERIA,69-POLLO ENVASADO AVES,10-POLLO CL ENVASADO AVES,25-POLLO CL ASAR¿TRASEROS¿POLLO,"Jamoncitos de pollo EROSKI Natur, bandeja aprox. 900 g",E. NATUR,4313904,BANDEJA,"0,9",900,1,KG,,,,"4,99",,"5,54",,,"9,8",,"4,74","5,27",5%," 'distance': 0,368404030799866",89428,Jamoncitos de pollo bandeja precio kg,MAKRO,,KILO,"1,6",KG,1600,1,1600,,,,"4,35",,,"4,24",,,,,"1,03","1,30",24%,20%,24%,23%,25%
"Salsa chiplote ahumado YBARRA, bocabajo 250 ml",26507632,2-ALIMENTACION,9-COCINA,3-SALSAS,9-SALSAS ESPECIALES,10-SALSAS SNACKING,"Salsa chiplote ahumado YBARRA, bocabajo 250 ml",YBARRA,26507632,BOCABAJO,"0,25",250,1,L,,,,"3,05",,"12,20",,,,,"2,59","10,37",15%," 'distance': 0,1381930112838745",216734,Ybarra experience salsa chipotle ahumado 500 ml,YBARRA,,UNIDAD,"0,5",L,500,1,500,,,,"4,94",,,"8,50",,,,,"1,87","3,70",30%,18%,30%,26%,26%
"Salsa de trufa YBARRA, bocabajo 250 ml",26507673,2-ALIMENTACION,9-COCINA,3-SALSAS,9-SALSAS ESPECIALES,10-SALSAS SNACKING,"Salsa de trufa YBARRA, bocabajo 250 ml",YBARRA,26507673,BOCABAJO,"0,25",250,1,L,,,,"3,05",,"12,20",,,,,"2,59","10,37",15%," 'distance': 0,0742486715316772",216733,Ybarra experience salsa trufa 500 ml,YBARRA,,UNIDAD,"0,5",L,500,1,500,,,,"4,94",,,"8,50",,,,,"1,87","3,70",30%,18%,30%,26%,26%
"Salsa jalapeño asado YBARRA, bocabajo 250 ml",26507657,2-ALIMENTACION,9-COCINA,3-SALSAS,9-SALSAS ESPECIALES,10-SALSAS SNACKING,"Salsa jalapeño asado YBARRA, bocabajo 250 ml",YBARRA,26507657,BOCABAJO,"0,25",250,1,L,,,,"3,05",,"12,20",,,,,"2,59","10,37",15%," 'distance': 0,098994567990303",216735,Ybarra experience salsa jalapeño asado 500 ml,YBARRA,,UNIDAD,"0,5",L,500,1,500,,,,"4,68",,,"8,50",,,,,"1,87","3,70",30%,18%,30%,26%,26%
Aceitunas rellenas de anchoa EROSKI pack 3x50 g,25501271,2-ALIMENTACION,8-SALADO,1-ACEITUNAS Y ENCURTIDOS,1-ACEITUNAS RELLENAS,2-ACEITUNAS RELLENAS ANCHOA PACK,Aceitunas rellenas de anchoa EROSKI pack 3x50 g,EROSKI,25501271,PACK,"0,15",150,1,KG,,,,"1,75",,"11,67",,,"10,84",,"1,31","8,75",25%," 'distance': 3,7193069458007812",218706,'METRO Chef aceituna rellena de anchoa pack 3 50 gne contiene 8 packs (360 g)',METRO CHEF,,RETRACTIL,"0,36",KG,360,8,2880,,,,"22,44",,,"7,79",,,,,"0,96","3,88",33%,11%,33%,33%,29%
"Pintxo a la donostiarra AGUINAMAR, bandeja 180 g",20363511,1-FRESCOS,7-PESCADERIA,12-ESPECIALIDADES,45-OTROS,5-PINTXOS,"Pintxo a la donostiarra AGUINAMAR, bandeja 180 g",AGUINAMAR,20363511,BANDEJA,"0,18",180,1,KG,,,,"2,99","1,94","16,61","10,80",,"3,69",2nd unit-70%,"1,46","8,10",25%," 'distance': 0,9526594877243042",190191,'Aguinamar pintxo Donostia bandeja 1kg',AGUINAMAR,,BANDEJA,"1,00",KG,1000,1,1000,,,,"12,20","10,49",,"12,20","10,49",,14%,COMPRA MAS PAGA MENOS,"-2,39","0,31",3%,-30%,27%,27%,27%
"Cebolla caramelizada con aceite de oliva IBSA, frasco 240 g",16659005,2-ALIMENTACION,8-SALADO,13-CONSERVAS VEGETALES,25-VERDURAS Y VEGETALES VARIOS,98-VARIOS,"Cebolla caramelizada con aceite de oliva IBSA, frasco 240 g",IBSA,16659005,FRASCO,"0,24",240,1,KG,,,,"2,69",,"11,21",,,"1,26",,,,," 'distance': 1,090935230255127",62451,'ibsa cebolla caramelizada frasco 250gn contiene 2 unidades (300 g)',IBSA,,FRASCO,"0,30",KG,300,2,600,,,,"4,68",,,"7,80",,,,,"3,41","3,41",30%,30%,30%,30%,27%
"Ajo blanco, malla 400 g",15380470,1-FRESCOS,1-FRUTA Y HORTALIZA,20-COMPLEMENTOS BASICOS,5-AJOS,5-AJOS BLANCOS,"Ajo blanco, malla 400 g",EROSKI,15380470,MALLA,"0,4",400,1,KG,,,,"3,6",,"9,00",,,"8,38",,"2,88","7,20",20%," 'distance': 0,762706995010376",26455,makro Chef Ajo blanco Calibre 60/65 malla 1kg,MAKRO CHEF,,MALLA,1,KG,1000,1,1000,,,,"5,81",,,"5,29",,,,,"1,91","3,71",41%,27%,41%,32%,29%
Café soluble cl√°sico EROSKI frasco 200 g,19739796,2-ALIMENTACION,10-DULCE,8-CAFE,5-CAFE SOLUBLE,3-CAFE¿SOLUBLE¿NATURAL + 200GR,Café soluble cl√°sico EROSKI frasco 200 g,EROSKI,19739796,FRASCO,"0,2",200,1,KG,,,,"4,70",,"23,50",,,"5,46",,"4,23","21,15",10%," 'distance': 0,868883490562439",114368,RIOBA café soluble natural 1Kg,RIOBA,,CAJA/CAJON,1,KG,1000,1,1000,,,,"20,89",,,"20,89",,,,,"0,26","2,61",11%,1%,11%,39%,31%
CJ ENTRECOT DE AÑOJO,9225574,1-FRESCOS,2-CARNICERIA,61-VACUNO ENVASADO,3-VACUNO AÑOJO ENVASADO,2-AÑOJO LOMO ENVASADO,CJ ENTRECOT DE AÑOJO,EROSKI,9225574,BANDEJA,"0,75",750,1,KG,,,,"17,96",,"23,95",,,,,"13,47","17,96",25%," 'distance': 0,713076651096344",163638,Entrecot añojo 250-300g skinpack 4 unidades,MAKRO,,KILO,"1,20",KG,1200,1,1200,,,,"26,34",,,"21,95",,,,,"-3,99","2,00",8%,-22%,8%,29%,26%
"Redondo Ternera EUSKAL OKELA E.Natur, al corte, compra minima 500 g",14803308,1-FRESCOS,2-CARNICERIA,75-VITRINA,3-VACUNO TERNERA VITRINA,5-VACUNA TERNERA FILETE VITRINA,"Redondo Ternera EUSKAL OKELA E.Natur, al corte, compra minima 500 g",E. OKELA,14803308,GRANEL,"0,5",500,1,KG,,,,"10,75",,"21,50",,,,,,,," 'distance': 0,96041476726532",118654,Redondo de ternera precio kg,MAKRO,,KILO,"1,6",KG,1600,1,1600,,,,"29,84",,,"18,65",,,,,"2,85","2,85",13%,13%,13%,34%,29%
"Estropajo ultra fresh VILEDA, pack 3 uds",20163259,2-ALIMENTACION,12-DROGUERIA,59-UTILES DE LIMPIEZA,5-ESTROPAJOS,1-ESTROPAJOS FIBRA VERDE,"Estropajo ultra fresh VILEDA, pack 3 uds",VILEDA,20163259,PACK,3,3000,3,UDS,,,,"3,19",,"1,06",,,"0,23",,,,," 'distance': 3,8382463455200195",200739,vileda Estropajo salvauñas 2+1 unidad gratis',VILEDA,,BLISTER,"0,05",UDS,54,1,54,,,,"2,41",,,"0,80",,,,,"0,26","0,26",24%,24%,24%,24%,26%
"Mantequilla artesana ALDANONDO, rulo 250 g",702639,2-ALIMENTACION,5-LACTEOS,14-MANTEQUILLAS Y MARGARINAS,1-MANTEQUILLA,98-MANTEQUILLA OTROS TIPOS,"Mantequilla artesana ALDANONDO, rulo 250 g",ALDANONDO,702639,RULO,"0,25",250,1,KG,,,,"3,99",,"15,96",,,"3,15",,"3,39","13,57",15%," 'distance': 0,925891578197479",158477,Aldanondo mantequilla 1 Kg,ALDANONDO,,BLOQUE,1,KG,1000,1,1000,,,,"12,82",,,"11,65",,,,,"1,92","4,31",27%,14%,27%,27%,27%
Caramelo de menta-eucalipto EROSKI bolsa 150 g,335315,2-ALIMENTACION,8-SALADO,9-CHICLES Y CARAMELOS,1-CARAMELO,23-BALSAMICO MENTOLADO,Caramelo de menta-eucalipto EROSKI bolsa 150 g,EROSKI,335315,BOLSA,"0,15",150,1,KG,,,,"1,67",,"11,13",,,"0,96",,,,," 'distance': 3,725092887878418",143714,'RIOBA caramelo mentol eucalipto bolsa 1kg',RIOBA,,BOLSA/BOLSON,"0,94",KG,940,1,940,,,,"7,32",,,"7,79",,,,,"3,35","3,35",30%,30%,30%,30%,27%
"Tomate frito HIDA, lata 400 g",951371,2-ALIMENTACION,8-SALADO,10-TOMATE,9-TOMATE FRITO,9-TOMATE FRITO LISO LATA,"Tomate frito HIDA, lata 400 g",HIDA,951371,LATA,"0,4",400,1,KG,,,,"1,89",,"4,73",,,"0,48",,"1,61","4,02",15%," 'distance': 1,1753523349761963",179595,'Hida tomate frito lata 2500g',HIDA,,LATA,"2,50",KG,2500,1,2500,,,,"9,08",,,"3,63",,,,,"0,39","1,10",23%,10%,23%,23%,25%
"Cerveza con aguardiente DESPERADOS, botellín 33 cl",15872799,2-ALIMENTACION,11-BEBIDAS,8-CERVEZAS,1-CERVEZAS LAGER,3-CERVEZAS LAGER ESPECIALES,"Cerveza con aguardiente DESPERADOS, botellín 33 cl",DESPERADOS,15872799,BOTELLÍN,"0,33",330,1,L,España,,,"1,49",,"4,52",,,"4,42",,"1,12","3,39",25%," 'distance': 3,633446216583252",44492,'DESPERADOS cerveza con tequila 33 cl pack 6 botellas',DESPERADOS,,BOTELLA,"0,33",L,330,6,1980,,,,"5,55",,,"2,80",,,,,"0,58","1,71",38%,17%,38%,27%,26%
"Aperitivo APEROL, botella 70 cl",14218069,2-ALIMENTACION,11-BEBIDAS,18-BEBIDAS DE ALTA GRADUACION,25-VERMOUTH,10-VERMOUTH APERITIVOS (AMARGOS),"Aperitivo APEROL, botella 70 cl",APEROL,14218069,BOTELLA,"0,7",700,1,L,,,,"15,05",,"21,50",,,"0,26",,"12,79","18,28",15%," 'distance': 2,6965794563293457",94928,'APEROL licor botella 1 L',APEROL,,BOTELLA,"1,00",L,1000,1,1000,,,,"14,34",,,"13,90",,,,,"4,38","7,60",35%,24%,35%,37%,30%
"Caramelo de dulce leche s/ azúcar EL CASERIO DE T,, bolsa 90 g",22410310,2-ALIMENTACION,8-SALADO,9-CHICLES Y CARAMELOS,1-CARAMELO,11-TOFFEE,"Caramelo de dulce leche s/ azúcar EL CASERIO DE T,, bolsa 90 g",EL CASERIO DE TAFALLA,22410310,BOLSA,"0,09",90,1,KG,,,,"1,89",,"21,00",,,0,,,,," 'distance': 1,9892535209655762",5132,El caserio caramelo con leche sin azúcar 1kg',EL CASERIO,,BOLSA/BOLSON,"1,00",KG,1000,1,1000,,,,"15,24",,,"15,24",,,,,"5,76","5,76",27%,27%,27%,27%,27%
"Cava Brut Reserva CASTILLO DE PERELADA, botella 75 cl",2675379,2-ALIMENTACION,11-BEBIDAS,16-ESPUMOSOS,3-CAVAS,3-CAVAS BRUT,"Cava Brut Reserva CASTILLO DE PERELADA, botella 75 cl",PERELADA,2675379,BOTELLA,"0,75",750,1,L,,,,"9,65",,"12,87",,,"0,07",,"7,72","10,29",20%," 'distance': 1,2981371879577637",752557,'Perelada cava brut reserva botella 75cl',PERELADA,,BOTELLA,"0,75",L,750,1,750,,,,"7,32","6,30",,"9,76","8,39",,14%,COMPRA MAS PAGA MENOS,"1,90","4,47",35%,18%,24%,22%,24%
"Pacharán IGP Navarra 1580 BELASCO, botella 70 cl",15021298,2-ALIMENTACION,11-BEBIDAS,18-BEBIDAS DE ALTA GRADUACION,15-PATXARAN Y PONCHE,"2-PATXARAN CON I,G,P,","Pacharán IGP Navarra 1580 BELASCO, botella 70 cl",BELASCO,15021298,BOTELLA,"0,7",700,1,L,,,,"20,51",,"29,30",,,"0,03",,"17,43","24,91",15%," 'distance': 2,1415042877197266",217210,BELASCO ORO pacharán botella 70 cl',BELASCO ORO,,CAJA/CAJON,"0,70",L,700,1,700,,,,"14,88",,,"21,26",,,,,"3,65","8,04",27%,15%,27%,27%,27%
"Albariño R, Baixas CONDES DE ALBAREI, botella 75 cl",129254,2-ALIMENTACION,11-BEBIDAS,14-VINO D.O.,"5-VINOS D,O,BLANCOS","62-VINO BLANCO D,O, RIAS BAIXAS","Albariño R, Baixas CONDES DE ALBAREI, botella 75 cl",CONDES DE ALBAREI,129254,BOTELLA,"0,75",750,1,L,,,,"12,09",,"16,12",,,0,,"10,28","13,70",15%," 'distance': 1,2423131465911865",655655,'Condes De Albarei vino blanco Rias Baixas botella 75 cl',CONDES DE ALBAREI,,BOTELLA,"0,75",L,750,1,750,,,,"8,77",,,"11,69",,,,,"2,01","4,43",27%,15%,27%,27%,27%
"Mermelada Frutapunto de fresa HELIOS, dosificador 350 g",10113413,2-ALIMENTACION,8-SALADO,15-MERMELADAS,1-MERMELADA O CONFITURA,7-MERMELADA/CONFITURA FRESA,"Mermelada Frutapunto de fresa HELIOS, dosificador 350 g",HELIOS,10113413,DOSIFICADOR,"0,35",350,1,KG,,,,"2,99",,"8,54",,,"0,42",,,,," 'distance': 2,1171774864196777",212822,'Helios mermelada fresa tarrina 25 g contiene  80 unidades (total 2000 g)',HELIOS,,TARRINA,"2,00",KG,2000,1,2000,,,,"12,38","10,52",,"6,19","5,26",,15%,COMPRA MAS PAGA MENOS,"3,28","3,28",38%,38%,28%,28%,27%
"Cava Original Semi Seco Eco CODORNIU, botella 75 cl",23796980,2-ALIMENTACION,11-BEBIDAS,16-ESPUMOSOS,3-CAVAS,7-CAVAS SECOS SEMISECOS Y DULCES,"Cava Original Semi Seco Eco CODORNIU, botella 75 cl",CODORNÍU,23796980,BOTELLA,"0,75",750,1,L,España,,,"7,65","6,04","10,20","8,06",,"0,36",21%,"4,83","6,45",20%," 'distance': 3,5814576148986816",72787,'Codorniu cava gran cremant semi seco botella 75cl',CODORNIU,,BOTELLA,"0,75",L,750,1,750,,,,"5,92",,,"7,89",,,,,"-1,45","0,16",2%,-22%,23%,12%,22%
"Limpiador para cocina brillo fácil CRISTASOL, botella 750 ml",19539246,2-ALIMENTACION,12-DROGUERIA,50-LIMPIADORES,3-COCINA,1-LIMPIADOR GENERAL,"Limpiador para cocina brillo fácil CRISTASOL, botella 750 ml",CRISTASOL,19539246,BOTELLA,"0,75",750,1,L,,,,"3,25","2,11","4,33","2,82",,"0,25",2nd unit-70%,"2,01","2,68",5%," 'distance': 1,8240609169006348",155379,'Cristasol limpiacristales cristalino 750 ml',CRISTASOL,,BOTELLA,"0,75",L,750,1,750,,,,"2,48",,,"2,99",,,,,"-0,31","-0,17",-6%,-12%,31%,31%,30%
Pasas Thompon sin semilla EROSKI tarrina 150 g,12194312,2-ALIMENTACION,8-SALADO,45-FRUTOS SECOS TRADICIONALES,15-TRADICIONALES DESHIDRATADOS,25-FRUTAS DESHIDRATADAS PASAS,Pasas Thompon sin semilla EROSKI tarrina 150 g,EROSKI,12194312,TARRINA,"0,15",150,1,KG,,,,"2,00",,"13,33",,,"1,76",,"1,90","12,67",5%," 'distance': 4,873443603515625",108690,'makro Chef Pasa sin semilla TARRINA 500 g',MAKRO CHEF,,TARRINA,"0,50",KG,500,1,500,,,,"4,77",,,"9,54",,,,,"3,13","3,79",28%,25%,28%,29%,27%
"Ginebra MARTIN MILLERS, botella 70 cl",14393755,2-ALIMENTACION,11-BEBIDAS,18-BEBIDAS DE ALTA GRADUACION,3-GINEBRA,10-GINEBRA PREMIUM,"Ginebra MARTIN MILLERS, botella 70 cl",MARTIN MILLERS,14393755,BOTELLA,"0,7",700,1,L,Reino Unido,,,"29,50",,"42,14",,,"0,19",,"25,08","35,82",15%," 'distance': 0,7912121415138245",72099,Ginebra Martin Miller's ginebra botella 70cl',GINEBRA MARTIN MILLER'S,,BOTELLA,"0,70",L,700,1,700,,,,"22,93",,,"32,76",,,,,"3,06","9,39",22%,9%,22%,22%,25%
"Filete de Ternera 1a, Euskal Okela EROSKI NATUR, bandeja aprox, 600 g",16810913,1-FRESCOS,2-CARNICERIA,61-VACUNO ENVASADO,1-VACUNO TERNERA ENVASADO,1-TERNERA FILETE ENVASADO,"Filete de Ternera 1a, Euskal Okela EROSKI NATUR, bandeja aprox, 600 g","E, NATUR",16810913,BANDEJA,"0,6",600,1,KG,,,,"13,50",,"22,50",,,"11,11",,"10,13","16,88",25%," 'distance': 3,0147488117218018",141282,'Filete de ternera 1¬™ tapa 120-140 g precio kg',MAKRO,,KILO,"1,30",KG,1300,1,1300,,,,"22,82",,,"17,55",,,,,"-0,68","4,95",22%,-4%,22%,33%,29%
"Cuchara moka Hotel, inox 18/0 JAY, 3 uds",16107930,4-BAZAR,20-MENAJE,1-SERVICIO DE MESA,7-CUBIERTOS,"1-DESPIECE DE CUBIERTOS EN INOX,","Cuchara moka Hotel, inox 18/0 JAY, 3 uds",JAY,16107930,INOX,3,3000,3,UDS,,,,"1,79",,"0,60",,,"0,8",,,,," 'distance': 3,878446578979492",502749,'Jay cuchara moka hotel 18% contiene 12 unidades',JAY,,UNIDAD,"0,01",UDS,12,12,144,,,,"5,63","4,79",,"0,47","0,40",,15%,COMPRA MAS PAGA MENOS,"0,20","0,20",33%,33%,21%,22%,26%
Nuez de macadamia EROSKI tarrina 135 g,12194866,2-ALIMENTACION,8-SALADO,45-FRUTOS SECOS TRADICIONALES,20-TRADICIONALES SIN CASCARA,25-FRUTOS SEC. S/ CASCARA OTROS,Nuez de macadamia EROSKI tarrina 135 g,EROSKI,12194866,TARRINA,"0,135",135,1,KG,,,,"5,50",,"40,74",,,"0,42",,"5,23","38,70",5%," 'distance': 0,258784711360931",157223,"makro Chef nuez de macadamia tostada, en tarrina de 500 g",MAKRO CHEF,,TARRINA,"0,5",KG,500,1,500,,,,"15,46",,,"30,92",,,,,"7,78","9,82",24%,20%,24%,28%,28%
"Refresco de limon sin azucar SCHWEPPES ZERO, lata 33 cl",23399959,2-ALIMENTACION,11-BEBIDAS,10-BEBIDAS REFRESCANTES,5-C/G LIMON,20-C/G LIMON ZERO,"Refresco de limon sin azucar SCHWEPPES ZERO, lata 33 cl",SCHWEPPES,23399959,LATA,"0,33",330,1,L,,,,"0,97","0,73","2,94","2,20",,"2,13",2nd unit-50%,"0,58","1,76",20%," 'distance': 0,676910042762756",129397,Schweppes limón sleek lata 33cl contiene 24 unidades,SCHWEPPES,,RETRACTIL,"0,33",L,330,24,7920,,,,"14,22",,,"1,80",,,,,"-0,03","0,41",19%,-2%,39%,42%,33%
"Ron Blanco NEGRITA, botella 1 litro",19155787,2-ALIMENTACION,11-BEBIDAS,18-BEBIDAS DE ALTA GRADUACION,5-RON,1-RON BLANCO,"Ron Blanco NEGRITA, botella 1 litro",NEGRITA,19155787,BOTELLA,1,1000,1,L,España,,,"14,95",,"14,95",,,"0,11",,"12,71","12,71",15%," 'distance': 2,3450870513916016",70885,"Negrita ron blanco botella 1L Alc, 37",NEGRITA,,BOTELLA,"1,00",L,1000,1,1000,,,,"10,76",,,"10,47",,,,,"2,24","4,48",30%,18%,30%,30%,28%
"Vino Tinto Crianza D,O, Rioja CAMPILLO, botella 75 cl",10445161,2-ALIMENTACION,11-BEBIDAS,14-VINO D.O.,"9-VINOS D,O, TINTOS","53-VINO TINTO D,O, RIOJA CRIANZA","Vino Tinto Crianza D,O, Rioja CAMPILLO, botella 75 cl",CAMPILLO,10445161,BOTELLA,"0,75",750,1,L,España,,,"12,65",,"16,87",,,"1,53",,"10,75","14,34",15%," 'distance': 0,5287607312202454",719706,'Campillo vino tinto crianza Rioja botella 75cl',CAMPILLO,,BOTELLA,"0,75",L,750,1,750,,,,"8,82",,,"11,76",,,,,"2,58","5,11",30%,18%,30%,23%,26%
Cogollos rojos EROSKI bandeja 2 uds,26416198,1-FRESCOS,1-FRUTA Y HORTALIZA,2-HORTALIZA,79-LECHUGAS,5-LECHUGAS,Cogollos rojos EROSKI bandeja 2 uds,EROSKI,26416198,BANDEJA,2,2000,1,UDS,,,,"0,99",,"0,50",,,,,"0,84","0,42",15%," 'distance': 0,616913914680481",630448,METRO Chef Cogollo rojos bandeja contiene 6ud,METRO CHEF,,BANDEJA,"0,35",KG,350,1,350,,,,"2,13",,,"0,36",,,,,"0,07","0,14",28%,16%,28%,28%,28%
PIMIENTO ITALIANO 500g,66175,1-FRESCOS,1-FRUTA Y HORTALIZA,2-HORTALIZA,62-PIMIENTOS,5-PIMIENTOS VERDES,PIMIENTO ITALIANO 500g,EROSKI,66175,GRANEL,"0,5",500,1,KG,,,,"1,70",,"3,40",,,"23,07",,"1,45","2,89",15%," 'distance': 0,536064863204956",207578,"METRO Chef pimiento italiano caja 5,4 kg",METRO CHEF,,CAJA/CAJON,"5,4",KG,5400,1,5400,,,,"10,18",,,"1,89",,,,,"1,00","1,51",45%,35%,45%,25%,26%
"Ron Gran Reserva SANTA TERESA, botella 70 cl",1509280,2-ALIMENTACION,11-BEBIDAS,18-BEBIDAS DE ALTA GRADUACION,5-RON,7-RON¿OSCURO PREMIUM,"Ron Gran Reserva SANTA TERESA, botella 70 cl",SANTA TERESA GRAN RESERVA,1509280,BOTELLA,"0,7",700,1,L,Venezuela,,,"17,39",,"24,84",,,"0,15",,"14,78","21,12",15%," 'distance': 2,3855857849121094",480961,'SANTA TERESA ron gran reserva,SANTA TERESA,,BOTELLA,"0,70",L,700,1,700,,,,"13,54",,,"19,34",,,,,"1,77","5,50",22%,8%,22%,28%,28%
"Manzana Reineta Verde Seleccion, al peso, compra minima 960 g / 4 u",20075099,1-FRESCOS,1-FRUTA Y HORTALIZA,1-FRUTA,25-MANZANAS,10-MANZANAS SEMIACIDAS,"Manzana Reineta Verde Seleccion, al peso, compra minima 960 g / 4 u",EROSKI,20075099,GRANEL,"0,96",960,1,KG,,,,"3,79",,"3,95",,,,,"3,41","3,55",10%," 'distance': 0,558409810066223",211268,"Manzana reineta verde C-80/85 contiene 2,3 kg",MAKRO,,CAJA/CAJON,"2,3",KG,2300,1,2300,,,,"6,50",,,"2,83",,,,,"0,73","1,12",28%,20%,28%,28%,28%
"Tomate doble concentrado HIDA, lata 170 g",15637820,2-ALIMENTACION,8-SALADO,10-TOMATE,1-TOMATE NATURAL,20-ESPECIALIDADES,"Tomate doble concentrado HIDA, lata 170 g",HIDA,15637820,LATA,"0,17",170,1,KG,,,,"1,85",,"10,88",,,"1,57",,"1,57","9,25",15%," 'distance': 1,0123231410980225",139663,'Hida tomate doble concentrado lata 170gn contiene 6 unidades',HIDA,,LATA,"0,17",KG,170,6,1020,,,,"7,91",,,"7,75",,,,,"1,50","3,13",29%,16%,29%,29%,28%
"Cerveza con limonada CRUZCAMPO Shandy, pack botellín 6x25 cl",45278,2-ALIMENTACION,11-BEBIDAS,8-CERVEZAS,8-CERVEZAS SABORES,2-CERVEZAS SABORES SHANDY,"Cerveza con limonada CRUZCAMPO Shandy, pack botellín 6x25 cl",CRUZCAMPO,45278,PACK,"1,5",1500,6,L,,,,"3,69",,"2,46",,,"1,25",,"2,77","1,85",25%," 'distance': 2,483539581298828",72079,SHANDY CRUZCAMPO cerveza con limón botella 25 cl contiene 24 unidades',SHANDY CRUZCAMPO,,BOTELLA,"0,25",L,250,24,6000,,,,"10,47","9,53",,"1,75","1,59",,9%,COMPRA MAS PAGA MENOS,"0,26","0,87",35%,14%,29%,27%,28%
"Manzana Golden EROSKI NATUR, al peso, compra minima 1,05 kg / 5 u",1934868,1-FRESCOS,1-FRUTA Y HORTALIZA,1-FRUTA,25-MANZANAS,30-MANZANAS DULCES GOLDEN,"Manzana Golden EROSKI NATUR, al peso, compra minima 1,05 kg / 5 u",E. NATUR,1934868,GRANEL,"1,05",1050,1,KG,,,,"3,42",,"3,25",,,10,,"3,08","2,93",10%," 'distance': 0,378426969051361",212183,"METRO Chef manzana golden C73/80 en caja 3,1 Kg",METRO CHEF,,CAJA/CAJON,"3,1",KG,3100,1,3100,,,,"7,17",,,"2,31",,,,,"0,62","0,94",29%,21%,29%,37%,32%
"Baguette rústica sin gluten PROCELI, paquete 120 g",22338560,2-ALIMENTACION,10-DULCE,2-PRODUCTOS SALUD,84-PRODUCTOS SIN GLUTEN,30-PAN DE MOLDE,"Baguette rústica sin gluten PROCELI, paquete 120 g",PROCELI,22338560,PAQUETE,"0,12",120,1,KG,España,,,"1,93",,"16,08",,,"1,07",,,,," 'distance': 2,3475685119628906",95535,'Proceli baguette vienes sin gluten 250g 2 unidades',PROCELI,,PAQUETE,"0,25",KG,250,1,250,,,,"2,86",,,"11,44",,,,,"4,64","4,64",29%,29%,29%,29%,30%
"Tomate frito ORLANDO, lata 400 g",320481,2-ALIMENTACION,8-SALADO,10-TOMATE,9-TOMATE FRITO,9-TOMATE FRITO LISO LATA,"Tomate frito ORLANDO, lata 400 g",ORLANDO,320481,LATA,"0,4",400,1,KG,,,,"1,37",,"3,43",,,"7,92",,"1,16","2,91",15%," 'distance': 1,2952988147735596",111501,'ORLANDO tomate frito lata 2650 g',ORLANDO,,LATA,"2,65",KG,2650,1,2650,,,,"5,45",,,"2,06",,,,,"0,85","1,37",40%,29%,40%,28%,30%
"Vino Rosado D,O, Navarra LAS CAMPANAS, botella 75 cl",954466,2-ALIMENTACION,11-BEBIDAS,14-VINO D.O.,"7-VINOS D,O, ROSADOS","45-VINO ROSADO D,O, NAVARRA","Vino Rosado D,O, Navarra LAS CAMPANAS, botella 75 cl",LAS CAMPANAS,954466,BOTELLA,"0,75",750,1,L,España,,,"4,85",,"6,47",,,"0,03",,"4,12","5,50",15%," 'distance': 1,3850059509277344",1131,'Las Campanas vino rosado Navarra botella 75cl',LAS CAMPANAS,,BOTELLA,"0,75",L,750,1,750,,,,"3,62","3,11",,"4,83","4,15",,14%,COMPRA MAS PAGA MENOS,"1,35","2,32",36%,24%,25%,25%,28%
"Mostaza HEINZ, bocabajo 220 g",15137235,2-ALIMENTACION,9-COCINA,3-SALSAS,7-MOSTAZA,3-MOSTAZAS PET Y SOBRES,"Mostaza HEINZ, bocabajo 220 g",HEINZ,15137235,BOCABAJO,"0,22",220,1,KG,,,,"2,65",,"12,05",,,"1,73",,"2,25","10,24",15%," 'distance': 0,727661967277527",175870,HEINZ mostaza botella 875ml,HEINZ,,BOTELLA,"0,875",L,875,1,875,,,,"7,32",,,"8,37",,,,,"1,87","3,68",31%,18%,31%,31%,29%
"Crackers RITZ, caja 200 g",4400917,2-ALIMENTACION,10-DULCE,28-PAN TOSTADO,10-APERITIVOS,1-GALLETA SALADA,"Crackers RITZ, caja 200 g",RITZ,4400917,CAJA,"0,2",200,1,KG,Italia,,,"3,05",,"15,25",,,"0,42",,,,," 'distance': 3,2433624267578125",99031,'RITZ crackers 200g',RITZ,,ESTUCHE,"0,20",KG,200,1,200,,,,"2,19",,,"10,95",,,,,"4,30","4,30",28%,28%,28%,28%,28%
Remolacha cocida-pelada EROSKI bolsa 450 g,91033,1-FRESCOS,1-FRUTA Y HORTALIZA,8-IV GAMA,53-VERDURAS COCINADAS,15-OTRAS VERDURAS COCINADAS,Remolacha cocida-pelada EROSKI bolsa 450 g,EROSKI,91033,BOLSA,"0,45",450,1,KG,,,,"1,02",,"2,27",,,"7,76",,,,," 'distance': 0,333852171897888",213045,METRO Chef remolacha cocida bolsa 1 kg,METRO CHEF,,BOLSA/BOLSON,1,KG,1000,1,1000,,,,"1,86",,,"1,86",,,,,"0,41","0,41",18%,18%,18%,18%,25%
Aceitunas gordal con pepinillo EROSKI cubeta 250 g,24138984,2-ALIMENTACION,8-SALADO,48-ACEIT. Y ENCURT. TRADICIONALES,5-ACEITUNAS TRADICIONALES,5-ACEITUNAS TRADICIONALES,Aceitunas gordal con pepinillo EROSKI cubeta 250 g,EROSKI,24138984,CUBETA,"0,25",250,1,KG,,,,"2,90",,"11,60",,,"1,37",,"2,18","8,70",25%," 'distance': 0,344279646873474",182201,METRO Chef aceituna gordal con pepinillo frasco 1000gne (1850 g),METRO CHEF,,FRASCO,"1,85",KG,1850,1,1850,,,,"14,62",,,"7,90",,,,,"0,80","3,70",32%,9%,32%,32%,30%
"Pizza margarita sin lactosa sin gluten SCHAR, caja 300 g",21416177,2-ALIMENTACION,10-DULCE,39-REFRIGERADO Y CONGEL S/GLUTEN,10-PRODUCTOS CONGELADOS S/G,20-PLATOS PREPARADOS CONGELADOS,"Pizza margarita sin lactosa sin gluten SCHAR, caja 300 g",SCHAR,21416177,CAJA,"0,3",300,1,KG,,,,"4,25",,"14,17",,,"0,46",,,,," 'distance': 1,9226386547088623",165119,Schar pizza margarita sin gluten 300 g',SCHAR,,CAJA/CAJON,"0,30",KG,300,1,300,,,,"3,18","2,89",,"10,60","9,65",,9%,COMPRA MAS PAGA MENOS,"4,52","4,52",32%,32%,25%,22%,26%
"Crema de cacao NUTELLA, frasco 450 g",24801110,2-ALIMENTACION,10-DULCE,12-CREMAS DE UNTAR,4-CREMAS CACAO,5-CREMAS CACAO CHOCO MAS 400 GR,"Crema de cacao NUTELLA, frasco 450 g",NUTELLA,24801110,FRASCO,"0,45",450,1,KG,,,,"4,89",,"10,87",,,"3,11",,,,," 'distance': 2,4251139163970947",140508,'nutella crema de cacao 3kg',NUTELLA,,CUBO,"3,00",KG,3000,1,3000,,,,"21,29","19,59",,"7,10","6,53",,8%,COMPRA MAS PAGA MENOS,"4,34","4,34",40%,40%,35%,29%,29%
"Cocktail crocante BORGES NATURA, bolsa 170 g",26227793,2-ALIMENTACION,8-SALADO,45-FRUTOS SECOS TRADICIONALES,20-TRADICIONALES SIN CASCARA,"20-FRUTOS SEC, S/CASCARA COCKTAIL","Cocktail crocante BORGES NATURA, bolsa 170 g",BORGES,26227793,BOLSA,"0,17",170,1,KG,,,,"3,29",,"19,35",,,"0,3",,"3,13","18,39",5%," 'distance': 3,870199203491211",458640,"Cocktail salado borges 1kg,'",BORGES,,BOLSA/BOLSON,"1,00",KG,1000,1,1000,,,,"15,61",,,"15,61",,,,,"2,78","3,74",19%,15%,19%,29%,29%
"Guisante muy fino EROSKI BASIC, lata 280 g",17820515,2-ALIMENTACION,8-SALADO,13-CONSERVAS VEGETALES,19-GUISANTES,3-GUISANTES¿LATA¿UNITARIA,"Guisante muy fino EROSKI BASIC, lata 280 g",EROSKI BASIC,17820515,LATA,"0,28",280,1,KG,,,,"1,01",,"3,61",,,5,,,,," 'distance': 0,438006341457367",206587,makro Chef guisante extrafino lata 2805gne (4000 g),MAKRO CHEF,,LATA,4,KG,4000,1,4000,,,,"10,22",,,"2,56",,,,,"1,05","1,05",29%,29%,29%,29%,29%
"Cerveza con limón AMSTEL Radler, lata 33 cl",17234691,2-ALIMENTACION,11-BEBIDAS,8-CERVEZAS,8-CERVEZAS SABORES,1-CERVEZAS SABORES RADLER,"Cerveza con limón AMSTEL Radler, lata 33 cl",AMSTEL RADLER,17234691,LATA,"0,33",330,1,L,España,,,"0,79",,"2,39",,,"21,88",,"0,59","1,80",25%," 'distance': 0,6644439697265625",132764,'AMSTEL cerveza radler 33 cl contiene 24 latas',AMSTEL,,LATA,"0,33",L,330,24,7920,,,,"12,4","11,28",,"1,57","1,42",,9%,COMPRA MAS PAGA MENOS,"0,37","0,97",40%,21%,35%,38%,32%
"Cacao soluble original COLA CAO, bote 383 g",23666878,2-ALIMENTACION,10-DULCE,11-CACAOS POLVO,1-SOLUBLES DE CACAO,5-SOLUBLES CACAO HASTA  500 GR,"Cacao soluble original COLA CAO, bote 383 g",COLA CAO,23666878,BOTE,"0,383",383,1,KG,España,,,"4,39",,"11,46",,,"4,88",,,,," 'distance': 4,193641662597656",891215,'Cola Cao original 760g',COLA CAO,,BOTE,"0,76",KG,760,1,760,,,,"6,77",,,"8,91",,,,,"2,55","2,55",22%,22%,22%,29%,30%
"Fregasuelos lavanda SERVIHOSTEL, garrafa 5 litros",23406820,2-ALIMENTACION,12-DROGUERIA,50-LIMPIADORES,19-RESTO HOGAR,9-FRIEGASUELOS,"Fregasuelos lavanda SERVIHOSTEL, garrafa 5 litros",SERVIHOSTEL,23406820,GARRAFA,5,5000,1,L,,,,"5,23",,"1,05",,,,,"4,97","0,99",5%," 'distance': 0,947563865967385",78521,"aro Fregasuelos floral 1,5L",ARO,,BOTELLA,"1,5",L,1500,1,1500,,,,"1,08",,,"0,72",,,,,"0,27","0,33",31%,28%,31%,30%,30%
CJ PM REBANADA GRUESA EROSKI 820G,21586904,2-ALIMENTACION,10-DULCE,26-PAN DE MOLDE,6-PAN BLANCO,5-PAN BLANCO C/CORTEZA +700GR,CJ PM REBANADA GRUESA EROSKI 820G,EROSKI,21586904,PAQUETE,"0,82",820,1,KG,,,,"1,70",,"2,07",,,"3,73",,"1,62","1,97",5%," 'distance': 1,59841632843018",435734,METRO Chef pan de molde tostada 11x11cm 1Kg,METRO CHEF,,BOLSA/BOLSON,1,KG,1000,1,1000,,,,"1,51",,,"1,51",,,,,"0,46","0,56",27%,23%,27%,27%,26%
Canelones de carne EROSKI bandeja 450 g,24782880,2-ALIMENTACION,3-CONGELADOS,5-PLATOS PREPARADOS CONGELADOS,6-PASTA,1-PASTA-CANELON,Canelones de carne EROSKI bandeja 450 g,EROSKI,24782880,BANDEJA,"0,45",450,1,KG,,,,"2,43",,"5,40",,,"0,76",,"2,19","4,86",10%," 'distance': 0,375581920146942",684814,METRO Chef canelones de carne 2X500g,METRO CHEF,,ESTUCHE,1,KG,1000,1,1000,,,,"4,46",,,"4,46",,,,,"0,40","0,94",17%,8%,17%,17%,26%
"Flan ROYAL, 4 unid,, caja 93 g",940833,2-ALIMENTACION,9-COCINA,21-REPOSTERIA,5-RECETAS TRADICIONALES,1-FLANES,"Flan ROYAL, 4 unid,, caja 93 g",ROYAL,940833,CAJA,"0,093",93,1,KG,España,,,"1,31",,"14,09",,,"0,19",,,,," 'distance': 2,8117661476135254",150098,'Royal flan bote profesional\xa0800g',ROYAL,,EXPOSITOR,"0,80",KG,800,1,800,,,,"7,91","6,72",,"9,89","8,40",,15%,COMPRA MAS PAGA MENOS,"5,68","5,68",40%,40%,30%,30%,30%
"Contramuslos de pollo con piel EROSKI NATUR, bandeja aprox, 500 g",18258673,1-FRESCOS,2-CARNICERIA,69-POLLO ENVASADO AVES,10-POLLO CL ENVASADO AVES,25-POLLO CL ASAR¿TRASEROS¿POLLO,"Contramuslos de pollo con piel EROSKI NATUR, bandeja aprox, 500 g","E, NATUR",18258673,BANDEJA,"0,5",500,1,KG,,,,"3,10",,"6,20",,,4,,"2,95","5,89",5%," 'distance': 2,568958044052124",89429,'Contramuslos de pollo bandeja precio kg',MAKRO CHEF,,KILO,"1,60",KG,1600,1,1600,,,,"7,02",,,"4,39",,,,,"1,50","1,81",29%,25%,29%,30%,29%
"Agua con gas EROSKI botella 1,25 litros",9007972,2-ALIMENTACION,11-BEBIDAS,4-AGUAS,1-AGUAS CON GAS,3-AGUA¿CON¿GAS¿MESA,"Agua con gas EROSKI botella 1,25 litros",EROSKI,9007972,BOTELLA,"1,25",1250,1,L,,,,"0,43",,"0,34",,,"15,03",,"0,32","0,26",25%," 'distance': 3,3183188438415527",141164,'aro agua con gas 1,ARO,,BOTE,"1,50",L,1500,6,9000,,,,"1,93","1,76",,"0,21","0,20",,9%,COMPRA MAS PAGA MENOS,"0,06","0,15",43%,24%,38%,37%,33%
"Queso Havarti ARLA, lonchas, bandeja 150 g",17141755,1-FRESCOS,4-CHARCUTERIA,3-QUESOS PORCION,20-QUESO LONCHAS PORCIÓN,65-LONCHAS PORCION INTERNACIONAL,"Queso Havarti ARLA, lonchas, bandeja 150 g",ARLA,17141755,BANDEJA,"0,15",150,1,KG,,,,"3,89",,"25,93",,,"4,69",,"3,50","23,34",10%," 'distance': 1,9054065942764282",46231,'Arla queso havarti loncheado 1 Kg',ARLA,,BANDEJA,"1,00",KG,1000,1,1000,,,,"16,84","14,31",,"15,59","13,25",,15%,COMPRA MAS PAGA MENOS,"10,09","12,68",49%,43%,40%,40%,32%
"Margarina de oliva sin aceite de palma FLORA, tarrina 225 g",25082140,2-ALIMENTACION,5-LACTEOS,14-MANTEQUILLAS Y MARGARINAS,2-MARGARINA,4-MARGARINA SALUD CARDIO,"Margarina de oliva sin aceite de palma FLORA, tarrina 225 g",FLORA,25082140,TARRINA,"0,225",225,1,KG,Portugal,,,"1,95",,"8,67",,,"0,5",,"1,66","7,37",15%," 'distance': 0,8868722319602966",204704,'FLORA margarina sin aceite de palma tarrina 450 g',FLORA,,TARRINA,"0,45",KG,450,1,450,,,,"2,85","2,59",,"6,33","5,76",,9%,COMPRA MAS PAGA MENOS,"1,60","2,90",34%,22%,27%,32%,31%
Tira de costilla cerdo sabor barbacoa EROSKI sobre aprox. 500 g,16909160,1-FRESCOS,2-CARNICERIA,62-PORCINO ENVASADO,1-PORCINO BLANCO ENVASADO,20-COSTILLA ADOBADA OTRO ENVASADO,Tira de costilla cerdo sabor barbacoa EROSKI sobre aprox. 500 g,EROSKI,16909160,SOBRE,"0,5",500,1,KG,,,,"5,48",,"10,96",,,"1,63",,"5,21","10,41",5%," 'distance': 1,1287837028503400",76591,tira de costilla de cerdo adobada al vacio precio kg,MAKRO,,KILO,"0,9",L,900,1,900,,,,"7,65",,,"7,65",,,,,"2,76","3,31",30%,27%,30%,30%,30%
"Cerveza AMSTEL, botella 1 litro",379461,2-ALIMENTACION,11-BEBIDAS,8-CERVEZAS,1-CERVEZAS LAGER,1-CERVEZAS LAGER BOTELLA,"Cerveza AMSTEL, botella 1 litro",AMSTEL,379461,BOTELLA,1,1000,1,L,,,,"1,95",,"1,95",,,"0,15",,"1,46","1,46",25%," 'distance': 2,0964863300323486",560417,'AMSTEL cerveza 1 L contiene 6 botellas',AMSTEL,,BOTELLA,"1,00",L,1000,6,6000,,,,"7,97","7,25",,"1,33","1,21",,9%,COMPRA MAS PAGA MENOS,"0,25","0,74",38%,17%,32%,35%,31%
"Sidra natural D,O, Euskal Sagardoa SAIZAR, botella 75 cl",19671304,2-ALIMENTACION,11-BEBIDAS,16-ESPUMOSOS,5-SIDRAS,3-SIDRAS NATURALES,"Sidra natural D,O, Euskal Sagardoa SAIZAR, botella 75 cl",SAIZAR,19671304,BOTELLA,"0,75",750,1,L,,,,"3,49",,"4,65",,,"0,76",,"2,79","3,72",20%," 'distance': 1,5803539752960205",547768,'Saizar Sidra natural botella 75cl',SAIZAR,,BOTELLA,"0,75",L,750,1,750,,,,"2,3","2,07",,"3,15","2,84",,10%,COMPRA MAS PAGA MENOS,"0,89","1,82",39%,24%,32%,7%,22%
"Lengua de cerdo EROSKI bandeja aprox, 450 g",11184603,1-FRESCOS,2-CARNICERIA,62-PORCINO ENVASADO,1-PORCINO BLANCO ENVASADO,11-DESPOJO BLANCO ENVASADO,"Lengua de cerdo EROSKI bandeja aprox, 450 g",EROSKI,11184603,BANDEJA,"0,45",450,1,KG,,,,"4,10",,"9,11",,,"1,64",,"3,90","8,66",5%," 'distance': 2,9641366004943848",183545,'Lengua de cerdo bandeja precio kg',MAKRO CHEF,,KILO,"1,30",KG,1300,1,1300,,,,"6,33",,,"6,33",,,,,"2,33","2,78",31%,27%,31%,31%,31%
"REFRES NARANJA SIN AZÚCAR 6x0,20",302984,2-ALIMENTACION,11-BEBIDAS,10-BEBIDAS REFRESCANTES,3-C/G NARANJA,10-C/G NARANJA REG PEQUE,"REFRES NARANJA SIN AZÚCAR 6x0,20",KAS,302984,PACK,"1,2",1200,1,L,,,,"6,05",,"5,04",,,"0,03",,"4,84","4,03",20%," 'distance': 2,931441307067871",83538,KAS naranja botella 20cl contiene 24 unidades,KAS,,BOTELLA,"0,2",L,200,24,4800,,,,"17,00","15,98",,"3,54","3,33",,6%,COMPRA MAS PAGA MENOS,"0,70","1,71",34%,17%,30%,28%,30%
"Agua mineral natural AQUAREL, botella 1,5 litros",2569879,2-ALIMENTACION,11-BEBIDAS,4-AGUAS,3-AGUAS SIN GAS,3-AGUA DE MESA,"Agua mineral natural AQUAREL, botella 1,5 litros",AQUAREL,2569879,BOTELLA,"1,5",1500,1,L,,,,"0,62",,"0,41",,,"10,92",,"0,47","0,31",25%," 'distance': 0,730502605438232",397553,Nestle Aquarel agua natural 5L,AQUAREL,,GARRAFA,5,L,5000,1,5000,,,,"1,42",,,"0,28",,,,,"0,03","0,13",31%,8%,31%,31%,31%
"Filete de babilla extrafino de añojo, bandeja 350 g",10907723,1-FRESCOS,2-CARNICERIA,61-VACUNO ENVASADO,3-VACUNO AÑOJO ENVASADO,1-AÑOJO FILETE ENVASADO,"Filete de babilla extrafino de añojo, bandeja 350 g",EROSKI,10907723,BANDEJA,"0,35",350,1,KG,,,,"6,65",,"19,00",,,"6,55",,"4,99","14,25",25%," 'distance': 0,7084432244300842",217978,Babilla fileteada añojo 4-5 kg vacío,MAKRO,,KILO,"5,5",KG,5500,1,5500,,,,"14,80",,,"13,15",,,,,"1,10","5,85",31%,8%,31%,31%,31%
"Quitamanchas blanco puro NEUTREX Oxy5, garrafa 1,6 litros",17916578,2-ALIMENTACION,12-DROGUERIA,74-COMPLEMENTOS DE LAVADO,20-QUITAMANCHAS,20-LAVADO BLANCO LIQUIDO,"Quitamanchas blanco puro NEUTREX Oxy5, garrafa 1,6 litros",NEUTREX,17916578,GARRAFA,"1,6",1600,1,L,,,,"7,99",,"4,99",,,"0,19",,,,," 'distance': 2,579829216003418",217509,NEUTREX quitamanchas gel acción total turbo Oxy Blanco Puro 2,NEUTREX,,BOTELLA,"2,62",KG,2620,1,2620,,,,"10,59",,,"4,04",,,,,"0,95","0,95",19%,19%,19%,38%,34%
"Chistorra ARBIZU, pieza 220 g",12965653,1-FRESCOS,4-CHARCUTERIA,8-CARNICOS PIEZA,2-EMBUTIDOS PIEZA,8-CHISTORRA,"Chistorra ARBIZU, pieza 220 g",ARBIZU,12965653,PIEZA,"0,22",220,1,KG,,,,"2,69",,"12,23",,,"5,38",,"2,56","11,62",5%," 'distance': 0,16015775501728",154655,Chistorra arbizu bolsa 1kg,MAKRO,,BOLSA/BOLSON,1,KG,1000,1,1000,,,,"9,30",,,"8,45",,,,,"3,17","3,78",31%,27%,31%,31%,31%
"Kiwi green ZESPRI, bandeja 500 g",13283098,1-FRESCOS,1-FRUTA Y HORTALIZA,1-FRUTA,29-KIWIS,5-KIWIS VERDES,"Kiwi green ZESPRI, bandeja 500 g",ZESPRI,13283098,BANDEJA,"0,5",500,1,KG,,,,"3,49",,"6,98",,,"9,57",,"3,14","6,28",10%," 'distance': 0,679227590560913",737815,Zespri Kiwi green calibre 42 tarrina 1kg,MAKRO,,TARRINA,1,KG,1000,1,1000,,,,"5,25",,,"4,35",,,,,"1,93","2,63",38%,31%,38%,38%,34%
"Sidra natural D,O, Euskal Sagardoa GURUTZETA, botella 75 cl",20161675,2-ALIMENTACION,11-BEBIDAS,16-ESPUMOSOS,5-SIDRAS,3-SIDRAS NATURALES,"Sidra natural D,O, Euskal Sagardoa GURUTZETA, botella 75 cl",GURUTZETA,20161675,BOTELLA,"0,75",750,1,L,España,,,"3,49",,"4,65",,,"0,03",,"2,79","3,72",20%," 'distance': 1,1896657943725586",692328,'GURUTZETA sidra botella 75cl',GURUTZETA,,BOTELLA,"0,75",L,750,1,750,,,,"2,41",,,"3,21",,,,,"0,51","1,44",31%,14%,31%,31%,30%
"Salmón ahumado salvaje MSC MARTIKO, sobre 80 g",19657428,1-FRESCOS,7-PESCADERIA,12-ESPECIALIDADES,25-AHUMADOS,5-SALMON LONCHAS,"Salmón ahumado salvaje MSC MARTIKO, sobre 80 g",MARTIKO,19657428,SOBRE,"0,08",80,1,KG,,,,"5,99",,"74,88",,,"0,73",,"4,49","56,16",25%," 'distance': 0,513809382915497",219253,Martiko salmón salvaje de Alaska ahumado MSC 300 g,MARTIKO,,ESTUCHE,"0,3",KG,300,1,300,,,,"17,05",,,"51,67",,,,,"4,49","23,21",31%,8%,31%,31%,31%
"Jamón cocido extra CAMPOFRÍO, al corte, compra mínima 100 g",206003,1-FRESCOS,4-CHARCUTERIA,2-CARNICOS MOSTRADOR,1-COCIDOS MOSTRADOR,1-JAMON COCIDO  MOSTRADOR,"Jamón cocido extra CAMPOFRÍO, al corte, compra mínima 100 g",CAMPOFRÍO,206003,GRANEL,"0,1",100,1,KG,España,,,"1,75",,"17,50",,,"2,54",,"1,31","13,13",25%," 'distance': 2,4443857669830322",14742,Campofrío jamón cocido extra',CAMPOFRIO,,KILO,"7,60",KG,7600,1,7600,,,,"11,21",,,"11,21",,,,,"1,92","6,29",36%,15%,36%,31%,30%
Melocotón en almíbar ligero EROSKI lata 480 g,18293068,2-ALIMENTACION,8-SALADO,17-ALMIBARES,1-MELOCOTON CON AZUCAR,3-MELOCOTON MAS DE MEDIO KILO,Melocotón en almíbar ligero EROSKI lata 480 g,EROSKI,18293068,LATA,"0,48",480,1,KG,,,,"2,05",,"4,27",,,"5,34",,,,," 'distance': 2,5485832691192627",216308,aro melocotón gajo en almíbar lata 1535 gne (2600 g)',ARO,,LATA,"2,60",KG,2600,1,2600,,,,"7,65",,,"2,94",,,,,"1,33","1,33",31%,31%,31%,31%,31%
"Puerro entero GUTARRA, frasco 400 g",151456,2-ALIMENTACION,8-SALADO,13-CONSERVAS VEGETALES,25-VERDURAS Y VEGETALES VARIOS,9-PUERROS,"Puerro entero GUTARRA, frasco 400 g",GVTARRA,151456,FRASCO,"0,4",400,1,KG,España,,,"4,99",,"12,48",,,"2,03",,,,," 'distance': 1,2939860820770264",290615,'GVTARRA puerro entero frasco 400gne (660 g)',GVTARRA,,FRASCO,"0,66",KG,660,1,660,,,,"4,83",,,"7,32",,,,,"5,16","5,16",41%,41%,41%,41%,34%
"Chocolate con leche extrafino intenso NESTLÉ, tableta 125 g",22405302,2-ALIMENTACION,10-DULCE,14-CHOCOLATES,3-CHOCOLATE LECHE,20-CHOCOLATE¿LECHE PACKS,"Chocolate con leche extrafino intenso NESTLÉ, tableta 125 g",NESTLÉ,22405302,TABLETA,"0,125",125,1,KG,,,,"2,39",,"19,12",,,"0,46",,,,," 'distance': 2,52777099609375",72947,Nestlé chocolate extrafino 125g contiene 5 tabletas',NESTLÉ,,RETRACTIL,"0,13",KG,125,5,625,,,,"8,64",,,"13,82",,,,,"5,30","5,30",28%,28%,28%,28%,28%
"Atún claro en aceite de oliva CALVO, pack 3x65 g",24082869,2-ALIMENTACION,8-SALADO,23-CONSERVAS DE PESCADO,1-ATUN CLARO,25-ATUN CLARO EN ACEITE OLIVA,"Atún claro en aceite de oliva CALVO, pack 3x65 g",CALVO,24082869,PACK,"0,195",195,1,KG,,,,"4,29",,"22,00",,,"5,57",,"3,86","19,80",10%," 'distance': 1,0319650173187256",840762,Calvo atún claro aceite oliva 3x52 gne contiene 4 unidades (240 g)',CALVO,,PACK,"0,24",KG,240,4,960,,,,"16,67","14,17",,"17,36","14,76",,15%,COMPRA MAS PAGA MENOS,"5,04","7,24",33%,25%,21%,21%,27%
"Salsa ranchera YBARRA, bocabajo 250 ml",23689144,2-ALIMENTACION,9-COCINA,3-SALSAS,8-SALSAS Y ALIÑOS ENSALADAS,20-SALSAS ENSALADA OTRAS,"Salsa ranchera YBARRA, bocabajo 250 ml",YBARRA,23689144,BOCABAJO,"0,25",250,1,L,,,,"2,55",,"10,20",,,"1,23",,"2,17","8,67",15%," 'distance': 1,5567954778671265",216737,'Ybarra salsa ranchera 1 L',YBARRA,,UNIDAD,"1,00",L,1000,1,1000,,,,"7,36",,,"7,36",,,,,"1,31","2,84",28%,15%,28%,31%,31%
"Mermelada de mora LA VIEJA FABRICA Diet, frasco 280 g",22409908,2-ALIMENTACION,8-SALADO,15-MERMELADAS,7-MERMELADA O CONFITURA DIET,8-MERM/CONF. DIET FRUTOS ROJOS,"Mermelada de mora LA VIEJA FABRICA Diet, frasco 280 g",LA VIEJA FABRICA,22409908,FRASCO,"0,28",280,1,KG,,,,"3,29","2,14","11,75","7,64",,"0,11",2nd unit-70%,,,," 'distance': 0,539698123931885",89336,LA VIEJA FABRICA mermelada de mora tarro 800g,LA VIEJA FABRICA,,TARRO,"0,8",KG,800,1,800,,,,"6,37","5,73",,"7,96","7,17",,10%,COMPRA MAS PAGA MENOS,"0,47","0,47",6%,6%,32%,32%,32%
"Ron Reserva DIPLOMÁTICO, botella 70 cl",26187534,2-ALIMENTACION,11-BEBIDAS,18-BEBIDAS DE ALTA GRADUACION,5-RON,7-RON¿OSCURO PREMIUM,"Ron Reserva DIPLOMÁTICO, botella 70 cl",DIPLOMÁTICO,26187534,BOTELLA,"0,7",700,1,L,,,,"39,60",,"56,57",,,0,,"33,66","48,09",15%," 'distance': 1,5376695394515991",179615,"DIPLOMÁTICO mantuano ron botella 70 cl Alc, 40% vol,'",DIPLOMATICO,,BOTELLA,"0,70",L,700,1,700,,,,"26,32",,,"37,60",,,,,"10,49","18,97",34%,22%,34%,32%,31%
AGUACATE BANDEJA 2U APROX 450G,10430692,1-FRESCOS,1-FRUTA Y HORTALIZA,1-FRUTA,65-AGUACATES,5-AGUACATES,AGUACATE BANDEJA 2U APROX 450G,EROSKI,10430692,BANDEJA,"0,45",450,1,KG,,,,"3,39",,"7,53",,,17,,"3,05","6,78",10%," 'distance': 1,05901002883911",80710,METRO Chef Aguacate premium calibre 14 / 16 en tarrina de 1 kilo 4 piezas,METRO CHEF,,Tarrina,1,KG,1000,1,1000,,,,"5,50",,,"5,50",,,,,"1,28","2,03",27%,19%,27%,48%,37%
"Cerveza especial ESTRELLA GALICIA, lata 33 cl",1850197,2-ALIMENTACION,11-BEBIDAS,8-CERVEZAS,1-CERVEZAS LAGER,5-CERVEZAS LAGER LATA,"Cerveza especial ESTRELLA GALICIA, lata 33 cl",ESTRELLA GALICIA,1850197,LATA,"0,33",330,1,L,España,,,"0,89",,"2,70",,,"59,76",,"0,67","2,02",25%," 'distance': 1,0871301889419556",637182,'Estrella Galicia cerveza 33cl contiene 24 latas',ESTRELLA GALICIA,,LATA,"0,33",L,330,24,7920,,,,"13,42",,,"1,69",,,,,"0,33","1,00",37%,16%,37%,33%,32%
"Salchicha Frankfurt PICKEN, sobre 300 g",25599051,1-FRESCOS,4-CHARCUTERIA,13-SALCHICHAS,6-SALCHICHAS ESPECIALIDADES,2-SALCHICHAS ADULTOS,"Salchicha Frankfurt PICKEN, sobre 300 g",PICKEN,25599051,SOBRE,"0,3",300,1,KG,,,,"3,95",,"13,17",,,"2,15",,,,," 'distance': 1,9508233070373535",165247,'Picken salchicha cocida frankfurt 340g',PICKEN,,UNIDAD,"0,34",KG,340,1,340,,,,"3,29",,,"9,68",,,,,"3,49","3,49",27%,27%,27%,23%,28%
"Salchicha Bratwurst PICKEN, sobre 300 g",25599044,1-FRESCOS,4-CHARCUTERIA,13-SALCHICHAS,6-SALCHICHAS ESPECIALIDADES,2-SALCHICHAS ADULTOS,"Salchicha Bratwurst PICKEN, sobre 300 g",PICKEN,25599044,SOBRE,"0,3",300,1,KG,,,,"3,95",,"13,17",,,"1,15",,,,," 'distance': 1,7204394340515137",165249,'Picken salchicha cocida bratwurst  340g',PICKEN,,UNIDAD,"0,34",KG,340,1,340,,,,"3,29",,,"9,68",,,,,"3,49","3,49",27%,27%,27%,23%,28%
WHISKY 1L DEWARS WHITE LABEL,10767689,2-ALIMENTACION,11-BEBIDAS,18-BEBIDAS DE ALTA GRADUACION,13-WHISKY,3-WHISKY¿STANDARD,WHISKY 1L DEWARS WHITE LABEL,DEWAR'S,10767689,BOTELLA,1,1000,1,L,,,,"19,99",,"19,99",,,"0,07",,"16,99","16,99",15%," 'distance': 0,378768622875214",277108,"Dewar's White Label whisky escocés botella 1l Alc, 40% vol,",DEWAR'S,,BOTELLA,1,L,1000,1,1000,,,,"15,67",,,"15,67",,,,,"1,32","4,32",22%,8%,22%,37%,33%
Seta para plancha EROSKI bandeja 500 g,17727082,1-FRESCOS,1-FRUTA Y HORTALIZA,2-HORTALIZA,60-HONGOS,10-SETAS,Seta para plancha EROSKI bandeja 500 g,EROSKI,17727082,BANDEJA,"0,5",500,1,KG,,,,"4,49",,"8,98",,,"2,57",,"3,82","7,63",15%," 'distance': 0,740857720375061",16550,makro Chef seta especial plancha bandeja 600g,MAKRO CHEF,,BANDEJA,"0,6",KG,600,1,600,,,,"3,80",,,"5,98",,,,,"1,65","3,00",33%,22%,33%,33%,32%
"Ginebra Sapphire BOMBAY, botella 1 litro",24284531,2-ALIMENTACION,11-BEBIDAS,18-BEBIDAS DE ALTA GRADUACION,3-GINEBRA,3-GINEBRA ESTANDAR,"Ginebra Sapphire BOMBAY, botella 1 litro",BOMBAY,24284531,BOTELLA,1,1000,1,L,,,,"29,5",,"29,50",,,"0,07",,"25,08","25,08",15%," 'distance': 2,2607717514038086",211197,"BOMBAY SAPPHIRE ginebra botella 1 L Alc, 43% vol,'",BOMBAY,,BOTELLA,"1,00",L,1000,1,1000,,,,"24,62",,,"24,62",,,,,"0,45","4,88",17%,2%,17%,25%,30%
"Chorizo extra picante de León PALCARSA, bandeja 100 g",20166856,1-FRESCOS,4-CHARCUTERIA,"6-CURADOS, EMBUT. E IBERICOS",4-EMBUTIDOS PORCION,4-CHORIZO CULAR PORCION,"Chorizo extra picante de León PALCARSA, bandeja 100 g",PALCARSA,20166856,BANDEJA,"0,1",100,1,KG,España,,,"1,95",,"19,50",,,"1,84",,"1,76","17,55",10%," 'distance': 1,8884873390197754",106328,Palcarsa chorizo extra picante de león 325g',PALCARSA,,SOBRE,"0,33",KG,325,1,325,,,,"4,24",,,"13,05",,,,,"4,50","6,45",33%,26%,33%,32%,32%
"Champiñón laminado, bandeja 250 g",1404,1-FRESCOS,1-FRUTA Y HORTALIZA,2-HORTALIZA,60-HONGOS,5-CHAMPIÑONES,"Champiñón laminado, bandeja 250 g",EROSKI,1404,BANDEJA,"0,25",250,1,KG,España,,,"1,88",,"7,52",,,"33,68",,"1,60","6,39",15%," 'distance': 1,5429959297180176",723736,Champiñón laminado bandeja 1kg',MAKRO CHEF,,BANDEJA,"1,03",KG,1030,1,1030,,,,"5,15",,,"5,00",,,,,"1,39","2,52",34%,22%,34%,34%,32%
"Ajo morado, malla 250 g",26201855,1-FRESCOS,1-FRUTA Y HORTALIZA,20-COMPLEMENTOS BASICOS,5-AJOS,10-AJOS MORADOS,"Ajo morado, malla 250 g",EROSKI,26201855,MALLA,"0,25",250,1,KG,,,,"2,49",,"9,96",,,,,"1,99","7,97",20%," 'distance': 0,6610713005065918",122720,METRO Chef Ajo morado Calibre 50/55 malla 1kg,METRO CHEF,,BOLSA/BOLSON,1,KG,1000,1,1000,,,,"6,71",,,"6,19",,,,,"1,78","3,77",38%,22%,38%,38%,34%
MERLUZA ENTERA 1-2 KG,226175,1-FRESCOS,7-PESCADERIA,14-MOSTRADOR PESCADERIA,19-MERLUZA Y PESCADILLA,15-MERLUZA PIEZA OTRAS,MERLUZA ENTERA 1-2 KG,EROSKI,226175,pieza,"1,5",1500,1,KG,,,,"16,10",,"10,73",,,"23,35",,"14,49","9,66",10%," 'distance': 1,12405037879944",66847,"Merluza volanta 1,5-2kg FAO 27 Atlántico Noroeste",MAKRO,,pieza,"1,75",KG,1750,1,1750,,,,"7,65",,,"8,75",,,,,"0,91","1,98",18%,9%,18%,31%,23%
Café soluble clásico EROSKI frasco 100 g,19739788,2-ALIMENTACION,10-DULCE,8-CAFE,5-CAFE SOLUBLE,1-CAFE¿SOLUBLE¿NATURAL - 200GR,Café soluble clásico EROSKI frasco 100 g,EROSKI,19739788,FRASCO,"0,1",100,1,KG,,,,"2,95",,"29,50",,,"1,19",,"2,66","26,55",10%," 'distance': 6,229457855224609",114355,RIOBA café soluble natural 200g',RIOBA,,FRASCO,"0,20",KG,200,1,200,,,,"4,50",,,"22,50",,,,,"4,05","7,00",24%,15%,24%,33%,31%
"Agua mineral FONT VELLA, botellín 33 cl",1192004,2-ALIMENTACION,11-BEBIDAS,4-AGUAS,3-AGUAS SIN GAS,1-AGUA TO GO,"Agua mineral FONT VELLA, botellín 33 cl",FONT VELLA,1192004,BOTELLÍN,"0,33",330,1,L,,,,"0,54",,"1,64",,,"21,11",,"0,41","1,23",25%," 'distance': 3,2910401821136475",280683,'Font Vella agua 33cl contiene 35 unidades',FONT VELLA,,BOTE,"0,33",L,330,35,11550,,,,"11,17","10,16",,"0,97","0,88",,9%,COMPRA MAS PAGA MENOS,"0,35","0,76",46%,28%,41%,41%,35%
Pan rallado crujiente EROSKI paquete 400 g,15792559,2-ALIMENTACION,9-COCINA,17-HARINAS Y PAN RALLADO,3-PAN RALLADO,3-PAN RALLADO ESPECIALIDADES,Pan rallado crujiente EROSKI paquete 400 g,EROSKI,15792559,PAQUETE,"0,4",400,1,KG,,,,"1,17",,"2,93",,,"1,68",,"0,94","2,34",20%," 'distance': 0,589075088500977",179290,METRO Chef pan rallado crujiente saco 4kg,METRO CHEF,,SACO,4,KG,4000,1,4000,,,,"8,35","7,10",,"2,09","1,77",,15%,COMPRA MAS PAGA MENOS,"0,57","1,15",39%,24%,29%,29%,31%
"Geles torcida de fresa MIGUELAÑEZ, bolsa 200 g",15737638,2-ALIMENTACION,8-SALADO,9-CHICLES Y CARAMELOS,1-CARAMELO,47-REGALIZ RESTO BRILLO,"Geles torcida de fresa MIGUELAÑEZ, bolsa 200 g",MIGUELAÑEZ,15737638,BOLSA,"0,2",200,1,KG,,,,"3,15",,"15,75",,,"0,88",,,,," 'distance': 1,7582757472991943",115820,Miguelañez geles torcida relleno fresa 200g',MIGUELAÑEZ,,BOLSA/BOLSON,"0,20",KG,200,1,200,,,,"2,08",,,"10,40",,,,,"5,35","5,35",34%,34%,34%,34%,32%
"Salchicha Bockwurst PICKEN, sobre 300 g",25599069,1-FRESCOS,4-CHARCUTERIA,13-SALCHICHAS,6-SALCHICHAS ESPECIALIDADES,2-SALCHICHAS ADULTOS,"Salchicha Bockwurst PICKEN, sobre 300 g",PICKEN,25599069,SOBRE,"0,3",300,1,KG,,,,"3,95",,"13,17",,,"0,65",,,,," 'distance': 0,12360030412674",165251,Picken salchicha cocida brockwurst  340g,PICKEN,,UNIDAD,"0,34",KG,340,1,340,,,,"3,29",,,"8,50",,,,,"4,67","4,67",35%,35%,35%,33%,33%
"Salsa picante habanero TABASCO, frasco 60 ml",20883666,2-ALIMENTACION,9-COCINA,3-SALSAS,9-SALSAS ESPECIALES,12-SALSAS PICANTES,"Salsa picante habanero TABASCO, frasco 60 ml",TABASCO,20883666,FRASCO,"0,06",60,1,L,,,,"5,65",,"94,17",,,"0,5",,"4,80","80,04",15%," 'distance': 2,3450942039489746",162285,'TABASCO  salsa tabasco verde frasco 60 ml',TABASCO,,FRASCO,"0,06",L,60,1,60,,,,"3,91","3,52",,"65,17","58,65",,10%,COMPRA MAS PAGA MENOS,"21,39","35,52",38%,27%,31%,31%,32%
"Ketchup HEINZ, bote 342 g",10956803,2-ALIMENTACION,9-COCINA,3-SALSAS,5-KETCHUP,2-KETCHUP MENOS 400 G,"Ketchup HEINZ, bote 342 g",HEINZ,10956803,BOTE,"0,342",342,1,KG,,,,"2,85",,"8,33",,,"0,84",,"2,42","7,08",15%," 'distance': 3,4676105976104736",119333,'HEINZ salsa ketchup bote de 1Kg',HEINZ,,BOTE,"0,88",KG,875,1,875,,,,"4,90",,,"5,60",,,,,"1,48","2,73",33%,21%,33%,33%,32%
PATAS DE PULPO COCIDO,8492761,1-FRESCOS,7-PESCADERIA,12-ESPECIALIDADES,40-PULPO COCIDO,"10-PULPO COC, PATAS",PATAS DE PULPO COCIDO,EROSKI,8492761,BANDEJA,"0,2",200,1,KG,,,,"9,15",,"45,75",,,"19,65",,"6,86","34,31",25%," 'distance': 0,236499741673469",220556,METRO Chef pulpo cocido 3 patas 250 g,METRO CHEF,,BANDEJA,"0,25",KG,250,1,250,,,,"10,11",,,"40,44",,,,,"-6,13","5,31",12%,-18%,12%,34%,32%
"Tejas-cigarrillos de Tolosa CASA ECEIZA, lata 160 g",2025641,2-ALIMENTACION,10-DULCE,20-GALLETAS,9-GALLETAS ESPECIALIDADES,20-PASTAS ARTESANAS O SURTIDAS,"Tejas-cigarrillos de Tolosa CASA ECEIZA, lata 160 g",CASA ECEIZA,2025641,LATA,"0,16",160,1,KG,,,,"6,15",,"38,44",,,"0,3",,"5,54","34,59",10%," 'distance': 1,5060278177261353",735527,'Casa Eceiza tejas y cigarrillos de Tolosa 300 g',CASA ECEIZA,,ESTUCHE,"0,30",KG,300,1,300,,,,"7,21",,,"24,03",,,,,"10,56","14,40",37%,31%,37%,37%,34%
"Yogur griego natural KAIKU, pack 4x125 g",26523332,2-ALIMENTACION,5-LACTEOS,4-YOGURES Y POSTRES,2-YOGURES ESPECIALES,80-TIPO GRIEGO NATURAL,"Yogur griego natural KAIKU, pack 4x125 g",KAIKU,26523332,PACK,"0,125",500,4,KG,,,,"2,54",,"5,08",,,,,,,," 'distance': 0,461187660694122",219222,"Kaiku yogur gurea natural cubo 3,5 kg",KAIKU,,CUBO,"3,5",KG,3500,1,3500,,,,"12,12",,,"3,46",,,,,"1,62","1,62",32%,32%,32%,32%,33%
SALMON AHUMADO,18915926,1-FRESCOS,7-PESCADERIA,12-ESPECIALIDADES,25-AHUMADOS,5-SALMON LONCHAS,SALMON AHUMADO,"E,BASIC",18915926,SOBRE,"0,12",120,1,KG,,,,"4,47",,"37,25",,,"18,73",,"3,35","27,94",25%," 'distance': 2,931441307067871",190093,makro Chef salmón ahumado noruego 600g,METRO CHEF,,BOLSA/BOLSON,1,KG,1000,1,1000,,,,"24,04","20,43",,"24,04","20,43",,15%,COMPRA MAS PAGA MENOS,"7,50","16,82",45%,27%,35%,35%,29%
"Vino Tinto Crianza D,O, Rioja VIÑA IZADI, botella 75 cl",329664,2-ALIMENTACION,11-BEBIDAS,14-VINO D.O.,"9-VINOS D,O, TINTOS","53-VINO TINTO D,O, RIOJA CRIANZA","Vino Tinto Crianza D,O, Rioja VIÑA IZADI, botella 75 cl",VIÑA IZADI,329664,BOTELLA,"0,75",750,1,L,,,,"12,55",,"16,73",,,"0,46",,"10,67","14,22",15%," 'distance': 0,8337234258651733",8724,'Izadi vino tinto crianza Rioja botella 75cl',IZADI,,BOTELLA,"0,75",L,750,1,750,,,,"9,26",,,"12,35",,,,,"1,88","4,39",26%,13%,26%,28%,31%
"Anchoas oro en aceita de oliva CONSORCIO, lata 50 g",25922865,1-FRESCOS,7-PESCADERIA,12-ESPECIALIDADES,30-CONSERVAS DE ANCHOA,"5-LATA OCT, CANTABRICO","Anchoas oro en aceita de oliva CONSORCIO, lata 50 g",CONSORCIO,25922865,LATA,"0,05",50,1,KG,,,,"5,79",,"115,80",,,"0,03",,"4,34","86,85",25%," 'distance': 1,485605001449585",214858,'Consorcio serie oro Anchoa del Cantabrico en aceite de oliva frasco 50 gne (74 g)',CONSORCIO,,LATA,"0,07",KG,74,1,74,,,,"6,33",,,"85,54",,,,,"1,31","30,26",26%,2%,26%,26%,32%
"Cerveza MAHOU 5 Estrellas, pack botellín 6x25 cl",311720,2-ALIMENTACION,11-BEBIDAS,8-CERVEZAS,1-CERVEZAS LAGER,1-CERVEZAS LAGER BOTELLA,"Cerveza MAHOU 5 Estrellas, pack botellín 6x25 cl",MAHOU,311720,PACK,"1,5",1500,1,L,España,,,"4,45","3,47","2,97","2,31",,"0,26",22%,"2,60","1,74",25%," 'distance': 3,0290231704711914",180739,'Mahou cerveza Cinco Estrellas 25cl contiene 24 botellas',MAHOU,,BOTELLA,"0,25",L,250,24,6000,,,,"11,60","10,90",,"1,93","1,82",,6%,COMPRA MAS PAGA MENOS,"-0,08","0,50",21%,-5%,35%,30%,31%
"Bebida energética RED BULL, lata 25 cl",202986,2-ALIMENTACION,11-BEBIDAS,10-BEBIDAS REFRESCANTES,33-ENERGETICO,5-ENERGETICO REG,"Bebida energética RED BULL, lata 25 cl",RED BULL,202986,LATA,"0,25",250,1,L,,,,"1,59","1,06","6,36","4,24",,"15,76",3x2,"0,85","3,39",20%," 'distance': 1,36769700050354",133489,Red Bull bebida energética lata 25cl contiene 24 unidades',RED BULL,,LATA,"0,25",L,250,24,6000,,,,"27,58","24,82",,"4,60","4,14",,10%,COMPRA MAS PAGA MENOS,"-0,75","0,10",2%,-22%,28%,30%,32%
"Entrecot de vaca, bandeja aprox, 800 g",6144711,1-FRESCOS,2-CARNICERIA,61-VACUNO ENVASADO,5-VACUNO MAYOR ENVASADO,2-MAYOR LOMO ENVASADO,"Entrecot de vaca, bandeja aprox, 800 g",EROSKI,6144711,BANDEJA,"0,8",800,1,KG,,,,"15,16",,"18,95",,,"5,34",,"11,37","14,21",25%," 'distance': 2,456040859222412",164496,Entrecot de vaca 2 ud x 1 kg al vacío precio kg,MAKRO CHEF,,KILO,"2,00",KG,2000,1,2000,,,,"29,60",,,"14,8",,,,,"-0,59","4,15",22%,-4%,22%,34%,34%
"Mermelada de frambuesa LA VIEJA FABRICA Diet, frasco 280 g",16739989,2-ALIMENTACION,8-SALADO,15-MERMELADAS,7-MERMELADA O CONFITURA DIET,8-MERM/CONF. DIET FRUTOS ROJOS,"Mermelada de frambuesa LA VIEJA FABRICA Diet, frasco 280 g",LA VIEJA FABRICA,16739989,FRASCO,"0,28",280,1,KG,,,,"3,39","2,20","12,11","7,87",,"0,42",2nd unit-70%,,,," 'distance': 0,474884331226349",91312,LA VIEJA FABRICA mermelada de frambuesa tarro 800g,LA VIEJA FABRICA,,TARRO,"0,8",KG,800,1,800,,,,"6,37","5,73",,"7,96","7,17",,10%,COMPRA MAS PAGA MENOS,"0,70","0,70",9%,9%,34%,28%,32%
"Piña en rodajas DEL MONTE, lata 510 g",24281644,2-ALIMENTACION,8-SALADO,17-ALMIBARES,3-PIÑA,3-PIÑA MAS DE MEDIO KILO,"Piña en rodajas DEL MONTE, lata 510 g",DEL MONTE,24281644,LATA,"0,51",510,1,KG,,,,"3,99",,"7,82",,,"0,23",,,,," 'distance': 1,8683815002441406",131255,Del Monte piña en rodajas en su jugo lata 140 gne contiene 3 unidades (906 g)',DEL MONTE,,PACK,"0,91",KG,906,1,906,,,,"4,95",,,"5,46",,,,,"2,36","2,36",30%,30%,30%,34%,33%
"Salchichón nobleza ELPOZO, al corte, compra mínima 100 g",231761,1-FRESCOS,4-CHARCUTERIA,2-CARNICOS MOSTRADOR,4-EMBUTIDOS MOSTRADOR,7-SALCHICHON VELA MOSTRADOR,"Salchichón nobleza ELPOZO, al corte, compra mínima 100 g",ELPOZO,231761,GRANEL,"0,1",100,1,KG,,,,"2,12",,"21,20",,,"0,06",,"1,59","15,90",25%," 'distance': 2,914720058441162",799643,Elpozo salchichón nobleza',ELPOZO,,KILO,"2,00",KG,2000,1,2000,,,,"14,29",,,"14,03",,,,,"1,87","7,17",34%,12%,34%,34%,32%
"Salsa de curry-mango HEINZ, bocabajo 220 g",11637675,2-ALIMENTACION,9-COCINA,3-SALSAS,9-SALSAS ESPECIALES,10-SALSAS SNACKING,"Salsa de curry-mango HEINZ, bocabajo 220 g",HEINZ,11637675,BOCABAJO,"0,22",220,1,KG,,,,"2,69",,"12,23",,,"1,26",,"2,29","10,39",15%," 'distance': 2,660707473754883",182992,'HEINZ salsa curry mango 875 ml',HEINZ,,UNIDAD,"0,88",L,875,1,875,,,,"6,81",,,"7,78",,,,,"2,61","4,44",36%,25%,36%,36%,34%
"Borraja GUTARRA, frasco 400 g",324715,2-ALIMENTACION,8-SALADO,13-CONSERVAS VEGETALES,25-VERDURAS Y VEGETALES VARIOS,1-BORRAJA,"Borraja GUTARRA, frasco 400 g",GVTARRA,324715,FRASCO,"0,4",400,1,KG,España,,,"4,59","2,98","11,48","7,46",,"0,53",2nd unit-70%,,,," 'distance': 1,3907712697982788",289757,'GVTARRA borraja frasco 400gne (660 g)',GVTARRA,,FRASCO,"0,66",KG,660,1,660,,,,"5,01",,,"7,59",,,,,"-0,13","-0,13",-2%,-2%,34%,34%,33%
"Albondigas con tomate CARRETILLA, bandeja 300 g",15725773,2-ALIMENTACION,9-COCINA,11-PLATOS PREPARADOS,18-PLATO FORMATO MICROONDABLE,11-PLATO MICROONDABLE BASE CARNE,"Albondigas con tomate CARRETILLA, bandeja 300 g",CARRETILLA,15725773,BANDEJA,"0,3",300,1,KG,,,,"3,49","2,27","11,63","7,56",,"2,5",2nd unit-70%,,,," 'distance': 0,240483894944191",219432,Campofrio albondigas con tomates bandeja 2kg,CAMPOFRIO,,BANDEJA,2,KG,2000,1,2000,,,,"17,59",,,"8,80",,,,,"-1,23","-1,23",-16%,-16%,24%,32%,33%
"CERVEZA ESPECIAL 6X0,20, ESTRELLA GALICIA",14333603,2-ALIMENTACION,11-BEBIDAS,8-CERVEZAS,1-CERVEZAS LAGER,1-CERVEZAS LAGER BOTELLA,"CERVEZA ESPECIAL 6X0,20, ESTRELLA GALICIA",ESTRELLA GALICIA,14333603,PACK,"1,2",1200,1,L,,,,"3,99","3,59","3,33","2,99",,"3,15",10%,"2,69","2,24",25%," 'distance': 0,537159502506256",142486,Estrella Galicia cerveza mini 20cl contiene 24 botellas,ESTRELLA GALICIA,,Botella,"0,2",L,200,24,4800,,,,"10,47",,,"2,18",,,,,"0,06","0,81",27%,3%,34%,33%,34%
Salchichas Cocktail EROSKI frasco 200 g,8570418,2-ALIMENTACION,9-COCINA,25-CONSERVAS CARNICAS,5-SALCHICHAS,15-SALCHICHAS COCKTAIL,Salchichas Cocktail EROSKI frasco 200 g,EROSKI,8570418,FRASCO,"0,2",200,1,KG,Alemania,,,"2,45",,"12,25",,,"0,88",,,,," 'distance': 5,318205833435059",185489,'makro Chef salchichas cocktail frankfurt 1kg',MAKRO CHEF,,PIEZA,"1,00",KG,1000,1,1000,,,,"8,42",,,"8,09",,,,,"4,16","4,16",34%,34%,34%,34%,35%
"Refresco de naranja KAS, botella 2 litros",26222604,2-ALIMENTACION,11-BEBIDAS,10-BEBIDAS REFRESCANTES,3-C/G NARANJA,15-C/G NARANJA REG GRAND,"Refresco de naranja KAS, botella 2 litros",KAS,26222604,BOTELLA,2,2000,1,L,,,,"1,79","1,50","0,90","0,75",,"2,92",16%,"1,20","0,60",20%," 'distance': 1,9643723964691162",118066,KAS naranja zero pet 2L contiene 6 unidades,KAS,,BOTELLA,"2,00",L,2000,6,12000,,,,"7,13","6,42",,"0,59","0,53",,10%,COMPRA MAS PAGA MENOS,"0,07","0,22",29%,11%,34%,34%,32%
Espárrago muy grueso 9/12 piezas EROSKI frasco 325 g,2424067,2-ALIMENTACION,8-SALADO,12-ESPARRAGOS,9-ESPARRAGOS BLANCOS,25-ESPARRAGO FRASCO MUY GRUESO,Espárrago muy grueso 9/12 piezas EROSKI frasco 325 g,EROSKI,2424067,FRASCO,"0,325",325,1,KG,,,,"2,9",,"8,92",,,"2,73",,,,," 'distance': 3,710629463195801",78512,makro Chef espárrago punta blanca 9-12 piezas frasco 325gne (540 g)',MAKRO CHEF,,FRASCO,"0,54",KG,540,1,540,,,,"3,29","2,96",,"6,09","5,48",,10%,COMPRA MAS PAGA MENOS,"3,44","3,44",39%,39%,32%,34%,33%
"Café en grano mezcla 70/30 FORTALEZA, paquete 1 kg",540864,2-ALIMENTACION,10-DULCE,8-CAFE,1-CAFE GRANO,3-CAFE¿GRANO¿MEZCLA,"Café en grano mezcla 70/30 FORTALEZA, paquete 1 kg",FORTALEZA,540864,PAQUETE,1,1000,1,KG,,,,"19,89",,"19,89",,,0,,"17,90","17,90",10%," 'distance': 2,415515422821045",501761,Fortaleza café molido mezcla 65% natural 30% torrefacto 1Kg',FORTALEZA,,PAQUETE,"1,00",KG,1000,1,1000,,,,"19,35",,,"12,93",,,,,"4,97","6,96",35%,28%,35%,35%,34%
"Nata para cocinar espesa especial pasta PRESIDENT, bote 250 ml",553768,2-ALIMENTACION,5-LACTEOS,12-NATAS-CREMAS,1-NATA COCINA,7-NATA COCINAR 200 Y MULTIPACK,"Nata para cocinar espesa especial pasta PRESIDENT, bote 250 ml",PRESIDENT,553768,BOTE,"0,25",250,1,L,,,,"2,25",,"9,00",,,"1,8",,"1,69","6,75",25%," 'distance': 0,543977975845337",489242,"PRESIDENT nata de cocina de textura espesa 18,3% materia grasa brick 1 L",PR√âSIDENT,,BRIK,1,L,1000,1,1000,,,,"5,93",,,"5,93",,,,,"0,82","3,07",34%,12%,34%,34%,34%
"Pasas de California sin pepita BORGES, bolsa 150 g",14780951,2-ALIMENTACION,8-SALADO,45-FRUTOS SECOS TRADICIONALES,5-COCINA,5-COCINA,"Pasas de California sin pepita BORGES, bolsa 150 g",BORGES,14780951,BOLSA,"0,15",150,1,KG,Estados Unidos,,,"1,99",,"13,27",,,"0,5",,"1,89","12,60",5%," 'distance': 2,2325804233551025",21645,'BORGES Pasa de california sin piel en bolsa de 1 kg',BORGES,,BOLSA/BOLSON,"1,00",KG,1000,1,1000,,,,"9,52",,,"9,52",,,,,"3,08","3,75",28%,24%,28%,28%,32%
"Vermut rojo ZARRO, botella 1 litro",25963844,2-ALIMENTACION,11-BEBIDAS,18-BEBIDAS DE ALTA GRADUACION,25-VERMOUTH,1-VERMOUTH ROJO,"Vermut rojo ZARRO, botella 1 litro",ZARRO,25963844,BOTELLA,1,1000,1,L,,,,"6,15",,"6,15",,,"0,26",,"5,23","5,23",15%," 'distance': 3,217987537384033",171733,'Zarro vermut rojo bib 3L',ZARRO,,BOTELLA,"3,00",L,3000,1,3000,,,,"13,9",,,"4,63",,,,,"0,59","1,52",25%,11%,25%,31%,32%
"Salsa rice vinegar BLUE DRAGON, frasco 150 ml",22311476,2-ALIMENTACION,8-SALADO,39-COMIDAS DEL MUNDO,10-COMIDA ASIATICA,15-JAPONESA,"Salsa rice vinegar BLUE DRAGON, frasco 150 ml",BLUE DRAGON,22311476,FRASCO,"0,15",150,1,L,,,,"3,25",,"21,67",,,"0,13",,"2,60","17,33",20%," 'distance': 1,09711349010468",411879,Blue Dragon vinagre arroz japon botella 150ml,BLUE DRAGON,,BOTELLA,"0,15",L,150,1,150,,,,"2,19",,,"14,60",,,,,"2,73","7,07",33%,16%,33%,33%,34%
Calamar patagónico limpio EROSKI caja 500 g,19873124,2-ALIMENTACION,3-CONGELADOS,9-PESCADO Y MARISCO CONGELADO,10-CEFALOPODO,5-CALAMAR NO PORCIONADO,Calamar patagónico limpio EROSKI caja 500 g,EROSKI,19873124,CAJA,"0,5",500,1,KG,,,,"8,15",,"16,30",,,"0,57",,"7,74","15,49",5%," 'distance': 3,652515411376953",214015,'METRO Chef calamar patagonico 9-12 cm limpio 1 kg',METRO CHEF,,CAJA/CAJON,"1,00",KG,1000,1,1000,,,,"11,55","11,09",,"11,55","11,09",,4%,,"4,40","5,21",32%,28%,29%,35%,34%
"Mermelada de albaricoque LA VIEJA FABRICA, frasco 350 g",50765,2-ALIMENTACION,8-SALADO,15-MERMELADAS,1-MERMELADA O CONFITURA,5-MERMELAD/CONFITURA ALBARICOQUE,"Mermelada de albaricoque LA VIEJA FABRICA, frasco 350 g",LA VIEJA FABRICA,50765,FRASCO,"0,35",350,1,KG,,,,"3,29",,"9,40",,,"0,73",,,,," 'distance': 1,5649452209472656",515190,LA VIEJA FÁBRICA mermelada de albaricoque tarro 800 g',LA VIEJA FABRICA,,FRASCO,"0,80",KG,800,1,800,,,,"5,34","4,54",,"6,12","5,20",,15%,COMPRA MAS PAGA MENOS,"4,20","4,20",45%,45%,35%,35%,34%
"Sidra natural D,O, Euskal Sagardoa IZETA, botella 75 cl",23067085,2-ALIMENTACION,11-BEBIDAS,16-ESPUMOSOS,5-SIDRAS,3-SIDRAS NATURALES,"Sidra natural D,O, Euskal Sagardoa IZETA, botella 75 cl",IZETA,23067085,BOTELLA,"0,75",750,1,L,,,,"3,35",,"4,47",,,0,,"2,68","3,57",20%," 'distance': 1,5153183937072754",141224,'Izeta sidra botella 70cl',IZETA,,BOTELLA,"0,70",L,700,1,700,,,,"2,04","1,82",,"2,91","2,59",,11%,COMPRA MAS PAGA MENOS,"0,98","1,88",42%,28%,35%,35%,34%
"Bonito en aceite de oliva ARROYABE, frasco 227 g",345975,2-ALIMENTACION,8-SALADO,23-CONSERVAS DE PESCADO,7-BONITO,9-BONITO ACEITE,"Bonito en aceite de oliva ARROYABE, frasco 227 g",ARROYABE,345975,FRASCO,"0,227",227,1,KG,España,,,"7,20",,"31,72",,,"0,57",,"6,48","28,55",10%," 'distance': 0,7086666226387024",93131,'Arroyabe bonito del norte en aceite oliva frasco 260 gne (400 g)',ARROYABE,,FRASCO,"0,40",KG,400,1,400,,,,"8,20",,,"20,50",,,,,"8,05","11,22",35%,28%,35%,35%,34%
"Caldo casero de verdura GALLINA BLANCA, brik 500 ml",22515183,2-ALIMENTACION,9-COCINA,15-SOPAS PURES Y CALDOS,6-CALDOS¿LÍQUIDOS,5-CALDO LIQUIDO CARNE,"Caldo casero de verdura GALLINA BLANCA, brik 500 ml",GALLINA BLANCA,22515183,BRIK,"0,5",500,1,L,España,,,"1,75",,"3,50",,,"1,19",,,,," 'distance': 1,4469285011291504",124647,'Gallina Blanca caldo casero de verduras 1l',GALLINA BLANCA,,BRIK,"1,00",L,1000,1,1000,,,,"1,82",,,"1,82",,,,,"1,68","1,68",48%,48%,48%,48%,40%
"Cardo troceado GUTARRA, frasco 400 g",324368,2-ALIMENTACION,8-SALADO,13-CONSERVAS VEGETALES,25-VERDURAS Y VEGETALES VARIOS,13-CARDO,"Cardo troceado GUTARRA, frasco 400 g",GVTARRA,324368,FRASCO,"0,4",400,1,KG,España,,,"3,49",,"8,73",,,"7,12",,,,," 'distance': 1,622666597366333",289835,'GVTARRA cardo frasco 400gne (660 g)',GVTARRA,,FRASCO,"0,66",KG,660,1,660,,,,"3,73",,,"5,65",,,,,"3,07","3,07",35%,35%,35%,35%,35%
"Crema fresca fermentada 30% mg EL PASTORET, tarrina 170 g",26162222,2-ALIMENTACION,5-LACTEOS,12-NATAS-CREMAS,1-NATA COCINA,1-NATA FRESCA,"Crema fresca fermentada 30% mg EL PASTORET, tarrina 170 g",EL PASTORET,26162222,TARRINA,"0,17",170,1,KG,España,,,"2,25",,"13,24",,,"0,47",,"1,69","9,93",25%," 'distance': 3,1468024253845215",36170,'Pastoret nata crema freiche cocinar 30% materia grasa tarrina 500 g',PASTORET,,TARRINA,"0,50",KG,500,1,500,,,,"4,02","3,42",,"8,04","6,83",,15%,COMPRA MAS PAGA MENOS,"3,09","6,40",48%,31%,39%,39%,35%
"Chorizo extra de León PALCARSA, sobre 100 g",20166849,1-FRESCOS,4-CHARCUTERIA,"6-CURADOS, EMBUT. E IBERICOS",4-EMBUTIDOS PORCION,4-CHORIZO CULAR PORCION,"Chorizo extra de León PALCARSA, sobre 100 g",PALCARSA,20166849,SOBRE,"0,1",100,1,KG,,,,"1,95",,"19,50",,,"1,83",,"1,76","17,55",10%," 'distance': 0,188834547996521",128204,Palcarsa chorizo extra en lonchas 250g,PALCARSA,,BANDEJA,"0,25",KG,250,1,250,,,,"3,58",,,"12,60",,,,,"4,95","6,90",35%,28%,35%,35%,35%
"Aceitunas sabor anchoa SERVIHOSTEL, galón 5 kg",13180955,2-ALIMENTACION,8-SALADO,1-ACEITUNAS Y ENCURTIDOS,,,"Aceitunas sabor anchoa SERVIHOSTEL, galón 5 kg",SERVIHOSTEL,13180955,FRASCO,5,5000,1,KG,,,,"15,13",,"6,44",,,,,,,," 'distance': 0,247459799051285",178728,makro Chef aceituna manzanilla sabor anchoa frasco 2300gne (3690 g),MAKRO CHEF,,FRASCO,"3,69",KG,3690,1,3690,,,,"13,74",,,"3,72",,,,,"2,72","2,72",42%,42%,42%,35%,35%
"Salmón ahumado noruego tradicional MARTIKO, sobre 80 g",25605015,1-FRESCOS,7-PESCADERIA,12-ESPECIALIDADES,25-AHUMADOS,5-SALMON LONCHAS,"Salmón ahumado noruego tradicional MARTIKO, sobre 80 g",MARTIKO,25605015,SOBRE,"0,08",80,1,KG,,,,"4,25",,"53,13",,,"0,69",,"3,19","39,84",25%," 'distance': 0,366853982210159",41060,Martiko salmón ahumado noruego,MARTIKO,,KILO,"1,3",KG,1300,1,1300,,,,"36,36","30,91",,"39,66","33,71",,15%,COMPRA MAS PAGA MENOS,"6,13","19,41",37%,15%,25%,25%,32%
"Corazón de cogollo EROSKI NATUR, unidad",4834537,1-FRESCOS,1-FRUTA Y HORTALIZA,2-HORTALIZA,78-HORTALIZAS DE ENSALADA,5-LECHUGAS,"Corazón de cogollo EROSKI NATUR, unidad",E. NATUR,4834537,UNIDAD,1,1000,1,UDS,,,,"1,94","1,71","1,94","1,71",,"14,05",12%,"1,45","1,45",15%," 'distance': 0,9722946882247925",175162,METRO Chef Cogollo corazones tarrina contiene 6ud,METRO CHEF,,TARRINA,"0,5",KG,500,1,500,,,,"2,49",,,"1,25",,,,,"0,21","0,46",27%,14%,36%,36%,36%
"Tomate para pizza MUTTI, lata 400 g",13794508,2-ALIMENTACION,8-SALADO,10-TOMATE,1-TOMATE NATURAL,20-ESPECIALIDADES,"Tomate para pizza MUTTI, lata 400 g",MUTTI,13794508,LATA,"0,4",400,1,KG,,,,"2,89",,"7,23",,,"0,8",,"2,46","6,14",15%," 'distance': 2,2999496459960938",75968,'MUTTI tomate pizza lata 400 g contiene 2 unidades ( total 800 g)',MUTTI,,PACK,"0,40",KG,400,2,800,,,,"3,84",,,"4,80",,,,,"1,34","2,43",34%,22%,34%,34%,34%
"Chorizo casero SEÑORA JULIA, sarta 250 g",11771714,1-FRESCOS,4-CHARCUTERIA,8-CARNICOS PIEZA,2-EMBUTIDOS PIEZA,6-CHORIZO SARTA,"Chorizo casero SEÑORA JULIA, sarta 250 g",SEÑORA JULIA,11771714,SARTA,"0,25",250,1,KG,España,,,"4,09",,"16,36",,,"1,38",,"3,89","15,54",5%," 'distance': 3,59149169921875",57207,Señora Julia chorizo oreado 500g',SEÑORA JULIA,,PACK,"0,50",KG,500,1,500,,,,"5,12",,,"10,24",,,,,"5,30","6,12",37%,34%,37%,37%,36%
Leche condensada EROSKI dosificador 450 g,9205238,2-ALIMENTACION,8-SALADO,21-LECHES ESPECIALES,3-LECHE¿CONDENSADA¿,1-LECHE CONDENSADA GRANDE,Leche condensada EROSKI dosificador 450 g,EROSKI,9205238,DOSIFICADOR,"0,45",450,1,KG,,,,"2,55",,"5,67",,,"1,57",,,,," 'distance': 4,53264045715332",211022,'METRO Chef leche condensada entera 2,METRO CHEF,,UNIDAD,"2,42",KG,2420,1,2420,,,,"9,63","8,76",,"3,98","3,62",,9%,COMPRA MAS PAGA MENOS,"2,05","2,05",36%,36%,30%,30%,33%
"Crema catalana ROYAL, caja 120 g",3377512,2-ALIMENTACION,9-COCINA,21-REPOSTERIA,5-RECETAS TRADICIONALES,7-OTROS POSTRES TRADICIONALES,"Crema catalana ROYAL, caja 120 g",ROYAL,3377512,CAJA,"0,12",120,1,KG,España,,,"1,85",,"15,42",,,0,,,,," 'distance': 1,7207177877426147",380965,'Royal Crema Catalana bote profesional\xa0800g',ROYAL,,CAJA/CAJON,"0,80",KG,800,1,800,,,,"7,91","6,72",,"9,89","8,40",,15%,COMPRA MAS PAGA MENOS,"7,01","7,01",45%,45%,36%,36%,35%
Hígado de pollo EROSKI bandeja aprox. 350 g,23518459,1-FRESCOS,2-CARNICERIA,69-POLLO ENVASADO AVES,15-POLLO SUBPRODUCT ENVASADO AVES,10-POLLO SUBPRODUCTOS,Hígado de pollo EROSKI bandeja aprox. 350 g,EROSKI,23518459,BANDEJA,"0,35",350,1,KG,,,,"1,50",,"4,29",,,"2,83",,"1,43","4,07",5%," 'distance': 0,995368480682373",94958,"Higaditos de pollo tarrina 0,5 kg precio kg",MAKRO CHEF,,KILO,"0,50",KG,500,1,500,,,,"1,52",,,"3,03",,,,,"1,04","1,26",29%,26%,29%,36%,36%
"Whisky Japanese Smooth DEWAR'S, botella 70 cl",24904096,2-ALIMENTACION,11-BEBIDAS,18-BEBIDAS DE ALTA GRADUACION,13-WHISKY,3-WHISKY¿STANDARD,"Whisky Japanese Smooth DEWAR'S, botella 70 cl",DEWAR'S,24904096,BOTELLA,"0,7",700,1,L,,,,"18,19",,"25,99",,,"0,03",,"15,46","22,09",15%," 'distance': 3,2228047847747803",491621,"""Dewar's White Label whisky escocés botella 70cl Alc, 40% vol,""",DEWAR'S,,BOTELLA,"0,70",L,700,1,700,,,,"12,16",,,"17,37",,,,,"4,72","8,61",33%,21%,33%,36%,35%
"Chalote, malla 250 g",17744772,1-FRESCOS,1-FRUTA Y HORTALIZA,20-COMPLEMENTOS BASICOS,10-CEBOLLAS,15-OTRAS CEBOLLAS,"Chalote, malla 250 g",EROSKI,17744772,MALLA,"0,25",250,1,KG,,,,"1,99",,"7,96",,,"3,36",,"1,59","6,37",20%," 'distance': 0,744867861270905",811239,METRO Chef Cebolla chalota especial salsas calibre 20/40 malla 500g ,METRO CHEF,,MALLA,"0,50",KG,500,1,500,,,,"3,69",,,"7,38",,,,,"-1,01","0,58",7%,-16%,7%,7%,26%
"Almendras saladas BORGES, bolsa 160 g",15630288,2-ALIMENTACION,8-SALADO,3-FRUTOS SECOS,21-NOBLES,1-ALMENDRAS,"Almendras saladas BORGES, bolsa 160 g",BORGES,15630288,BOLSA,"0,16",160,1,KG,,,,"3,45",,"21,56",,,"1,69",,"3,28","20,48",5%," 'distance': 3,211979389190674",212991,"BORGES almendra repelada frita salada doy pack (1000 g aprox,)",BORGES,,UNIDAD,1,KG,1000,1,1000,,,,"17,99",,,"17,99",,,,,"2,49","3,57",17%,12%,17%,34%,35%
"Salsa de soja KIKKOMAN, botella 1 litro",19526268,2-ALIMENTACION,9-COCINA,3-SALSAS,9-SALSAS ESPECIALES,21-SALSAS SOJA,"Salsa de soja KIKKOMAN, botella 1 litro",KIKKOMAN,19526268,BOTELLA,1,1000,1,L,,,,"12,59",,"12,59",,,"0,34",,"10,70","10,70",15%," 'distance': 1,1176583766937256",47440,'KIKKOMANN salsa de soja botella 1l',KIKKOMAN,,BOTELLA,"1,00",L,1000,1,1000,,,,"8,02",,,"8,02",,,,,"2,68","4,57",36%,25%,36%,36%,36%
"Salchichas Bockwurst EROSKI 5 uds, frasco 250 g",8570517,2-ALIMENTACION,9-COCINA,25-CONSERVAS CARNICAS,5-SALCHICHAS,5-SALCHICHAS BOCKWURST,"Salchichas Bockwurst EROSKI 5 uds, frasco 250 g",EROSKI,8570517,FRASCO,"0,25",250,1,KG,Alemania,,,"1,9",,"7,60",,,"1,07",,,,," 'distance': 3,962902545928955",151604,'makro Chef salchicha bockwurst 8 piezas frasco 400 gne (640 g)',MAKRO CHEF,,FRASCO,"0,64",KG,640,1,640,,,,"3,14",,,"4,91",,,,,"2,69","2,69",35%,35%,35%,36%,36%
"Cerveza MAHOU 5 Estrellas, lata 33 cl",465708,2-ALIMENTACION,11-BEBIDAS,8-CERVEZAS,1-CERVEZAS LAGER,5-CERVEZAS LAGER LATA,"Cerveza MAHOU 5 Estrellas, lata 33 cl",MAHOU,465708,LATA,"0,33",330,1,L,España,,,"0,85",,"2,58",,,"12,34",,"0,64","1,93",25%," 'distance': 2,121734619140625",158536,'Mahou cerveza Cinco Estrellas 33cl contiene 28 latas',MAHOU,,RETRACTIL,"0,33",L,330,28,9240,,,,"13,85",,,"1,50",,,,,"0,43","1,08",42%,22%,42%,41%,37%
Galleta María Dorada sin azúcar añadido EROSKI paquete 400 g,25746827,2-ALIMENTACION,10-DULCE,20-GALLETAS,5-GALLETAS SALUD Y BIENESTAR,20-BAJO O SIN AZUCAR,Galleta María Dorada sin azúcar añadido EROSKI paquete 400 g,EROSKI,25746827,PAQUETE,"0,4",400,1,KG,,,,"1,50",,"3,75",,,"1,46",,"1,35","3,38",10%," 'distance': 3,0384366512298584",78560,aro galletas María dorada 200 g contiene 4 paquetes (total 800 g)',ARO,,CAJA/CAJON,"0,80",KG,800,1,800,,,,"2,04","1,84",,"2,55","2,30",,10%,COMPRA MAS PAGA MENOS,"1,08","1,46",39%,32%,32%,38%,35%
"Bonito del norte en aceite de oliva ARROYABE, lata 111 g",19742329,2-ALIMENTACION,8-SALADO,23-CONSERVAS DE PESCADO,7-BONITO,9-BONITO ACEITE,"Bonito del norte en aceite de oliva ARROYABE, lata 111 g",ARROYABE,19742329,LATA,"0,111",111,1,KG,,,,"3,65",,"32,88",,,"0,07",,"3,29","29,59",10%," 'distance': 0,0617507100105285",103994,Arroyabe bonito del norte en aceite oliva lata 650 gne (900 g),ARROYABE,,LATA,"0,9",KG,900,1,900,,,,"20,56",,,"20,77",,,,,"8,82","12,11",37%,30%,37%,37%,37%
"Pulpa de tomate MUTTI, lata 400 g",13544861,2-ALIMENTACION,8-SALADO,10-TOMATE,1-TOMATE NATURAL,10-TOMATE TRITURADO HASTA 500G,"Pulpa de tomate MUTTI, lata 400 g",MUTTI,13544861,LATA,"0,4",400,1,KG,,,,"2,89",,"7,23",,,"1,53",,"2,46","6,14",15%," 'distance': 2,2642550468444824",114579,'MUTTI tomate pulpa lata 400 gn contiene 3 unidades (total 1200 g)',MUTTI,,LATA,"1,20",KG,1200,1,1200,,,,"5,67",,,"4,73",,,,,"1,42","2,50",35%,23%,35%,37%,37%
"Salsa barbacoa original BULL'S EYE, bote 355 g",22610331,2-ALIMENTACION,9-COCINA,3-SALSAS,9-SALSAS ESPECIALES,3-SALSAS BARBACOA,"Salsa barbacoa original BULL'S EYE, bote 355 g",BULL'S EYE,22610331,BOTE,"0,355",355,1,KG,,,,"3,99",,"11,24",,,"0,36",,"3,39","9,55",15%," 'distance': 2,54701828956604",216868,"""Bull's-Eye salsa barbacoa original 2 L""",BULL'S-EYE,,GARRAFA,"2,00",L,2000,1,2000,,,,"14,18",,,"7,09",,,,,"2,46","4,15",37%,26%,37%,37%,36%
"Multidesinfectante lejía SANICENTRO, pistola 750 ml",23623804,2-ALIMENTACION,12-DROGUERIA,50-LIMPIADORES,19-RESTO HOGAR,35-LIMPIAHOGAR MULTIUSOS SPRAY,"Multidesinfectante lejía SANICENTRO, pistola 750 ml",SANICENTRO,23623804,PISTOLA,"0,75",750,1,L,,,,"2,55",,"3,40",,,"0,3",,"2,42","3,23",5%," 'distance': 3,0202479362487793",188328,Sanicentro Limpiador multidesinfección sin lejía 1,SANICENTRO,,BOTE,"1,50",L,1500,1,1500,,,,"3,21",,,"2,14",,,,,"1,09","1,26",37%,34%,37%,37%,38%
"Ginebra francesa CITADELLE, botella 70 cl",14402762,2-ALIMENTACION,11-BEBIDAS,18-BEBIDAS DE ALTA GRADUACION,3-GINEBRA,10-GINEBRA PREMIUM,"Ginebra francesa CITADELLE, botella 70 cl",CITADELLE,14402762,BOTELLA,"0,7",700,1,L,,,,"26,00",,"37,14",,,0,,"22,10","31,57",15%," 'distance': 0,9922068119049072",75325,'CITADELLE ginebra botella 70cl',CITADELLE,,BOTELLA,"0,70",L,700,1,700,,,,"21,28",,,"30,40",,,,,"1,17","6,74",18%,4%,18%,18%,30%
"Ketchup PRIMA, bote 540 g",25458746,2-ALIMENTACION,9-COCINA,3-SALSAS,5-KETCHUP,3-KETCHUP MAS 400 G,"Ketchup PRIMA, bote 540 g",PRIMA,25458746,BOTE,"0,54",540,1,KG,,,,"2,79","1,81","5,17","3,36",,"3,34",2nd unit-70%,"1,54","2,85",15%," 'distance': 0,663127601146698",146692,"PRIMA salsa ketchup bidon 1,8kg",PRIMA,,BIDON,"1,8",L,1800,1,1800,,,,"5,82",,,"3,23",,,,,"-0,38","0,13",4%,-13%,37%,33%,36%
"Cono de gominolas FINI, bolsa 70 g",20891776,2-ALIMENTACION,8-SALADO,9-CHICLES Y CARAMELOS,15-CELEBRACION,1-CELEBRACION,"Cono de gominolas FINI, bolsa 70 g",FINI,20891776,BOLSA,"0,07",70,1,KG,,,,"1,46",,"20,86",,,"3,11",,,,," 'distance': 3,7275125980377197",190299,'Fini gomas fun 360g contiene 6 unidades',FINI,,BOLSA/BOLSON,"0,36",KG,360,1,360,,,,"4,79",,,"13,31",,,,,"7,55","7,55",36%,36%,36%,36%,37%
"Sidra natural D,O, Euskal Sagardoa ZELAIA, botella 75 cl",19662576,2-ALIMENTACION,11-BEBIDAS,16-ESPUMOSOS,5-SIDRAS,3-SIDRAS NATURALES,"Sidra natural D,O, Euskal Sagardoa ZELAIA, botella 75 cl",ZELAIA,19662576,BOTELLA,"0,75",750,1,L,,,,"3,45",,"4,60",,,"0,73",,"2,76","3,68",20%," 'distance': 1,1496171951293945",95686,'Zelaia sidra natural botella 75cl',ZELAIA,,BOTELLA,"0,75",L,750,1,750,,,,"2,12",,,"2,83",,,,,"0,85","1,77",38%,23%,38%,38%,37%
"Whisky Extra CHIVAS REGAL, botella 70 cl",20112504,2-ALIMENTACION,11-BEBIDAS,18-BEBIDAS DE ALTA GRADUACION,13-WHISKY,5-WHISKY¿PREMIUM,"Whisky Extra CHIVAS REGAL, botella 70 cl",CHIVAS REGAL,20112504,BOTELLA,"0,7",700,1,L,Reino Unido,,,"44,70",,"63,86",,,0,,"38,00","54,28",15%," 'distance': 1,8515703678131104",75504,"CHIVAS REGAL whisky escocés botella 70cl Alc, 40% vol,'",CHIVAS REGAL,,BOTELLA,"0,70",L,700,1,700,,,,"28,74",,,"41,06",,,,,"13,22","22,80",36%,24%,36%,36%,37%
Cocktail en aceite de oliva EROSKI lata 150 g,4383626,2-ALIMENTACION,8-SALADO,1-ACEITUNAS Y ENCURTIDOS,9-ENCURTIDOS,13-COCKTAILS,Cocktail en aceite de oliva EROSKI lata 150 g,EROSKI,4383626,LATA,"0,15",150,1,KG,,,,"1,29",,"8,60",,,"1,32",,"0,97","6,45",25%," 'distance': 0,888800263404846",211544,METRO Chef cocktail picante frasco 500 gne (800 g),METRO CHEF,,FRASCO,"0,8",KG,800,1,800,,,,"4,28",,,"5,35",,,,,"1,10","3,25",38%,17%,38%,38%,38%
"Nuez grano sin c√°scara BORGES, bolsa 130 g",15630338,2-ALIMENTACION,8-SALADO,3-FRUTOS SECOS,21-NOBLES,7-NUECES,"Nuez grano sin c√°scara BORGES, bolsa 130 g",BORGES,15630338,BOLSA,"0,13",130,1,KG,,,,"2,89","1,88","22,23","14,45",,"2,46",2nd unit-70%,"1,78","13,73",5%," 'distance': 0,2622872292995453",110198,BORGES Nuez grano bolsa 1kg,BORGES,,BOLSA/BOLSON,1,KG,1000,1,1000,,,,"19,13",,,"19,13",,,,,"-5,40","-4,68",-32%,-39%,14%,38%,38%
"Yogur griego natural con azúcar PASTORET, tarrina 125 g",26170613,2-ALIMENTACION,5-LACTEOS,4-YOGURES Y POSTRES,2-YOGURES ESPECIALES,80-TIPO GRIEGO NATURAL,"Yogur griego natural con azúcar PASTORET, tarrina 125 g",PASTORET,26170613,TARRINA,"0,125",125,1,KG,,,,"0,94",,"7,52",,,"3,11",,,,," 'distance': 1,7117466926574707",113894,'Pastoret yogur natural azucarado tarrina 500 g',PASTORET,,TARRINA,"0,50",KG,500,1,500,,,,"2,28",,,"4,56",,,,,"2,96","2,96",39%,39%,39%,38%,38%
"Whisky de Malta 15 años GLENFIDDICH, botella 70 cl",24442469,2-ALIMENTACION,11-BEBIDAS,18-BEBIDAS DE ALTA GRADUACION,13-WHISKY,5-WHISKY¿PREMIUM,"Whisky de Malta 15 años GLENFIDDICH, botella 70 cl",GLENFIDDICH,24442469,BOTELLA,"0,7",700,1,L,,,,"65,19",,"93,13",,,"0,11",,"55,41","79,16",15%," 'distance': 2,882438898086548",462293,"GLENFIDDICH whisky escocés 12 años botella 70 cl Alc, 40% vol,'",GLENFIDDICH,,BOTELLA,"0,70",L,700,1,700,,,,"40,6",,,"58,00",,,,,"21,16","35,13",38%,27%,38%,38%,37%
"Sidra natural D,O, Euskal Sagardoa Pemium ZAPIAIN, botella 75 cl",19591148,2-ALIMENTACION,11-BEBIDAS,16-ESPUMOSOS,5-SIDRAS,3-SIDRAS NATURALES,"Sidra natural D,O, Euskal Sagardoa Pemium ZAPIAIN, botella 75 cl",ZAPIAIN,19591148,BOTELLA,"0,75",750,1,L,,,,"4,3",,"5,73",,,"0,03",,"3,44","4,59",20%," 'distance': 1,4093002080917358",771368,'Zapiain Sidra natural botella 75cl',ZAPIAIN,,BOTELLA,"0,75",L,750,1,750,,,,"2,53","2,30",,"3,37","3,07",,9%,COMPRA MAS PAGA MENOS,"1,52","2,67",47%,33%,41%,40%,39%
"Bebida de naranja y zanahoria GRANINI, botella 1 litro",3317617,2-ALIMENTACION,11-BEBIDAS,6-ZUMOS Y NECTARES,1-ZUMO Y NECTAR,5-ZUMO Y NECTAR PREMIUM,"Bebida de naranja y zanahoria GRANINI, botella 1 litro",GRANINI,3317617,BOTELLA,1,1000,1,L,,,,"3,55",,"3,55",,,"0,53",,,,," 'distance': 1,08021569252014",209883,GRANINI bebida de naranja y zanahoria pet 1 L en retráctil 6 unidades,GRANINI,,BOTELLA,1,L,1000,6,6000,,,,"13,15","12,49",,"2,19","2,08",,5%,COMPRA MAS PAGA MENOS,"1,47","1,47",41%,41%,38%,38%,38%
"Lima, al peso, compra mínima 540 g / 6 u",56515,1-FRESCOS,1-FRUTA Y HORTALIZA,1-FRUTA,67-TROPICALES,20-LIMAS,"Lima, al peso, compra mínima 540 g / 6 u",EROSKI,56515,KILO,"0,54",540,1,KG,,,,"2,42",,"4,48",,,,,"2,18","4,03",10%," 'distance': 1,1071898937225300",715,makro chef lima malla,MAKRO CHEF,,MALLA,2,KG,2000,1,2000,,,,"5,92",,,"2,70",,,,,"1,33","1,78",40%,33%,40%,38%,38%
"Tomate natural pelado HIDA, lata 480 g",14404743,2-ALIMENTACION,8-SALADO,10-TOMATE,1-TOMATE NATURAL,1-TOMATE NATURAL ENTERO,"Tomate natural pelado HIDA, lata 480 g",HIDA,14404743,LATA,"0,48",480,1,KG,,,,"3,25",,"6,77",,,"0,23",,"2,76","5,76",15%," 'distance': 3,047584056854248",944086,'Hida tomate frito lata 400g contiene 6 unidades',HIDA,,LATA,"0,40",KG,400,6,2400,,,,"9,96",,,"4,15",,,,,"1,61","2,62",39%,28%,39%,39%,39%
"Vino Tinto Reserva Rioja VIÑA ALBINA, botella 75 cl",524967,2-ALIMENTACION,11-BEBIDAS,14-VINO D.O.,"9-VINOS D,O, TINTOS","54-VINO¿TINTO¿D,O,¿RIOJA¿RVA-GRVA","Vino Tinto Reserva Rioja VIÑA ALBINA, botella 75 cl",VIÑA ALBINA,524967,BOTELLA,"0,75",750,1,L,España,,,"10,09",,"13,45",,,"0,03",,"8,58","11,44",15%," 'distance': 0,3698508143424988",216905,Viña Albina vino tinto reserva Rioja botella 75cl',VIÑA ALBINA,,BOTELLA,"0,75",L,750,1,750,,,,"6,64","6,04",,"8,85","8,06",,9%,COMPRA MAS PAGA MENOS,"3,38","5,40",40%,30%,34%,39%,38%
CREMA PARA CARNE BOVRIL 6/500G,4534251,2-ALIMENTACION,9-COCINA,15-SOPAS PURES Y CALDOS,2-AYUDAS CULINARIAS,10-AYUDA CULINARIA OTROS,CREMA PARA CARNE BOVRIL 6/500G,BOVRIL,4534251,FRASCO,"0,5",500,1,KG,,,,"17,04",,"34,08",,,"0,03",,"15,34","30,67",10%," 'distance': 0,852158546447754",800774,Knorr Professional jugo carne bovril bote 500g,BOVRIL,,Bote,"0,5",KG,500,1,500,,,,"12,97",,,"25,94",,,,,"4,73","8,14",24%,15%,24%,22%,31%
"Chistorra GALAR, pieza 130 g",15936958,1-FRESCOS,4-CHARCUTERIA,8-CARNICOS PIEZA,2-EMBUTIDOS PIEZA,8-CHISTORRA,"Chistorra GALAR, pieza 130 g",GALAR,15936958,PIEZA,"0,13",130,1,KG,,,,"1,65",,"12,69",,,"0,46",,"1,57","12,06",5%," 'distance': 0,175889372825623",173045,Galar chistorra,GALAR,,KILO,"1,45",KG,1450,1,1450,,,,"8,24",,,"8,24",,,,,"3,82","4,45",35%,32%,35%,35%,34%
"Café en grano natural FORTALEZA, paquete 500 g",316620,2-ALIMENTACION,10-DULCE,8-CAFE,1-CAFE GRANO,1-CAFE GRANO NATURAL,"Café en grano natural FORTALEZA, paquete 500 g",FORTALEZA,316620,PAQUETE,"0,5",500,1,KG,,,,"10,45",,"20,90",,,"0,8",,"9,41","18,81",10%," 'distance': 0,315964043140411",322452,Fortaleza café en grano natural 1Kg,FORTALEZA,,BOLSA/BOLSON,1,KG,1000,1,1000,,,,"23,09","23,09",,"23,09","23,09",,,,"-4,28","-2,19",-10%,-23%,-10%,-24%,11%
"Crema de cacao NUTELLA, bote 200 g",14468698,2-ALIMENTACION,10-DULCE,12-CREMAS DE UNTAR,4-CREMAS CACAO,10-CREMAS CACAO CHOCO HASTA 400GR,"Crema de cacao NUTELLA, bote 200 g",NUTELLA,14468698,BOTE,"0,2",200,1,KG,,,,"2,69",,"13,45",,,"2,65",,,,," 'distance': 2,9727792739868164",143738,'nutella Crema de cacao 1 kg',NUTELLA,,TARRO,"1,00",KG,1000,1,1000,,,,"8,42",,,"8,20",,,,,"5,25","5,25",39%,39%,39%,39%,39%
"Vinagre balsamico de Modena BORGES, spray 25 cl",26202887,2-ALIMENTACION,9-COCINA,2-VINAGRES Y ADEREZOS,15-VINAGRES ESPECIALES,10-VINAGRES BALSAMICOS,"Vinagre balsamico de Modena BORGES, spray 25 cl",BORGES,26202887,SPRAY,"0,25",250,1,L,,,,"2,99",,"11,96",,,"0,5",,"2,69","10,76",10%," 'distance': 0,509328722953796",104643,BORGES vinagre balsamico de modena 2l,BORGES,,BIDON,2,L,2000,1,2000,,,,"14,58",,,"7,29",,,,,"3,47","4,67",39%,32%,39%,39%,39%
REFRESCO DE LIMÓN CON GAS 1L,20161774,2-ALIMENTACION,11-BEBIDAS,10-BEBIDAS REFRESCANTES,5-C/G LIMON,15-C/G LIMON REG GRAND,REFRESCO DE LIMÓN CON GAS 1L,KAS,20161774,BOTELLA,1,1000,1,L,,,,"1,49",,"1,49",,,"2,15",,"1,19","1,19",20%," 'distance': 1,25600433349609",21923,KAS limón pet 1L contiene 12 unidades,KAS,,Bote,1,L,1000,12,12000,,,,"10,88","10,23",,"0,91","0,85",,6%,COMPRA MAS PAGA MENOS,"0,34","0,64",43%,29%,39%,39%,39%
"Dorada entera y limpia de crianza, al peso, compra mínima 800 g",409839,1-FRESCOS,7-PESCADERIA,14-MOSTRADOR PESCADERIA,34-PESCADO CRIANZA,10-DORADA CRIANZA,"Dorada entera y limpia de crianza, al peso, compra mínima 800 g",EROSKI,409839,GRANEL,"0,8",800,1,KG,,,,"11,80",,"14,75",,,"0,23",,"10,62","13,28",10%," 'distance': 0,748571634292603",212649,Dorada limpia 400-600 g de criadero Grecia,MAKRO,,KILO,6,KG,6000,1,6000,,,,"8,97",,,"8,97",,,,,"4,31","5,78",39%,32%,39%,39%,38%
"Lejía CONEJO, botella 1 litro",23514169,2-ALIMENTACION,12-DROGUERIA,47-LEJIAS,9-LEJÍAS MULTIUSOS,1-MULTIUSOS¿PEQUEÑA,"Lejía CONEJO, botella 1 litro",CONEJO,23514169,BOTELLA,1,1000,1,L,,,,"2,29",,"2,29",,,"0,96",,,,," 'distance': 1,7732503414154053",126698,CONEJO Lejía común 4 L',CONEJO,,BOTELLA,"4,00",L,4000,1,4000,,,,"5,43",,,"1,27",,,,,"1,02","1,02",45%,45%,45%,45%,42%
"GASEOSA 0,50L LA CASERA",27102,2-ALIMENTACION,11-BEBIDAS,10-BEBIDAS REFRESCANTES,13-C/G SODA GASEOSA,10-C/G SODA GASEOSA PEQUE,"GASEOSA 0,50L LA CASERA",LA CASERA,27102,BOTELL√çN,"0,5",500,1,L,,,,"0,83",,"1,66",,,"14,65",,"0,66","1,33",20%," 'distance': 0,877259016036987",97877,La Casera gaseosa pet 50cl contiene 12 unidades,LA CASERA,,Bote,"0,5",L,500,12,6000,,,,"6,84",,,"1,14",,,,,"0,19","0,52",31%,14%,31%,34%,37%
Curry para sazonar EROSKI frasco 46 g,2750404,2-ALIMENTACION,9-COCINA,35-ESPECIAS,5-ESPECIAS,30-CURRY,Curry para sazonar EROSKI frasco 46 g,EROSKI,2750404,FRASCO,"0,046",46,1,KG,,,,"1,05",,"22,83",,,,,,,," 'distance': 0,6170623898506165",215071,METRO Chef curry 450 g,METRO CHEF,,TARRO,"0,45",KG,450,1,450,,,,"3,91",,,"12,20",,,,,"10,63","10,63",47%,47%,47%,40%,40%
"Limpiador antical VIAKAL, botella 750 ml",8861668,2-ALIMENTACION,12-DROGUERIA,50-LIMPIADORES,5-BAÑO,3-RESTO SUPERFICIES ANTICAL,"Limpiador antical VIAKAL, botella 750 ml",VIAKAL,8861668,BOTELLA,"0,75",750,1,L,,,,"4,75","3,09","6,33","4,12",,"1,57",2nd unit-70%,"2,93","3,91",5%," 'distance': 2,4306459426879883",81447,'VIAKAL Professional limpiador 2L',VIAKAL PROFESSIONAL,,BOTELLA,"2,00",L,2000,1,2000,,,,"7,61",,,"3,81",,,,,"0,10","0,31",7%,3%,40%,40%,41%
"Tónica Indian FEVER TREE, lata 25 cl",21505730,2-ALIMENTACION,11-BEBIDAS,10-BEBIDAS REFRESCANTES,9-C/G TONICA,10-C/G TONICA REG PEQUE,"Tónica Indian FEVER TREE, lata 25 cl",FEVER TREE,21505730,LATA,"0,25",250,1,L,,,,"1,37",,"5,48",,,"0,57",,"1,10","4,38",20%," 'distance': 3,592437744140625",178296,Fever-Tree tónica indian 24x25cl contiene 24 unidades',FEVER-TREE,,CAJA/CAJON,"0,25",L,250,24,6000,,,,"19,66","17,89",,"3,28","2,98",,9%,COMPRA MAS PAGA MENOS,"1,40","2,50",46%,32%,40%,40%,40%
"Cheesecakes CASA ECEIZA, pack 2x100 g",24071250,2-ALIMENTACION,5-LACTEOS,4-YOGURES Y POSTRES,5-POSTRES BASICOS,95-OTROS,"Cheesecakes CASA ECEIZA, pack 2x100 g",CASA ECEIZA,24071250,PACK,"0,2",200,1,KG,,,,"4,49",,"22,45",,,"0,53",,,,," 'distance': 1,00764608383179",207928,Casa Eceiza Tarta de queso Donostia 900 g,CASA ECEIZA,,BLISTER,"0,9",KG,900,1,900,,,,"10,73",,,"11,92",,,,,"10,53","10,53",47%,47%,47%,47%,42%
"Cava Brut Anna CODORNÍU, botella 37,5 cl",174094,2-ALIMENTACION,11-BEBIDAS,16-ESPUMOSOS,3-CAVAS,11-CAVAS MEDIANOS Y MINIS,"Cava Brut Anna CODORNÍU, botella 37,5 cl",CODORNÍU,174094,BOTELLA,"0,375",375,1,L,,,,"6,99",,"18,64",,,"0,23",,"5,59","14,91",20%," 'distance': 1,7036044597625732",216970,Anna De Codorniú cava brut botella 75 cl',ANNA DE CODORNIU,,BOTELLA,"0,75",L,750,1,750,,,,"7,85","7,14",,"10,47","9,52",,9%,COMPRA MAS PAGA MENOS,"5,39","9,12",49%,36%,44%,47%,43%
"Jenjibre, bandeja 250 g",961334,1-FRESCOS,1-FRUTA Y HORTALIZA,1-FRUTA,67-TROPICALES,30-OTROS TROPICALES,"Jenjibre, bandeja 250 g",EROSKI,961334,BANDEJA,"0,25",250,1,KG,,,,"2,49",,"9,96",,,"5,19",,"2,24","8,96",10%," 'distance': 0,0521461814641953",943995,Jengibre bandeja 400g,MAKRO,,BANDEJA,"0,4",KG,400,1,400,,,,"2,96",,,"7,40",,,,,"1,56","2,56",26%,17%,26%,31%,38%
"Mixtus happy MEDINA, bolsa 200 g",25454349,2-ALIMENTACION,8-SALADO,3-FRUTOS SECOS,23-COCKTAIL,10-COCKTAIL S/CASCARA MAS DE 150G,"Mixtus happy MEDINA, bolsa 200 g",MEDINA,25454349,BOLSA,"0,2",200,1,KG,,,,"1,99",,"9,95",,,"0,34",,"1,89","9,45",5%," 'distance': 0,781713545322418",165364,"Medina Cocktail frutos secos con galletas cubo 1,3kg",MEDINA,,CUBO,"1,4",KG,1400,1,1400,,,,"8,24",,,"5,89",,,,,"3,57","4,06",41%,38%,41%,41%,41%
"Chistorra natural con pimiento choricero ZUBIA, pieza 225 g",17569427,1-FRESCOS,4-CHARCUTERIA,8-CARNICOS PIEZA,2-EMBUTIDOS PIEZA,8-CHISTORRA,"Chistorra natural con pimiento choricero ZUBIA, pieza 225 g",ZUBIA,17569427,PIEZA,"0,225",225,1,KG,,,,"3,39",,"15,07",,,"3,46",,"3,22","14,31",5%," 'distance': 0,500326216220856",160690,"Zubia chistorra extra pieza 1,45kg",ZUBIA,,PIEZA,"1,45",KG,1450,1,1450,,,,"13,85",,,"8,68",,,,,"5,63","6,39",42%,39%,42%,41%,41%
"Menestra de verdura de Navarra GUTARRA, frasco 425 g",326637,2-ALIMENTACION,8-SALADO,13-CONSERVAS VEGETALES,55-MENESTRA,5-MENESTRA,"Menestra de verdura de Navarra GUTARRA, frasco 425 g",GVTARRA,326637,FRASCO,"0,425",425,1,KG,España,,,"7,69",,"18,09",,,"0,68",,,,," 'distance': 1,4365363121032715",476385,'GVTARRA menestra Navarra frasco 400gne (660 g)',GVTARRA,,FRASCO,"0,66",KG,660,1,660,,,,"6,99",,,"10,59",,,,,"7,50","7,50",41%,41%,41%,41%,40%
Piña en rodajas en su jugo EROSKI lata 490 g,317206,2-ALIMENTACION,8-SALADO,17-ALMIBARES,3-PIÑA,3-PIÑA MAS DE MEDIO KILO,Piña en rodajas en su jugo EROSKI lata 490 g,EROSKI,317206,LATA,"0,49",490,1,KG,,,,"1,95",,"3,98",,,"3,84",,,,," 'distance': 2,306575059890747",132820,aro piña rodajas en su jugo 490 gne (820 g)',ARO,,LATA,"0,82",KG,820,1,820,,,,"1,93",,,"2,35",,,,,"1,63","1,63",41%,41%,41%,41%,41%
Almendra repelada cruda EROSKI bolsa 200 g,23245814,1-FRESCOS,1-FRUTA Y HORTALIZA,25-GRANELES,10-FRUTOS SECOS GRANEL,20-ALMENDRAS,Almendra repelada cruda EROSKI bolsa 200 g,EROSKI,23245814,BOLSA,"0,2",200,1,KG,,,,"3,99",,"19,95",,,"2,11",,,,," 'distance': 0,710534870624542",151711,METRO Chef Almendra cruda repelada bolsa 1kg,METRO CHEF,,BOLSA/BOLSON,1,KG,1000,1,1000,,,,"12,16",,,"12,16",,,,,"7,79","7,79",39%,39%,39%,41%,41%
"Nata para cocinar ASTURIANA, brik 200 ml",7642168,2-ALIMENTACION,5-LACTEOS,12-NATAS-CREMAS,1-NATA COCINA,7-NATA COCINAR 200 Y MULTIPACK,"Nata para cocinar ASTURIANA, brik 200 ml",ASTURIANA,7642168,BRIK,"0,2",200,1,L,España,,,"1,37",,"6,85",,,"4,6",,"1,03","5,14",25%," 'distance': 2,5183653831481934",136486,'Asturiana nata cocinar 18% materia grasa 1 L',ASTURIANA,,BOTE,"1,00",L,1000,1,1000,,,,"4,24","3,82",,"4,24","3,82",,10%,COMPRA MAS PAGA MENOS,"1,32","3,03",44%,26%,38%,32%,38%
Tomate frito casero con aceite de oliva EROSKI frasco 350 g,7390586,2-ALIMENTACION,8-SALADO,10-TOMATE,9-TOMATE FRITO,17-TOMATE FRITO CASERO HASTA 500G,Tomate frito casero con aceite de oliva EROSKI frasco 350 g,EROSKI,7390586,FRASCO,"0,35",350,1,KG,,,,"1,72",,"4,91",,,"21,15",,"1,46","4,18",15%," 'distance': 0,45693880319595337",217833,METRO Chef tomate frito estilo casero lata 2550 g,METRO CHEF,,LATA,"2,55",KG,2550,1,2550,,,,"8,25",,,"2,94",,,,,"1,24","1,97",40%,30%,40%,41%,41%
"Tapa de Ternera EUSKAL OKELA E.Natur, al corte, compra minima 500 g",17623984,1-FRESCOS,2-CARNICERIA,75-VITRINA,3-VACUNO TERNERA VITRINA,5-VACUNA TERNERA FILETE VITRINA,"Tapa de Ternera EUSKAL OKELA E.Natur, al corte, compra minima 500 g",E. OKELA,17623984,GRANEL,"0,5",500,1,KG,,,,"10,75",,"21,50",,,,,,,," 'distance': 1,06750869750977",219835,TAPA TERNERA VC,MAKRO,,KILO,"7,5",KG,7500,1,7500,,,,"14,80",,,"12,05",,,,,"9,45","9,45",44%,44%,44%,44%,42%
Aceitunas rellenas de anchoa suaves EROSKI lata 150 g,17030909,2-ALIMENTACION,8-SALADO,1-ACEITUNAS Y ENCURTIDOS,20-ACEITUNAS SALUD,10-ACEITUNAS SALUD UNITARIA,Aceitunas rellenas de anchoa suaves EROSKI lata 150 g,EROSKI,17030909,LATA,"0,15",150,1,KG,España,,,"1,49",,"9,93",,,"8,03",,"1,12","7,45",25%," 'distance': 3,284379005432129",178520,'aro aceituna rellena de anchoa lata 600g',ARO,,LATA,"0,60",KG,600,1,600,,,,"3,58","3,22",,"5,97","5,37",,10%,COMPRA MAS PAGA MENOS,"2,08","4,56",46%,28%,40%,36%,38%
"Q,OVEJAVIEJO LC FLORESGUEVA",220681,1-FRESCOS,4-CHARCUTERIA,1-QUESOS MOSTRADOR,19-QUESO VIEJO,4-QUESO VIEJO OVEJA,"Q,OVEJAVIEJO LC FLORESGUEVA",FLOR DE ESGUEVA,220681,GRANEL,"0,25",250,1,KG,,,,"6,97",,"27,88",,,"0,21",,"5,23","20,91",25%," 'distance': 0,991412043571472",259493,FLOR DE ESGUEVA queso viejo oveja grande,FLOR DE ESGUEVA,,PIEZA,1,KG,1000,1,1000,,,,"15,80",,,"16,63",,,,,"4,28","11,25",40%,20%,40%,40%,42%
Coco rallado EROSKI bolsa 100 g,22344360,2-ALIMENTACION,9-COCINA,21-REPOSTERIA,10-ADORNOS REPOSTERIA,15-FRUTOS SECOS,Coco rallado EROSKI bolsa 100 g,EROSKI,22344360,BOLSA,"0,1",100,1,KG,,,,"1,04",,"10,40",,,"0,68",,,,," 'distance': 5,444304466247559",461890,'METRO Chef Coco rallado bolsa 1 kg',METRO CHEF,,BOLSA/BOLSON,"1,00",KG,1000,1,1000,,,,"9,87",,,"9,87",,,,,"0,53","0,53",5%,5%,5%,27%,37%
"Morcilla de cebolla EROSKI al peso, compra minima 250 g",23114861,1-FRESCOS,2-CARNICERIA,75-VITRINA,48-ELABORADOS MORCILLAS VITRINA,5-MORCILLAS VITRINA,"Morcilla de cebolla EROSKI al peso, compra minima 250 g",EROSKI,23114861,GRANEL,"0,25",250,1,KG,,,,"2,66",,"10,64",,,,,,,," 'distance': 0,703422665596008",11164,Morcilla de cebolla pincho precio Kg,MAKRO,,KILO,1,KG,1000,1,1000,,,,"6,00",,,"6,00",,,,,"4,64","4,64",44%,44%,44%,44%,43%
"Cacitos de carne KNORR, pack 4x28 g",17736935,2-ALIMENTACION,9-COCINA,15-SOPAS PURES Y CALDOS,2-AYUDAS CULINARIAS,10-AYUDA CULINARIA OTROS,"Cacitos de carne KNORR, pack 4x28 g",KNORR,17736935,PACK,"0,112",112,1,KG,,,,"1,89",,"16,88",,,"1,8",,,,," 'distance': 0,725605905056",280722,Knorr Professional doble caldo de carne en polvo 900g,KNORR,,BOTELLA,"0,9",KG,900,1,900,,,,"9,23","8,31",,"10,26","9,23",,10%,COMPRA MAS PAGA MENOS,"7,65","7,65",45%,45%,39%,39%,41%
"Canelones instant EL PAVO, 18 placas, caja 125 g",10871432,2-ALIMENTACION,9-COCINA,13-PASTAS,5-PLACAS DE PASTA,7-CANELONES  INSTANT,"Canelones instant EL PAVO, 18 placas, caja 125 g",EL PAVO,10871432,CAJA,"0,125",125,1,KG,España,,,"2,09",,"16,72",,,"0,53",,"1,78","14,21",15%," 'distance': 1,7014797925949097",43833,"El Pavo canelon caja 160 placas (1000 g aprox,)'",EL PAVO,,PAQUETE,"1,00",KG,1000,1,1000,,,,"9,52",,,"9,52",,,,,"4,69","7,20",43%,33%,43%,43%,43%
"Mostaza original PRIMA, bote 265 g",25458829,2-ALIMENTACION,9-COCINA,3-SALSAS,7-MOSTAZA,3-MOSTAZAS PET Y SOBRES,"Mostaza original PRIMA, bote 265 g",PRIMA,25458829,BOTE,"0,265",265,1,KG,,,,"1,99","1,29","7,51","4,88",,"1,23",2nd unit-70%,"1,10","4,15",15%," 'distance': 0,560419738292694",344552,"PRIMA mostaza bidon 1,8kg",PRIMA,,BIDON,"1,8",KG,1800,1,1800,,,,"8,64",,,"4,80",,,,,"-0,65","0,08",2%,-16%,36%,42%,43%
"Yema de espárrago gruesa CARRETILLA, lata 135 g",497339,2-ALIMENTACION,8-SALADO,12-ESPARRAGOS,11-YEMAS Y TALLOS DE ESPARRAGOS,1-YEMAS DE ESPARRAGOS,"Yema de espárrago gruesa CARRETILLA, lata 135 g",CARRETILLA,497339,LATA,"0,135",135,1,KG,,,,"4,39",,"32,52",,,"0,65",,,,," 'distance': 3,211979389190674",61449,Carretilla espárrago yema blanco lata 135gne contiene 4 unidades (205 g),CARRETILLA,,RETRACTIL,"0,205",KG,205,4,820,,,,"16,23",,,"19,79",,,,,"12,73","12,73",39%,39%,39%,39%,42%
"Aceituna negra sin hueso JOLCA, pack 3x50 g",24958316,2-ALIMENTACION,8-SALADO,1-ACEITUNAS Y ENCURTIDOS,5-ACEITUNAS NEGRAS,4-ACEITUNAS NEGRAS SIN HUESO,"Aceituna negra sin hueso JOLCA, pack 3x50 g",JOLCA,24958316,PACK,"0,15",150,1,KG,España,,,"3,39",,"22,60",,,"1,03",,"2,54","16,95",25%," 'distance': 2,5007567405700684",98039,Jolca aceituna negra cacereña sin hueso lata 600g',JOLCA,,LATA,"0,60",KG,600,1,600,,,,"7,58","6,44",,"12,63","10,74",,15%,COMPRA MAS PAGA MENOS,"6,21","11,86",52%,37%,44%,46%,44%
Mini magdalena marmol EROSKI bolsa 250 g,24947061,1-FRESCOS,6-PANADERIA,12-BOLLERIA,4-BOLLERÍA FABRICACIÓN EXTERNA,4-MAGDALENAS FAB.EXTERNA,Mini magdalena marmol EROSKI bolsa 250 g,EROSKI,24947061,BOLSA,"0,25",250,1,KG,,,,"2,6",,"10,40",,,"0,3",,,,," 'distance': 1,06330764293671",196268,"RIOBA mini magdalenas m√°rmol 1,7 kg",RIOBA,,CAJA/CAJON,"1,7",KG,1700,1,1700,,,,"9,96","9,06",,"5,32","4,84",,9%,COMPRA MAS PAGA MENOS,"5,56","5,56",53%,53%,49%,47%,46%
Harina de trigo para repostería EROSKI paquete 1 kg,4270583,2-ALIMENTACION,9-COCINA,17-HARINAS Y PAN RALLADO,1-HARINAS,5-HARINA REPOSTERIA,Harina de trigo para repostería EROSKI paquete 1 kg,EROSKI,4270583,PAQUETE,1,1000,1,KG,España,,,"1,05",,"1,05",,,"6,26",,"0,84","0,84",20%," 'distance': 4,980805397033691",154936,"aro harina de trigo uso común 5kg,'",ARO,,BOLSA/BOLSON,"5,00",KG,5000,1,5000,,,,"3,01",,,"0,60",,,,,"0,24","0,45",43%,28%,43%,43%,43%
"Caldo de pollo AVECREM, 18 pastillas, caja 196 g",10869204,2-ALIMENTACION,9-COCINA,15-SOPAS PURES Y CALDOS,3-CALDOS EN PASTILLAS,3-CALDO PASTILLA AVE,"Caldo de pollo AVECREM, 18 pastillas, caja 196 g",AVECREM,10869204,CAJA,"0,196",196,1,KG,España,,,"2,71",,"13,83",,,"0,44",,,,," 'distance': 1,7112029790878296",151203,'Avecrem caldo de pollo 96 pastillas (total 960 g)',AVECREM,,ESTUCHE,"0,96",KG,960,1,960,,,,"7,63",,,"7,95",,,,,"5,88","5,88",43%,43%,43%,43%,42%
"Filete babilla Ternera E. OKELA E.Natur, al corte, compra minima 500 g",14866578,1-FRESCOS,2-CARNICERIA,61-VACUNO ENVASADO,3-VACUNO AÑOJO ENVASADO,1-AÑOJO FILETE ENVASADO,"Filete babilla Ternera E. OKELA E.Natur, al corte, compra minima 500 g",E. OKELA,14866578,GRANEL,"0,5",500,1,KG,,,,"11,48",,"22,96",,,,,"8,61","17,22",25%," 'distance': 0,722318887710571",217991,Babilla fileteada ternera 4-5 kg vacio,MAKRO,,KILO,"5,5",KG,5500,1,5500,,,,"15,35",,,"12,05",,,,,"5,17","10,91",48%,30%,48%,48%,45%
"Coliflor, unidad",82016,1-FRESCOS,1-FRUTA Y HORTALIZA,2-HORTALIZA,68-REPOLLOS,15-COLIFLORES,"Coliflor, unidad",EROSKI,82016,UNIDAD,1,1000,1,KG,,,,"2,84",,"2,84",,,"15,55",,"2,41","2,41",15%," 'distance': 0,6284412145614624",185108,coliflor pieza,MAKRO,,PIEZA,"1,5",KG,1500,1,1500,,,,"1,65",,,"1,59",,,,,"0,82","1,25",44%,34%,44%,44%,44%
"Paté de higado de pato al Oporto DELICASS, lata 130 g",20364212,2-ALIMENTACION,8-SALADO,25-PATES Y FOIEGRAS,1-PATE/CREMA¿TOSTADA,"5-PAT/CREMA¿TOST,CARNICO PREMIUM","Paté de higado de pato al Oporto DELICASS, lata 130 g",DELICASS,20364212,LATA,"0,13",130,1,KG,España,,,"3,59",,"27,62",,,"0,23",,,,," 'distance': 0,7832376956939697",65354,Delicass paté de hígado de pato lata 950 g',DELICASS,,LATA,"0,95",KG,950,1,950,,,,"11,99","9,83",,"12,62","10,35",,18%,COMPRA MAS PAGA MENOS,"17,27","17,27",63%,63%,54%,44%,45%
"Sobao 0% azúcares añadido VEGA PAS, paquete 450 g",23836802,2-ALIMENTACION,10-DULCE,24-BOLLERIA INDUSTRIAL,1-DESAYUNO,36-SOBAOS,"Sobao 0% azúcares añadido VEGA PAS, paquete 450 g",VEGA PAS,23836802,PAQUETE,"0,45",450,1,KG,,,,"4,65",,"10,33",,,"0,76",,,,," 'distance': 2,9612646102905273",190876,'Vega Pas sobao 350g 18 unidades',VEGA PAS,,PAQUETE,"0,35",KG,350,1,350,,,,"2,04",,,"5,83",,,,,"4,50","4,50",44%,44%,44%,44%,45%
"Filete de caballa del sur en aceite vegetal UBAGO, lata 85 g",844498,2-ALIMENTACION,8-SALADO,23-CONSERVAS DE PESCADO,25-CABALLA,3-CABALLA SUR,"Filete de caballa del sur en aceite vegetal UBAGO, lata 85 g",UBAGO,844498,LATA,"0,085",85,1,KG,,,,"1,60",,"18,82",,,"0,38",,"1,44","16,94",10%," 'distance': 0,464118719100952",595205,Ubago filete de macarela caballa aceite girasol 620 gne (950 g),UBAGO,,LATA,"0,95",KG,950,1,950,,,,"9,96","9,06",,"10,48","9,54",,9%,COMPRA MAS PAGA MENOS,"7,40","9,28",49%,44%,44%,44%,44%
NARANJA ZUMO GRANEL,12781654,1-FRESCOS,1-FRUTA Y HORTALIZA,1-FRUTA,33-CITRICOS,5-NARANJAS ZUMO,NARANJA ZUMO GRANEL,EROSKI,12781654,GRANEL,1,1000,1,KG,,,,"1,91",,"1,91",,,,,"1,72","1,72",10%," 'distance': 0,624112248420715",35666,"METRO Chef Naranja de zumo calibre 6/7 caja 12,5kg ,",METRO CHEF,,CAJA/CAJON,"12,5",KG,12500,1,12500,,,,"13,82",,,"1,11",,,,,"0,61","0,80",42%,36%,42%,46%,44%
"Tenedor Lunch Cuarzo, inox 18/10 JAY, 3 uds",7132483,4-BAZAR,20-MENAJE,1-SERVICIO DE MESA,7-CUBIERTOS,"1-DESPIECE DE CUBIERTOS EN INOX,","Tenedor Lunch Cuarzo, inox 18/10 JAY, 3 uds",JAY,7132483,INOX,3,3000,3,UDS,,,,"5,50",,"1,83",,,"0,03",,,,," 'distance': 4,450708866119385",503659,'Jay tenedor lunch acero inoxidable 18/10 coral contiene 6 unidades',JAY,,UNIDAD,"0,02",UDS,16,6,96,,,,"7,20","6,12",,"1,20","1,02",,15%,COMPRA MAS PAGA MENOS,"0,81","0,81",44%,44%,35%,34%,41%
"Vino Moscatel GOYA, botella 75 cl",317487,2-ALIMENTACION,11-BEBIDAS,14-VINO D.O.,13-VINOS¿DULCES¿Y GENEROSOS,3-MOSCATELES,"Vino Moscatel GOYA, botella 75 cl",GOYA,317487,BOTELLA,"0,75",750,1,L,,,,"11,25",,"15,00",,,"0,07",,"9,56","12,75",15%," 'distance': 2,3739047050476074",98748,'Goya moscatel botella 1L',GOYA,,BOTELLA,"1,00",L,1000,1,1000,,,,"7,08","6,02",,"7,08","6,02",,15%,COMPRA MAS PAGA MENOS,"6,73","8,98",60%,53%,53%,44%,45%
Ensaladilla rusa EROSKI bandeja 250 g,25566001,1-FRESCOS,14-SOLUCIONES CULINARIAS,26-TUS PLATOS,"2-Plat, ENSALADILLAS Y ENSALADAS",1-ENSALADILLAS,Ensaladilla rusa EROSKI bandeja 250 g,EROSKI,25566001,BANDEJA,"0,25",250,1,KG,,,,"2,94",,"11,76",,,"4,46",,,,," 'distance': 5,293680667877197",215764,'METRO Chef ensaladilla rusa con atun 1kg',METRO CHEF,,BANDEJA,"1,00",KG,1000,1,1000,,,,"6,48","5,51",,"6,48","5,51",,15%,COMPRA MAS PAGA MENOS,"6,25","6,25",53%,53%,45%,45%,45%
Alcachofa troceada en cuartos EROSKI lata 240 g,6062053,2-ALIMENTACION,8-SALADO,13-CONSERVAS VEGETALES,17-ALCACHOFAS,1-ALCACHOFA LATA,Alcachofa troceada en cuartos EROSKI lata 240 g,EROSKI,6062053,LATA,"0,24",240,1,KG,,,,"1,85",,"7,71",,,"0,92",,,,," 'distance': 0,42741185426712",90588,makro Chef alcachofas troceadas al natural lata 1550gne (2500 g),MAKRO CHEF,,LATA,"2,5",KG,2500,1,2500,,,,"10,62","9,03",,"4,25","3,61",,15%,COMPRA MAS PAGA MENOS,"4,10","4,10",53%,53%,45%,45%,45%
"Jamon de pato MARTIKO, pack 2x20 g",18463992,1-FRESCOS,4-CHARCUTERIA,11-PATES PORCION,3-OTROS PATES PORCION,5-JAMON DE PATO,"Jamon de pato MARTIKO, pack 2x20 g",MARTIKO,18463992,PACK,"0,04",40,1,KG,,,,"3,99",,"99,75",,,"0,41",,"3,59","89,78",10%," 'distance': 0,516869902610779",167895,Martiko jamon pato curado sobre 100g,MARTIKO,,SOBRE,"0,1",KG,100,1,100,,,,"6,04",,,"60,40",,,,,"29,38","39,35",39%,33%,39%,45%,45%
Pepinillos sabor anchoa EROSKI frasco 190 g,16439267,2-ALIMENTACION,8-SALADO,1-ACEITUNAS Y ENCURTIDOS,9-ENCURTIDOS,1-PEPINILLOS,Pepinillos sabor anchoa EROSKI frasco 190 g,EROSKI,16439267,FRASCO,"0,19",190,1,KG,,,,"1,27",,"6,68",,,"2,11",,"0,95","5,01",25%," 'distance': 3,00006365776062",107943,'METRO Chef pepinillos sabor anchoa frasco 1100 gne (1850 g)',METRO CHEF,,FRASCO,"1,85",KG,1850,1,1850,,,,"8,13",,,"4,39",,,,,"0,62","2,29",34%,12%,34%,46%,46%
"Allioli CHOVI, frasco 190 ml",22901680,2-ALIMENTACION,9-COCINA,3-SALSAS,9-SALSAS ESPECIALES,9-SALSAS ALIOLI,"Allioli CHOVI, frasco 190 ml",CHOVI,22901680,FRASCO,"0,19",190,1,L,,,,"2,19",,"11,53",,,"0,61",,"1,86","9,80",15%," 'distance': 4,282918930053711",129920,Choví allioli 18 g contiene 140 sobres (total 2,CHOVÍ,,CAJA/CAJON,"2,65",L,2652,1,2652,,,,"16,45",,,"6,20",,,,,"3,59","5,32",46%,37%,46%,46%,46%
Patata Baby Micro EROSKI bolsa 400 g,19684737,1-FRESCOS,1-FRUTA Y HORTALIZA,8-IV GAMA,53-VERDURAS COCINADAS,10-PATATAS COCINADAS,Patata Baby Micro EROSKI bolsa 400 g,EROSKI,19684737,BOLSA,"0,4",400,1,KG,,,,"1,48",,"3,70",,,"7,65",,,,," 'distance': 0,161512166261673",73929,Patata micro bolsa 500g,MAKRO,,BOLSA/BOLSON,"0,5",KG,500,1,500,,,,"0,99",,,"1,98",,,,,"1,72","1,72",46%,46%,46%,46%,46%
"Aceitunas picantes verdes aliñadas SARASA, lata 185 g",23808009,2-ALIMENTACION,8-SALADO,1-ACEITUNAS Y ENCURTIDOS,7-ACEITUNAS ESPECIALIDADES,2-ACEITUNAS ESPECIALIDADES RESTO,"Aceitunas picantes verdes aliñadas SARASA, lata 185 g",SARASA,23808009,LATA,"0,185",185,1,KG,,,,"2,09",,"11,30",,,"1,03",,"1,57","8,47",25%," 'distance': 0,32511979341507",208439,SARASA aceituna verdial aliñada picante lata 2500gne,SARASA,,BANDEJA,"2,5",KG,2500,1,2500,,,,"18,03",,,"7,21",,,,,"1,26","4,09",36%,15%,36%,36%,43%
"Champiñon laminado EROSKI BASIC, pack 3x105 g",5974340,2-ALIMENTACION,8-SALADO,13-CONSERVAS VEGETALES,21-CHAMPIÑONES,3-CHAMPIÑON LAMINADO,"Champiñon laminado EROSKI BASIC, pack 3x105 g",EROSKI BASIC,5974340,PACK,"0,315",315,1,KG,,,,"2,22",,"7,05",,,"3,57",,,,," 'distance': 0,827486753463745",87808,METRO Chef champiñon blanco laminado lata 420gne (780 g),METRO CHEF,,LATA,"0,78",KG,780,1,780,,,,"2,92",,,"3,74",,,,,"3,30","3,30",47%,47%,47%,47%,47%
"Filete de melva en aceite de girasol UBAGO, lata 115 g",844514,2-ALIMENTACION,8-SALADO,23-CONSERVAS DE PESCADO,27-OTRAS CONSERVAS DE PESCADO,1-MELVA,"Filete de melva en aceite de girasol UBAGO, lata 115 g",UBAGO,844514,LATA,"0,115",115,1,KG,,,,"2,65",,"23,04",,,"0,15",,"2,39","20,74",10%," 'distance': 0,147520929574966",595114,Ubago melva en aceite en lata de 620gne (950 g),UBAGO,,LATA,"0,95",KG,950,1,950,,,,"15,02","12,77",,"14,37","12,21",,15%,COMPRA MAS PAGA MENOS,"8,52","10,83",47%,41%,38%,38%,44%
"Salsa mojo picón SALSAS ASTURIANAS, frasco 290 g",14266944,2-ALIMENTACION,9-COCINA,3-SALSAS,9-SALSAS ESPECIALES,47-SALSAS MOJO PICON,"Salsa mojo picón SALSAS ASTURIANAS, frasco 290 g",SALSAS ASTURIANAS,14266944,FRASCO,"0,29",290,1,KG,,,,"3,59",,"12,38",,,"0,15",,"3,05","10,52",15%," 'distance': 2,7050580978393555",109682,'Salsas Asturianas mojo rojo pet 1kg',SALSAS ASTURIANAS,,BOTE,"1,00",KG,1000,1,1000,,,,"6,55",,,"6,55",,,,,"3,97","5,83",47%,38%,47%,47%,47%
Aceitunas gazpachas EROSKI cubeta 300 g,24278632,2-ALIMENTACION,8-SALADO,48-ACEIT. Y ENCURT. TRADICIONALES,5-ACEITUNAS TRADICIONALES,5-ACEITUNAS TRADICIONALES,Aceitunas gazpachas EROSKI cubeta 300 g,EROSKI,24278632,CUBETA,"0,3",300,1,KG,,,,"2,90",,"9,67",,,"0,19",,"2,18","7,25",25%," 'distance': 0,485502898693085",178732,makro Chef aceituna gazpacha frasco 2300gne (3690 g),MAKRO CHEF,,FRASCO,"3,69",KG,3690,1,3690,,,,"18,14",,,"4,92",,,,,"2,33","4,75",49%,32%,49%,49%,48%
"Sal de mar MALDON, caja 125 g",16013229,2-ALIMENTACION,9-COCINA,5-SAL,21-SALES GOURMET,5-ESCAMAS Y FLOR DE SAL NATURAL,"Sal de mar MALDON, caja 125 g",MALDON,16013229,CAJA,"0,125",125,1,KG,,,,"3,55",,"28,40",,,"0,19",,,,," 'distance': 0,3204233944416046",5331,Maldon Sea Salt Co. sal paquete 250g,MALDON SEA SALT CO.,,PAQUETE,"0,25",KG,250,1,250,,,,"4,06",,,"15,00",,,,,"13,40","13,40",47%,47%,47%,47%,47%
"Cerveza HEINEKEN, botellín 33 cl",10481059,2-ALIMENTACION,11-BEBIDAS,8-CERVEZAS,1-CERVEZAS LAGER,1-CERVEZAS LAGER BOTELLA,"Cerveza HEINEKEN, botellín 33 cl",HEINEKEN,10481059,BOTELLÍN,"0,33",330,1,L,,,,"1,59",,"4,82",,,"0,8",,"1,19","3,61",25%," 'distance': 2,3518166542053223",481975,'Heineken cerveza 33cl contiene 24 botellas',HEINEKEN,,BOTELLA,"0,33",L,330,24,7920,,,,"19,06",,,"2,41",,,,,"1,21","2,41",50%,33%,50%,41%,45%
"Navaja al natural 4/8 piezas CUCA, lata 65 g",18314724,2-ALIMENTACION,8-SALADO,23-CONSERVAS DE PESCADO,27-OTRAS CONSERVAS DE PESCADO,30-NAVAJA,"Navaja al natural 4/8 piezas CUCA, lata 65 g",CUCA,18314724,LATA,"0,065",65,1,KG,,,,"7,95",,"122,31",,,"0,03",,"7,16","110,08",10%," 'distance': 3,211979389190674",689481,CUCA navajas al natural 4/8 lata 65 gne contiene 5 unidades (120 g),CUCA,,LATA,"0,12",KG,120,5,600,,,,"40,25",,,"67,08",,,,,"42,99","55,22",45%,39%,45%,48%,48%
"Salmón al natural CALVO, pack 3x50 g",24187403,2-ALIMENTACION,8-SALADO,23-CONSERVAS DE PESCADO,27-OTRAS CONSERVAS DE PESCADO,11-OTRAS CONSERVAS,"Salmón al natural CALVO, pack 3x50 g",CALVO,24187403,PACK,"0,15",150,1,KG,,,,"4,75",,"31,67",,,"1,15",,"4,28","28,50",10%," 'distance': 3,211979389190674",218940,Calvo salmón al natural lata 650 gne (900 g),CALVO,,LATA,"0,9",KG,900,1,900,,,,"14,85",,,"16,50",,,,,"12,00","15,17",48%,42%,48%,48%,48%
"Mermelada cero de naranja LA VIEJA FÁBRICA, frasco 280 g",22409874,2-ALIMENTACION,8-SALADO,15-MERMELADAS,7-MERMELADA O CONFITURA DIET,9-MERM/CONFITURA DIET VARIOS,"Mermelada cero de naranja LA VIEJA FÁBRICA, frasco 280 g",LA VIEJA FABRICA,22409874,FRASCO,"0,28",280,1,KG,España,,,"3,29",,"11,75",,,"0,57",,,,," 'distance': 1,51841402053833",515424,LA VIEJA FÁBRICA mermelada de naranja amarga tarro 800 g',LA VIEJA FABRICA,,FRASCO,"0,80",KG,800,1,800,,,,"5,34","4,54",,"6,68","5,67",,15%,COMPRA MAS PAGA MENOS,"6,08","6,08",52%,52%,43%,37%,44%
"Atún claro al natural bajo en sal CALVO, pack 3x56 g",3481603,2-ALIMENTACION,8-SALADO,23-CONSERVAS DE PESCADO,1-ATUN CLARO,13-ATUN CLARO NATURAL,"Atún claro al natural bajo en sal CALVO, pack 3x56 g",CALVO,3481603,PACK,"0,168",168,1,KG,España,,,"4,69",,"27,92",,,2,,"4,22","25,13",10%," 'distance': 2,3244848251342773",174707,Calvo atún claro al natural 56 gne contiene 24 unidades (80 g)',CALVO,,LATA,"0,08",KG,80,24,1920,,,,"27,12",,,"14,13",,,,,"11,00","13,79",49%,44%,49%,49%,49%
"Paté a la pimienta LA CUINA, pack 2x50 g",19590298,1-FRESCOS,4-CHARCUTERIA,11-PATES PORCION,1-PATES DE CERDO PORCION,1-PATES CERDO PORCION DIARI/OCAS,"Paté a la pimienta LA CUINA, pack 2x50 g",LA CUINA,19590298,PACK,"0,1",100,1,KG,,,,"1,75",,"17,50",,,"0,2",,"1,58","15,75",10%," 'distance': 0,339617431163788",379470,"La Cuina paté pimienta tarrina 1,5kg",LA CUINA,,TARRINA,"1,50",KG,1500,1,1500,,,,"14,14",,,"9,43",,,,,"6,32","8,07",46%,40%,46%,46%,47%
"Tónica premium FEVER TREE, botellín 20 cl",14294276,2-ALIMENTACION,11-BEBIDAS,10-BEBIDAS REFRESCANTES,9-C/G TONICA,10-C/G TONICA REG PEQUE,"Tónica premium FEVER TREE, botellín 20 cl",FEVER TREE,14294276,BOTELLÍN,"0,2",200,1,L,,,,"1,65","1,07","8,25","5,36",,0,2nd unit-70%,"0,86","4,29",20%," 'distance': 3,1264145374298096",93906,Fever-Tree tónica Indian water botella 200ml contiene 24 unidades',FEVER-TREE,,BOTELLA,"0,20",L,200,24,4800,,,,"25,11",,,"5,23",,,,,"-0,94","0,13",2%,-22%,37%,39%,45%
"Selection Mix FINI, bolsa 150 g",15744543,2-ALIMENTACION,8-SALADO,9-CHICLES Y CARAMELOS,1-CARAMELO,35-GOMA BRILLO,"Selection Mix FINI, bolsa 150 g",FINI,15744543,BOLSA,"0,15",150,1,KG,,,,"2,09",,"13,93",,,"0,5",,,,," 'distance': 3,8740265369415283",217574,'Fini regaliz wonder mix bolsa 1 kg',FINI,,BOLSA/BOLSON,"1,00",KG,1000,1,1000,,,,"7,43",,,"7,43",,,,,"6,50","6,50",47%,47%,47%,47%,48%
"Crema de untar vegana natural VIOLIFE, tarrina 150 g",26233866,2-ALIMENTACION,5-LACTEOS,10-QUESOS,8-QUESO RALLADO,90-SOLUCIONES  VEGANAS,"Crema de untar vegana natural VIOLIFE, tarrina 150 g",VIOLIFE,26233866,TARRINA,"0,15",150,1,KG,,,,"3,19",,"21,27",,,"1,19",,"2,39","15,95",25%," 'distance': 2,8525424003601074",201998,'Violife cremoso tarrina 500 g',VIOLIFE,,UNIDAD,"0,50",KG,500,1,500,,,,"5,60",,,"11,20",,,,,"4,75","10,07",47%,30%,47%,48%,48%
"CHAMP,LAMIN,SERVIH,1333G C/6",24598039,2-ALIMENTACION,8-SALADO,13-CONSERVAS VEGETALES,21-CHAMPIÑONES,3-CHAMPIÑON LAMINADO,"CHAMP,LAMIN,SERVIH,1333G C/6",SERVIHOSTEL,24598039,LATA,"1,333",1333,1,KG,,,,"6,55",,"4,91",,,0,,,,," 'distance': 2,931441307067871",217879,METRO Chef champiñon laminado calidad estándar lata 1330 gne (2500 g),METRO CHEF,,LATA,"2,5",KG,2500,1,2500,,,,"6,55",,,"2,62",,,,,"2,29","2,29",47%,47%,47%,55%,51%
Remolacha en tiras EROSKI frasco 180 g,24955197,2-ALIMENTACION,8-SALADO,13-CONSERVAS VEGETALES,40-INGREDIENTES ENSALADA,5-REMOLACHA,Remolacha en tiras EROSKI frasco 180 g,EROSKI,24955197,FRASCO,"0,18",180,1,KG,,,,"0,97",,"5,39",,,"3,11",,,,," 'distance': 4,6015625",121333,'METRO Chef remolacha rallada frasco 180 gne contiene 3 unidades (345 g)',METRO CHEF,,FRASCO,"0,35",KG,345,3,1035,,,,"3,14",,,"3,03",,,,,"2,36","2,36",44%,44%,44%,44%,46%
"Compango preparado para fabada PALCARSA, sobre 200 g",538967,1-FRESCOS,4-CHARCUTERIA,8-CARNICOS PIEZA,2-EMBUTIDOS PIEZA,19-PREPARADOS PARA PUCHERO,"Compango preparado para fabada PALCARSA, sobre 200 g",PALCARSA,538967,SOBRE,"0,2",200,1,KG,España,,,"4,75",,"23,75",,,"1,09",,"4,51","22,56",5%," 'distance': 2,184842824935913",38202,Palcarsa compango con lacón 400 g contiene 2 unidades (Total 800 g)',PALCARSA,,PACK,"0,80",KG,800,1,800,,,,"9,23",,,"11,54",,,,,"11,03","12,21",51%,49%,51%,51%,50%
"Cebolla roja, malla 1 kg",4804720,1-FRESCOS,1-FRUTA Y HORTALIZA,20-COMPLEMENTOS BASICOS,10-CEBOLLAS,10-CEBOLLAS MORADAS,"Cebolla roja, malla 1 kg",EROSKI,4804720,MALLA,1,1000,1,KG,,,,"3,29",,"3,29",,,"7,43",,"2,63","2,63",20%," 'distance': 0,726872324943542",22415,METRO Chef cebolla morada especial decoración calibre 60/80 malla 1kg,METRO CHEF,,MALLA,1,KG,1000,1,1000,,,,"2,07",,,"2,07",,,,,"0,56","1,22",37%,21%,37%,31%,43%
Mostaza EROSKI bote 320 g,24157844,2-ALIMENTACION,9-COCINA,3-SALSAS,7-MOSTAZA,3-MOSTAZAS PET Y SOBRES,Mostaza EROSKI bote 320 g,EROSKI,24157844,BOTE,"0,32",320,1,KG,,,,"1,11",,"3,47",,,"2,07",,"0,94","2,95",15%," 'distance': 0,469741016626358",139252,aro mostaza 1850g,ARO,,GARRAFA,"1,85",KG,1850,1,1850,,,,"3,62","3,08",,"1,96","1,66",,15%,COMPRA MAS PAGA MENOS,"1,29","1,81",52%,44%,44%,44%,48%
"Salchicha Frankfurt reducida en grasa CAMPOFRÍO, sobre 140 g",26345892,1-FRESCOS,4-CHARCUTERIA,13-SALCHICHAS,5-SALCHICHAS AVE SC,3-SALCHICHAS AVE,"Salchicha Frankfurt reducida en grasa CAMPOFRÍO, sobre 140 g",CAMPOFRÍO,26345892,SOBRE,"0,14",140,1,KG,España,,,"1,10",,"7,86",,,"0,76",,,,," 'distance': 2,254573345184326",66210,Campofrío salchicha Frankfurt 140 g contiene 4 paquetes ( total 560 g)',CAMPOFRIO,,RETRACTIL,"0,56",KG,560,1,560,,,,"2,48",,,"3,91",,,,,"3,95","3,95",50%,50%,50%,50%,50%
"Salsa teriyaki BLUE DRAGON, frasco 150 ml",22311468,2-ALIMENTACION,8-SALADO,39-COMIDAS DEL MUNDO,10-COMIDA ASIATICA,15-JAPONESA,"Salsa teriyaki BLUE DRAGON, frasco 150 ml",BLUE DRAGON,22311468,FRASCO,"0,15",150,1,L,Polonia,,,"2,75",,"18,33",,,"0,53",,"2,20","14,67",20%," 'distance': 2,7347240447998047",114799,'Blue Dragon salsa teriyaki botella 1l',BLUE DRAGON,,BOTELLA,"1,00",L,1000,1,1000,,,,"8,53","7,76",,"8,53","7,76",,9%,COMPRA MAS PAGA MENOS,"6,90","10,57",58%,47%,53%,53%,52%
Huevo suelo M/L EROSKI cartón 18 uds,21176482,2-ALIMENTACION,5-LACTEOS,20-HUEVOS FRESCOS,3-HUEVOS FRESCOS SUELO,1-HUEVOS FRESCOS SUELO TALLA M,Huevo suelo M/L EROSKI cartón 18 uds,EROSKI,21176482,CAJA,1,1000,18,DOCENAS,,,,"4,26",,"2,84",,,8,,,,," 'distance': 2,931441307067871",215565,"METRO Chef huevo suelo tamaño M-L huevera 2,5 docenas",METRO CHEF,,ESTUCHE,1,DOCENAS,1000,5,5000,,,,"6,96",,,"1,39",,,,,"1,45","1,45",51%,51%,51%,51%,51%
Tomillo para sazonar EROSKI frasco 15 g,232868,2-ALIMENTACION,9-COCINA,35-ESPECIAS,10-HIERBAS,39-TOMILLO,Tomillo para sazonar EROSKI frasco 15 g,EROSKI,232868,FRASCO,"0,015",15,1,KG,,,,"0,66",,"44,00",,,,,,,," 'distance': 0,852968692779541",214600,METRO Chef tomillo 220 g,METRO CHEF,,TARRO,"0,22",KG,220,1,220,,,,"3,29",,,"14,95",,,,,"29,05","29,05",66%,66%,66%,52%,52%
"Nata para montar KAIKU, brik 200 ml",235366,2-ALIMENTACION,5-LACTEOS,12-NATAS-CREMAS,2-NATA MONTAR,1-NATA MONTAR 200 Y MULTIPACK,"Nata para montar KAIKU, brik 200 ml",KAIKU,235366,BRIK,"0,2",200,1,L,,,,"1,99",,"9,95",,,"1,27",,"1,49","7,46",25%," 'distance': 0,645551800727844",742508,Kaiku nata para montar 35% materia grasa brick 1 L,KAIKU,,BRIK,1,L,1000,1,1000,,,,"5,71",,,"5,71",,,,,"1,75","4,24",43%,23%,43%,44%,50%
Aceitunas sabor manzanilla EROSKI tarrina 300 g,3897220,2-ALIMENTACION,8-SALADO,48-ACEIT. Y ENCURT. TRADICIONALES,5-ACEITUNAS TRADICIONALES,5-ACEITUNAS TRADICIONALES,Aceitunas sabor manzanilla EROSKI tarrina 300 g,EROSKI,3897220,TARRINA,"0,3",300,1,KG,,,,"2,90",,"9,67",,,"0,34",,"2,18","7,25",25%," 'distance': 4,6343560218811035",364676,makro Chef aceitunas verdes manzanilla con hueso sabor natural calibre 241-300 lata 2500gne (4350 g),MAKRO CHEF,,LATA,"4,35",KG,4350,1,4350,,,,"18,76",,,"4,31",,,,,"2,94","5,35",55%,41%,55%,55%,53%
"Vinagre balsámico de Módena EROSKI SELEQTIA, botella 250 ml",26204792,2-ALIMENTACION,9-COCINA,2-VINAGRES Y ADEREZOS,15-VINAGRES ESPECIALES,10-VINAGRES BALSAMICOS,"Vinagre balsámico de Módena EROSKI SELEQTIA, botella 250 ml",SELEQTIA,26204792,BOTELLA,"0,25",250,1,L,,,,"2,29","1,81","9,16","7,24",,"1,04",21%,"1,63","6,51",10%," 'distance': 3,882051706314087",137214,'RIOBA vinagre de vino botella 250ml',RIOBA,,BOTE,"0,25",L,250,1,250,,,,"1,20",,,"4,80",,,,,"1,71","2,44",34%,26%,48%,48%,51%
"Corn flakes EROSKI BIO, caja 500 g",23156466,2-ALIMENTACION,10-DULCE,22-CEREALES DE DESAYUNO,7-CEREALES,15-CEREALES FAMILIAR,"Corn flakes EROSKI BIO, caja 500 g",Eroski Bio/ECO,23156466,CAJA,"0,5",500,1,KG,,,,"3,39",,"6,78",,,"2,88",,,,," 'distance': 0,263405561447144",218782,METRO Chef corn flakes 750 g,METRO CHEF,,BOLSA/BOLSON,"0,75",KG,750,1,750,,,,"3,29",,,"4,39",,,,,"2,39","2,39",35%,35%,35%,35%,47%
"Alubia pocha JA'E, lata 500 g",336255,2-ALIMENTACION,9-COCINA,9-LEGUMBRES,9-ALUBIA COCIDA,15-ALUBIA¿POCHA COCIDA¿FRASCO¿NORMAL,"Alubia pocha JA'E, lata 500 g",JA'E,336255,LATA,"0,5",500,1,KG,,,,"2,49",,"4,98",,,"1,23",,"2,12","4,23",15%," 'distance': 0,35358053445816",431847,JA'E alubia cocida blanca pocha lata 1600 gne (2500 g),JAE,,LATA,"2,5",KG,2500,1,2500,,,,"7,10",,,"2,84",,,,,"1,39","2,14",43%,33%,43%,43%,49%
Oregano EROSKI frasco 12 g,232876,2-ALIMENTACION,9-COCINA,35-ESPECIAS,10-HIERBAS,6-OREGANO,Oregano EROSKI frasco 12 g,EROSKI,232876,FRASCO,"0,012",12,1,KG,,,,"0,48",,"40,00",,,,,,,," 'distance': 0,529672384262085",219217,aro oregano hoja 600 g,ARO,,BOTE,"0,6",KG,600,1,600,,,,"9,63",,,"16,05",,,,,"23,95","23,95",60%,60%,60%,58%,55%
"Batido de chocolate KAIKU, botella vidrio 200 ml",23335813,2-ALIMENTACION,5-LACTEOS,16-BATIDOS Y LACTOZUMOS.NO REFRIG,1-BATIDOS,1-BATIDO CACAO INDIVIDUAL,"Batido de chocolate KAIKU, botella vidrio 200 ml",KAIKU,23335813,BOTELLA,"0,2",200,1,L,,,,"1,55","1,16","7,75","5,81",,"0,64",2nd unit-50%,,,," 'distance': 0,249977543950081",144541,Kaiku batido chocolate botella 200 ml contiene 12 unidades,KAIKU,,CAJA/CAJON,"0,2",L,200,12,2400,,,,"8,90",,,"3,71",,,,,"2,10","2,10",36%,36%,52%,52%,53%
"Tomate triturado ORLANDO, brik 510 g",14032049,2-ALIMENTACION,8-SALADO,10-TOMATE,1-TOMATE NATURAL,15-TOMATE TRITURADO MAS DE 500G,"Tomate triturado ORLANDO, brik 510 g",ORLANDO,14032049,BRIK,"0,51",510,1,KG,,,,"1,95",,"3,82",,,"1,53",,"1,66","3,25",15%," 'distance': 3,211979389190674",123018,ORLANDO tomate triturado brik 2050 g,ORLANDO,,BRIK,"2,05",KG,2050,1,2050,,,,"3,29","2,83",,"1,80","1,55",,14%,COMPRA MAS PAGA MENOS,"1,70","2,28",60%,52%,53%,53%,53%
"Penca de acelga GUTARRA, frasco 350 g",7643570,2-ALIMENTACION,8-SALADO,13-CONSERVAS VEGETALES,25-VERDURAS Y VEGETALES VARIOS,7-ACELGAS,"Penca de acelga GUTARRA, frasco 350 g",GVTARRA,7643570,FRASCO,"0,35",350,1,KG,España,,,"4,35",,"12,43",,,"0,96",,,,," 'distance': 1,0754529237747192",20043,'GVTARRA pencas de acelga frasco 350gne (660 g)',GVTARRA,,FRASCO,"0,66",KG,660,1,660,,,,"3,47",,,"5,26",,,,,"7,17","7,17",58%,58%,58%,58%,55%
"Mosto Blanco GREIP, botella 1 litro",175463,2-ALIMENTACION,11-BEBIDAS,10-BEBIDAS REFRESCANTES,23-MOSTO,10-MOSTO,"Mosto Blanco GREIP, botella 1 litro",GREIP,175463,BOTELLA,1,1000,1,L,,,,"2,59",,"2,59",,,"2,8",,"2,07","2,07",20%," 'distance': 2,474392890930176",88192,'MOSTO GREIP mosto blanco botella 1l contiene 12 unidades',MOSTO GREIP,,BOTE,"1,00",L,1000,12,12000,,,,"14,73","13,26",,"1,23","1,10",,10%,COMPRA MAS PAGA MENOS,"0,97","1,49",57%,47%,53%,54%,54%
"Aceitunas del cortijo SARASA, lata 185 g",18023820,2-ALIMENTACION,8-SALADO,1-ACEITUNAS Y ENCURTIDOS,7-ACEITUNAS ESPECIALIDADES,2-ACEITUNAS ESPECIALIDADES RESTO,"Aceitunas del cortijo SARASA, lata 185 g",SARASA,18023820,LATA,"0,185",185,1,KG,,,,"2,09",,"11,30",,,"3,23",,"1,57","8,47",25%," 'distance': 1,4211657047271729",150206,'SARASA aceituna cortadas la receta del cortijo lata 750g',SARASA,,RETRACTIL,"0,75",KG,750,1,750,,,,"6,48",,,"8,64",,,,,"-0,17","2,66",24%,-2%,24%,24%,43%
"Filete de atún CAMPOS, caja 225 g",16463358,2-ALIMENTACION,3-CONGELADOS,9-PESCADO Y MARISCO CONGELADO,1-PESCADO NATURAL,"98-P,NATURAL OTROS","Filete de atún CAMPOS, caja 225 g",CAMPOS,16463358,CAJA,"0,225",225,1,KG,,,,"5,29",,"23,51",,,"1,11",,"5,03","22,34",5%," 'distance': 3,790358543395996",114030,'Campos Bocados atun 850g (1000 g)',CAMPOS,,BOLSA/BOLSON,"1,00",KG,1000,1,1000,,,,"10,88",,,"10,88",,,,,"11,46","12,63",54%,51%,54%,54%,54%
"Mayonesa HEINZ, bocabajo 400 ml",11013125,2-ALIMENTACION,9-COCINA,3-SALSAS,"3-MAYONESAS, S.FINAS Y S.LIGERAS",7-MAYO.S.FINAS PET MAS 300 ML,"Mayonesa HEINZ, bocabajo 400 ml",HEINZ,11013125,BOCABAJO,"0,4",400,1,L,,,,"3,39",,"8,48",,,"1,46",,"2,88","7,20",15%," 'distance': 0,670735955238342",216867,HEINZ mayonesa profesional cubo 5 L (4800 g),HEINZ,,CUBO,"4,8",L,4800,1,4800,,,,"18,21","15,48",,"3,79","3,22",,15%,COMPRA MAS PAGA MENOS,"3,98","5,25",62%,55%,55%,55%,54%
"Piparra dulce con toque picante M, ACEITUNEROS, frasco 130 g",25615584,2-ALIMENTACION,8-SALADO,1-ACEITUNAS Y ENCURTIDOS,9-ENCURTIDOS,9-GUINDILLAS,"Piparra dulce con toque picante M, ACEITUNEROS, frasco 130 g","M,ACEITUNEROS",25615584,FRASCO,"0,13",130,1,KG,,,,"3,20",,"24,62",,,"1,34",,"2,40","18,46",25%," 'distance': 2,3831496238708496",220072,'MAESTROS ACEITUNEROS Guindilla piparra frasco 150 gne',MAESTROS ACEITUNEROS,,TARRO,"0,39",KG,390,1,390,,,,"3,91","3,52",,"10,03","9,02",,10%,COMPRA MAS PAGA MENOS,"9,44","15,59",63%,51%,59%,55%,54%
"Manzana Golden Seleccion, al peso, compra minima 960 g / 3 u",20043873,1-FRESCOS,1-FRUTA Y HORTALIZA,1-FRUTA,25-MANZANAS,30-MANZANAS DULCES GOLDEN,"Manzana Golden Seleccion, al peso, compra minima 960 g / 3 u",EROSKI,20043873,GRANEL,"0,96",960,1,KG,,,,"3,36",,"3,50",,,,,"3,02","3,15",10%," 'distance': 0,724972903728485",58893,Manzana golden de segunda calibre 65 + granel,MAKRO,,KILO,13,KG,13000,1,13000,,,,"1,61",,,"1,61",,,,,"1,54","1,89",54%,49%,54%,54%,54%
"Bolitas de mozzarella GALBANI, bolsa 150 g",11127032,2-ALIMENTACION,5-LACTEOS,10-QUESOS,1-QUESO FRESCOS,5-QUESO FRESCO MOZZARELLA,"Bolitas de mozzarella GALBANI, bolsa 150 g",GALBANI,11127032,BOLSA,"0,15",150,1,KG,Italia,,,"3,45",,"23,00",,,"2,21",,"2,59","17,25",25%," 'distance': 3,349771499633789",144095,'Galbani Professionale mozzarella cubeti bandeja 2,GALBANI PROFESSIONALE,,BANDEJA,"2,50",KG,2500,1,2500,,,,"24,85",,,"9,94",,,,,"7,31","13,06",57%,42%,57%,58%,56%
"Garbanzo cocido Eroski SELEQTIA, frasco 400 g",17055039,2-ALIMENTACION,9-COCINA,9-LEGUMBRES,10-GARBANZO COCIDO,1-GARBANZO COCIDO FRASCO NORMAL,"Garbanzo cocido Eroski SELEQTIA, frasco 400 g",SELEQTIA,17055039,FRASCO,"0,4",400,1,KG,,,,"1,69",,"4,23",,,"2,88",,"1,44","3,59",15%," 'distance': 4,601571559906006",210438,'METRO Chef garbanzo cocido al natural frasco 400gne (540 g)',METRO CHEF,,TARRO,"0,54",KG,540,1,540,,,,"1,05","0,95",,"1,94","1,75",,10%,COMPRA MAS PAGA MENOS,"1,85","2,48",59%,51%,54%,52%,53%
Pepinillos en vinagre EROSKI cubeta 300 g,24139016,2-ALIMENTACION,8-SALADO,48-ACEIT. Y ENCURT. TRADICIONALES,10-ENCURTIDOS TRADICIONALES,5-ENCURTIDOS TRADICIONALES,Pepinillos en vinagre EROSKI cubeta 300 g,EROSKI,24139016,CUBETA,"0,3",300,1,KG,,,,"2,90",,"9,67",,,"1,43",,"2,18","7,25",25%," 'distance': 0,428758859634399",121387,METRO Chef pepinillos pequeños 300/400 en vinagre 380 gne (720 g),METRO CHEF,,FRASCO,"0,72",KG,720,1,720,,,,"3,07","2,61",,"4,26","3,62",,15%,COMPRA MAS PAGA MENOS,"3,63","6,04",63%,50%,56%,56%,55%
Banderillas dulces EROSKI frasco 210 g,945527,2-ALIMENTACION,8-SALADO,1-ACEITUNAS Y ENCURTIDOS,9-ENCURTIDOS,3-BANDERILLAS,Banderillas dulces EROSKI frasco 210 g,EROSKI,945527,FRASCO,"0,21",210,1,KG,España,,,"2,23",,"10,62",,,"2,19",,"1,67","7,96",25%," 'distance': 4,171001434326172",172780,'METRO Chef banderillas dulces frasco 1000 gne (1800 g)',METRO CHEF,,TARRO,"1,80",KG,1800,1,1800,,,,"8,68",,,"4,82",,,,,"3,14","5,80",55%,39%,55%,52%,53%
"Aceituna receta maestro andaluz M, ACEITUNEROS, lata 185 g",24781031,2-ALIMENTACION,8-SALADO,1-ACEITUNAS Y ENCURTIDOS,7-ACEITUNAS ESPECIALIDADES,2-ACEITUNAS ESPECIALIDADES RESTO,"Aceituna receta maestro andaluz M, ACEITUNEROS, lata 185 g","M,ACEITUNEROS",24781031,LATA,"0,185",185,1,KG,España,,,"2,19",,"11,84",,,"0,88",,"1,64","8,88",25%," 'distance': 1,629912257194519",220067,Maestros aceituneros aceituna aliñada sabores del mundo mare nostrum lata 750 gne',MAESTROS ACEITUNEROS,,UNIDAD,"1,40",KG,1400,1,1400,,,,"7,98",,,"5,70",,,,,"3,18","6,14",52%,36%,52%,57%,55%
"Patatas Fry'n dip MCCAIN, bolsa 500 g",20220927,2-ALIMENTACION,3-CONGELADOS,7-VERDURAS CONGELADAS,3-PATATAS,2-PATATA ESPECIALIDADES,"Patatas Fry'n dip MCCAIN, bolsa 500 g",MC CAIN,20220927,BOLSA,"0,5",500,1,KG,,,,"3,99",,"7,98",,,0,,"3,59","7,18",10%," 'distance': 3,2125961780548096",198951,"""McCain Patata fry'n dip congelado 2",MCCAIN,,BOLSA/BOLSON,"2,50",KG,2500,1,2500,,,,"9,23",,,"3,63",,,,,"3,55","4,35",55%,49%,55%,55%,54%
"Horchata original CHUFI, botella 1 litro",19582899,2-ALIMENTACION,5-LACTEOS,16-BATIDOS Y LACTOZUMOS.NO REFRIG,2-HORCHATAS,5-HORCHATAS,"Horchata original CHUFI, botella 1 litro",CHUFI,19582899,BOTELLA,1,1000,1,L,,,,"1,89","1,70","1,89","1,70",,"0,87",10%,,,," 'distance': 1,2716821432113647",131809,'CHUFI horchata original botella 1 L',CHUFI,,BOTELLA,"1,00",L,1000,1,1000,,,,"1,82",,,"0,83",,,,,"0,87","0,87",51%,51%,56%,55%,52%
"Pikotas de cereza Lc DULCIORA, bolsa 52 g",26361881,2-ALIMENTACION,8-SALADO,33-LINEA DE CAJAS,10-CARAMELO LC,35-RESTO LC,"Pikotas de cereza Lc DULCIORA, bolsa 52 g",DULCIORA,26361881,BOLSA,"0,052",52,1,KG,,,,"1,10",,"21,15",,,"0,53",,,,," 'distance': 1,8102188110351562",216473,'Dulciora Pikotas cereza 1 kg',DULCIORA,,BOLSA/BOLSON,"1,00",KG,1000,1,1000,,,,"9,52","8,09",,"9,52","8,09",,15%,COMPRA MAS PAGA MENOS,"13,06","13,06",62%,62%,55%,55%,55%
"Alubia roja cocida EROSKI BIO, frasco 400 g",23429483,2-ALIMENTACION,9-COCINA,9-LEGUMBRES,9-ALUBIA COCIDA,14-ALUBIA¿COLOR COCIDA¿FRASCO¿NORMAL,"Alubia roja cocida EROSKI BIO, frasco 400 g","Eroski Bio/ECO + E,Natur BIO",23429483,FRASCO,"0,4",400,1,KG,,,,"2,05",,"5,13",,,"0,73",,"1,74","4,36",15%," 'distance': 4,076554298400879",210436,'METRO Chef alubia roja cocida al natural frasco 400gne (540 g)',METRO CHEF,,TARRO,"0,54",KG,540,1,540,,,,"1,20",,,"2,22",,,,,"2,13","2,90",57%,49%,57%,57%,56%
"Manzanilla con anÍs POMPADOUR, caja 20 sobres",8451338,2-ALIMENTACION,10-DULCE,10-INFUSIONES,15-INFUSIONES BOLSITAS,"5-INF,BOLSITAS MANZANILLA","Manzanilla con anÍs POMPADOUR, caja 20 sobres",POMPADOUR,8451338,CAJA,20,20000,20,SOBRES,,,,"2,85",,"0,14",,,"1,42",,,,," 'distance': 3,211979389190674",652756,POMPADOUR manzanilla anÍs contiene 100 unidades 90 g,POMPADOUR,,CAJA/CAJON,"0,09",SOBRES,90,100,9000,,,,"5,34","4,54",,"0,05","0,05",,15%,COMPRA MAS PAGA MENOS,"0,10","0,10",68%,68%,63%,59%,55%
"Queso fresco sin sal BURGO DE ARIAS, pack 3x72 g",3411378,2-ALIMENTACION,5-LACTEOS,10-QUESOS,1-QUESO FRESCOS,15-QUESO FRESCO BURGOS SALUD,"Queso fresco sin sal BURGO DE ARIAS, pack 3x72 g",BURGO DE ARIAS,3411378,PACK,"0,216",216,1,KG,España,,,"3,46",,"16,02",,,"1,57",,"2,60","12,01",25%," 'distance': 2,5401124954223633",41506,'Burgo De Arias queso fresco barra pieza 900 g',BURGO DE ARIAS,,PIEZA,"0,90",KG,900,1,900,,,,"6,19",,,"6,88",,,,,"5,14","9,14",57%,43%,57%,59%,57%
"Tomate triturado ORLANDO, lata 400 g",146472,2-ALIMENTACION,8-SALADO,10-TOMATE,1-TOMATE NATURAL,10-TOMATE TRITURADO HASTA 500G,"Tomate triturado ORLANDO, lata 400 g",ORLANDO,146472,LATA,"0,4",400,1,KG,,,,"1,75",,"4,38",,,"2,69",,"1,49","3,72",15%," 'distance': 3,211979389190674",112476,ORLANDO tomate triturado lata 2500 gn,ORLANDO,,LATA,"2,5",KG,2500,1,2500,,,,"6,04","5,13",,"2,20","1,87",,15%,COMPRA MAS PAGA MENOS,"1,85","2,51",57%,50%,50%,57%,56%
"Caldo vegetal KNORR, 12 pastillas, caja 120 g",148189,2-ALIMENTACION,9-COCINA,15-SOPAS PURES Y CALDOS,3-CALDOS EN PASTILLAS,5-CALDO PASTILLA VEGETAL,"Caldo vegetal KNORR, 12 pastillas, caja 120 g",KNORR,148189,CAJA,"0,12",120,1,KG,,,,"1,85",,"15,42",,,"3,26",,,,," 'distance': 0,409549832344055",160867,Knorr Professional caldo vegetal en polvo 1kg,KNORR,,BOTE,1,KG,1000,1,1000,,,,"7,14","6,14",,"7,14","6,14",,14%,COMPRA MAS PAGA MENOS,"9,28","9,28",60%,60%,54%,55%,56%
"Gomis Droppys HARIBO, bolsa 100 g",24114498,2-ALIMENTACION,8-SALADO,36-CHICLES Y CARAMELOS GRANEL,10-EMBOLSADO,15-GOLOSINAS AZUCAR BAJO GRAMAJE,"Gomis Droppys HARIBO, bolsa 100 g",HARIBO,24114498,BOLSA,"0,1",100,1,KG,,,,"1,35",,"13,50",,,"0,26",,,,," 'distance': 1,6627097129821777",211660,'HARIBO gomas droppys bolsa 1 Kg',HARIBO,,BOLSA/BOLSON,"1,00",KG,1000,1,1000,,,,"7,1","6,11",,"7,10","6,11",,14%,COMPRA MAS PAGA MENOS,"7,39","7,39",55%,55%,47%,56%,54%
"Cocktail Detapas olivaria JOLCA, lata 185 g",17961509,2-ALIMENTACION,8-SALADO,1-ACEITUNAS Y ENCURTIDOS,9-ENCURTIDOS,13-COCKTAILS,"Cocktail Detapas olivaria JOLCA, lata 185 g",JOLCA,17961509,LATA,"0,185",185,1,KG,España,,,"2,05",,"11,08",,,"0,38",,"1,54","8,31",25%," 'distance': 3,243419885635376",160658,Jolca cóctel con aceituna con hueso y con aceite de oliva de tapas oivaria lata 750gne (1500 g)',JOLCA,,LATA,"1,50",KG,1500,1,1500,,,,"6,88",,,"4,59",,,,,"3,72","6,49",59%,45%,59%,59%,58%
"Piña en rodajas DEL MONTE, pack 3x145 g",24281651,2-ALIMENTACION,8-SALADO,17-ALMIBARES,3-PIÑA,10-PIÑA PACK,"Piña en rodajas DEL MONTE, pack 3x145 g",DEL MONTE,24281651,PACK,"0,435",435,1,KG,,,,"4,59",,"10,55",,,1,,,,," 'distance': 0,697417497634888",150120,Del Monte piña en su jugo lata 510 gne (1000 g),DEL MONTE,,RETRACTIL,"0,82",KG,820,1,820,,,,"3,95",,,"4,82",,,,,"5,73","5,73",54%,54%,54%,55%,57%
"Jugo MAGGI, frasco 101 ml",10913952,2-ALIMENTACION,9-COCINA,15-SOPAS PURES Y CALDOS,2-AYUDAS CULINARIAS,10-AYUDA CULINARIA OTROS,"Jugo MAGGI, frasco 101 ml",MAGGI,10913952,FRASCO,"0,101",101,1,L,,,,"3,29",,"32,57",,,"0,73",,,,," 'distance': 0,1203470453619957",275678,maggi profesional sazonador liquido proteinas vegetales hidrolizadas agua proteinas de trigo sal agua aroma contiene trigo potenciadores del sabor glutamato monosodico inosinato disodico sal azucar,MAGGI,,BOTELLA,1,L,1000,1,1000,,,,"15,17",,,"13,79",,,,,"18,78","18,78",58%,58%,58%,58%,58%
Aceituna sabor anchoa EROSKI cubeta 300 g,24138976,2-ALIMENTACION,8-SALADO,48-ACEIT. Y ENCURT. TRADICIONALES,5-ACEITUNAS TRADICIONALES,5-ACEITUNAS TRADICIONALES,Aceituna sabor anchoa EROSKI cubeta 300 g,EROSKI,24138976,CUBETA,"0,3",300,1,KG,,,,"2,90",,"9,67",,,"0,61",,"2,18","7,25",25%," 'distance': 4,214881420135498",350610,'makro Chef aceituna manzanilla deshuesada sabor anchoa cubo 2700 gne (5000 g)',MAKRO CHEF,,CUBO,"5,00",KG,5000,1,5000,,,,"20,34","17,29",,"4,07","3,46",,15%,COMPRA MAS PAGA MENOS,"3,79","6,21",64%,52%,58%,60%,58%
"Cebolla dulce pelada, malla 600 g",20053963,1-FRESCOS,1-FRUTA Y HORTALIZA,2-HORTALIZA,78-HORTALIZAS DE ENSALADA,30-CEBOLLAS DULCES,"Cebolla dulce pelada, malla 600 g",EROSKI,20053963,MALLA,"0,6",600,1,KG,,,,"3,09",,"5,15",,,"9,19",,"2,63","4,38",15%," 'distance': 0,6380733251571655",20546,METRO Chef cebolla dulce especial ensalada calibre 60/80 malla 1kg,METRO CHEF,,MALLA,1,KG,1000,1,1000,,,,"2,34",,,"2,09",,,,,"2,29","3,06",59%,52%,59%,59%,58%
Pimentón dulce para sazonar EROSKI frasco 47 g,233098,2-ALIMENTACION,9-COCINA,35-ESPECIAS,5-ESPECIAS,3-PIMENTON DULCE,Pimentón dulce para sazonar EROSKI frasco 47 g,EROSKI,233098,FRASCO,"0,047",47,1,KG,,,,"0,84",,"17,87",,,,,,,," 'distance': 0,9032402634620667",178766,aro pimentón dulce 800g,ARO,,BOTE,"0,8",KG,800,1,800,,,,"6,04","5,98",,"7,49","7,42",,1%,,"10,46","10,46",59%,59%,58%,58%,58%
Salsa de tomate para pizza EROSKI frasco 300 g,25453747,2-ALIMENTACION,8-SALADO,10-TOMATE,1-TOMATE NATURAL,20-ESPECIALIDADES,Salsa de tomate para pizza EROSKI frasco 300 g,EROSKI,25453747,FRASCO,"0,3",300,1,KG,,,,"1,38",,"4,60",,,"1,08",,"1,17","3,91",15%," 'distance': 4,503244400024414",215421,'METRO Chef tomate salsa pizza con especias garrafa 5 kg contiene 2 unidades (Total 10 kg)',METRO CHEF,,GARRAFA,"10,00",KG,10000,1,10000,,,,"16,23",,,"1,62",,,,,"2,29","2,98",65%,58%,65%,53%,57%
"Perejil manojo H. SOLER, bolsa 125 g",13337456,1-FRESCOS,1-FRUTA Y HORTALIZA,8-IV GAMA,56-COMPLEMENTOS,15-HIERBAS AROMATICAS,"Perejil manojo H. SOLER, bolsa 125 g",SOLER,13337456,BOLSA,"0,125",125,1,KG,,,,"1,39",,"11,12",,,"7,88",,,,," 'distance': 0,9711373448371887",220565,Perejil manojo 250 g,MAKRO,,UNIDAD,"0,25",L,250,1,250,,,,"1,27",,,"4,60",,,,,"6,52","6,52",59%,59%,59%,59%,59%
"Pechuga de pollo al natural ALDELIS, lata 95 g",24137267,2-ALIMENTACION,9-COCINA,25-CONSERVAS CARNICAS,15-PECHUGAS EN CONSERVA,5-PECHUGAS POLLO EN CONSERVA,"Pechuga de pollo al natural ALDELIS, lata 95 g",ALDELIS,24137267,LATA,"0,095",95,1,KG,España,,,"2,29",,"24,11",,,"0,46",,,,," 'distance': 2,3718509674072266",204572,'Aldelis pechuga de pollo al natural pack 95gne contiene 2 unidades (310 g)',ALDELIS,,CAJA/CAJON,"0,31",KG,310,1,310,,,,"3,07",,,"9,90",,,,,"14,20","14,20",59%,59%,59%,59%,59%
"Cebolla frita KUNHE, frasco 100 g",13698394,2-ALIMENTACION,8-SALADO,13-CONSERVAS VEGETALES,25-VERDURAS Y VEGETALES VARIOS,98-VARIOS,"Cebolla frita KUNHE, frasco 100 g",KUHNE,13698394,FRASCO,"0,1",100,1,KG,,,,"2,75",,"27,50",,,"0,5",,,,," 'distance': 3,536994457244873",97893,Kuhne cebolla frita crujiente bolsa 1kg',KUHNE,,BOLSA/BOLSON,"1,00",KG,1000,1,1000,,,,"11,28","9,59",,"11,28","9,59",,15%,COMPRA MAS PAGA MENOS,"17,91","17,91",65%,65%,59%,59%,59%
"Tomate cherry redondo, bandeja 400 g",23462484,1-FRESCOS,1-FRUTA Y HORTALIZA,2-HORTALIZA,80-TOMATES,10-TOMATES CHERRIES,"Tomate cherry redondo, bandeja 400 g",EROSKI,23462484,BANDEJA,"0,4",400,1,KG,,,,"2,99",,"7,48",,,7,,"2,54","6,35",15%," 'distance': 0,9152114987373352",27807,'Tomate cherry redondo bandeja 200g aproximado',MAKRO CHEF,,BANDEJA,"0,50",KG,500,1,500,,,,"1,72",,,"2,80",,,,,"3,55","4,68",63%,56%,63%,63%,60%
Canela en rama EROSKI frasco 10 g,238048,2-ALIMENTACION,9-COCINA,35-ESPECIAS,5-ESPECIAS,12-CANELA,Canela en rama EROSKI frasco 10 g,EROSKI,238048,FRASCO,"0,01",10,1,KG,,,,"0,79",,"79,00",,,,,,,," 'distance': 0,7781096696853638",36349,canela rama bolsa 300g,MAKRO,,BOLSA/BOLSON,"0,3",KG,300,1,300,,,,"7,98",,,"31,83",,,,,"47,17","47,17",60%,60%,60%,59%,59%
"Salsa de soja menos sal KIKKOMAN, botella 480 ml",25978511,2-ALIMENTACION,9-COCINA,3-SALSAS,9-SALSAS ESPECIALES,21-SALSAS SOJA,"Salsa de soja menos sal KIKKOMAN, botella 480 ml",KIKKOMAN,25978511,BOTELLA,"0,48",480,1,L,,,,"9,89",,"20,60",,,"0,5",,"8,41","17,51",15%," 'distance': 0,9892528057098389",136728,'KIKKOMANN salsa de soja menos sal botella 975 ml',KIKKOMAN,,BOTELLA,"0,98",L,975,1,975,,,,"8,02",,,"8,23",,,,,"9,29","12,38",60%,53%,60%,60%,60%
"Lenteja cocida I.G.P. Tierra de Campos E.SELEQTIA, frasco 400 g",20065421,2-ALIMENTACION,9-COCINA,9-LEGUMBRES,13-LENTEJA COCIDA,1-LENTEJA COCIDA  FRASCO NORMAL,"Lenteja cocida I.G.P. Tierra de Campos E.SELEQTIA, frasco 400 g",SELEQTIA,20065421,FRASCO,"0,4",400,1,KG,,,,"1,69",,"4,23",,,"2,08",,"1,44","3,59",15%," 'distance': 0,850575625896454",210433,METRO Chef lenteja cocida al natural lata 1600gne (2500 g),TO BE DETERMINED,,LATA,"2,5",KG,2500,1,2500,,,,"4,35","3,70",,"1,74","1,48",,15%,COMPRA MAS PAGA MENOS,"2,11","2,75",65%,59%,59%,57%,59%
"Bayeta microfibra para cristales PLA, pack 1 u",20333449,2-ALIMENTACION,12-DROGUERIA,59-UTILES DE LIMPIEZA,7-BAYETAS,"1-BAYETA COCINA, BAÑO, CRISTALES Y ESPEJOS","Bayeta microfibra para cristales PLA, pack 1 u",PLA,20333449,PACK,1,1000,1,UDS,,,,"2,19",,"2,19",,,"0,19",,,,," 'distance': 3,622020959854126",166859,'Pla Bayeta microfibra multihogar 40x30cm 3 unidades',PLA,,PACK,"0,10",UDS,100,3,300,,,,"1,92",,,"0,64",,,,,"1,55","1,55",71%,71%,71%,71%,65%
"Salsa Worcestershire LEA&PERRINS, frasco 150 ml",368670,2-ALIMENTACION,9-COCINA,3-SALSAS,9-SALSAS ESPECIALES,19-SALSAS INTERNACIONALES,"Salsa Worcestershire LEA&PERRINS, frasco 150 ml",LEA&PERRINS,368670,FRASCO,"0,15",150,1,L,,,,"3,49",,"23,27",,,"1,03",,"2,97","19,78",15%," 'distance': 0,6831154227256775",815620,'LEA & PERRINS salsa worcestershire frasco 2 l',LEA & PERRINS,,FRASCO,"2,00",L,2000,1,2000,,,,"20,08",,,"10,04",,,,,"9,74","13,23",57%,49%,57%,57%,59%
Banderillas picantes EROSKI frasco 210 g,945535,2-ALIMENTACION,8-SALADO,1-ACEITUNAS Y ENCURTIDOS,9-ENCURTIDOS,3-BANDERILLAS,Banderillas picantes EROSKI frasco 210 g,EROSKI,945535,FRASCO,"0,21",210,1,KG,,,,"2,23",,"10,62",,,"3,11",,"1,67","7,96",25%," 'distance': 4,2950439453125",172789,'METRO Chef banderillas picantes frasco 900 gne (1800 g)',METRO CHEF,,TARRO,"1,80",KG,1800,1,1800,,,,"7,10","6,11",,"3,94","3,39",,14%,COMPRA MAS PAGA MENOS,"4,57","7,23",68%,57%,63%,61%,61%
"Passata Di Pomodoro MUTTI, frasco 400 g",12243382,2-ALIMENTACION,8-SALADO,10-TOMATE,1-TOMATE NATURAL,10-TOMATE TRITURADO HASTA 500G,"Passata Di Pomodoro MUTTI, frasco 400 g",MUTTI,12243382,FRASCO,"0,4",400,1,KG,,,,"2,99","1,94","7,48","4,86",,"1,3",2nd unit-70%,"1,65","4,13",15%," 'distance': 0,577153563499451",75967,MUTTI tomate passata lata 2500 g,MUTTI,,LATA,"2,5",KG,2500,1,2500,,,,"7,25",,,"2,90",,,,,"1,23","1,96",40%,30%,61%,61%,61%
"Salsa de pimienta verde GALLINA BLANCA, sobre 50 g",15350176,2-ALIMENTACION,9-COCINA,15-SOPAS PURES Y CALDOS,2-AYUDAS CULINARIAS,3-AYUDA CULINARIA SARTEN,"Salsa de pimienta verde GALLINA BLANCA, sobre 50 g",GALLINA BLANCA,15350176,SOBRE,"0,05",50,1,KG,España,,,"2,19",,"43,80",,,"0,76",,,,," 'distance': 2,623887777328491",15858,'Gallina Blanca salsa deshidratada pimienta verde 600 g',GALLINA BLANCA,,BOTE,"0,60",KG,600,1,600,,,,"10,18",,,"16,97",,,,,"26,83","26,83",61%,61%,61%,61%,61%
"Gomis fresones HARIBO, bolsa 150 g",26179374,2-ALIMENTACION,8-SALADO,9-CHICLES Y CARAMELOS,1-CARAMELO,35-GOMA BRILLO,"Gomis fresones HARIBO, bolsa 150 g",HARIBO,26179374,BOLSA,"0,15",150,1,KG,,,,"2,29","1,72","15,27","11,45",,"0,84",2nd unit-50%,,,," 'distance': 1,8888916969299316",210865,'HARIBO gomas fresones 1kg',HARIBO,,BOLSA/BOLSON,"1,00",KG,1000,1,1000,,,,"7,10","6,11",,"7,10","6,11",,14%,COMPRA MAS PAGA MENOS,"5,34","5,34",47%,47%,53%,53%,58%
"Arroz D.O. Valencia Albufera EROSKI SELEQTIA, paquete 500 g",22864490,2-ALIMENTACION,9-COCINA,7-ARROZ,1-ARROZ REDONDO,3-ARROZ REDONDO,"Arroz D.O. Valencia Albufera EROSKI SELEQTIA, paquete 500 g",SELEQTIA,22864490,PAQUETE,"0,5",500,1,KG,,,,"1,99",,"3,98",,,"0,88",,,,," 'distance': 1,03424382209778",78302,METRO Chef arroz largo 1kg contiene 10 unidades,METRO CHEF,,PAQUETE,1,KG,1000,10,10000,,,,"14,61",,,"1,46",,,,,"2,52","2,52",63%,63%,63%,63%,62%
"Discos de fresa HARIBO, bolsa 80 g",24112906,2-ALIMENTACION,8-SALADO,36-CHICLES Y CARAMELOS GRANEL,10-EMBOLSADO,25-REGALICES BAJO GRAMAJE,"Discos de fresa HARIBO, bolsa 80 g",HARIBO,24112906,BOLSA,"0,08",80,1,KG,,,,"1,35",,"16,88",,,"1,96",,,,," 'distance': 1,991300344467163",201491,'HARIBO discos rojos 2kg',HARIBO,,BOLSA/BOLSON,"2,00",KG,2000,1,2000,,,,"12,86",,,"6,43",,,,,"10,45","10,45",62%,62%,62%,62%,62%
"Pan tostado-tostas sin gluten SCHAR, paquete 260 g",22241079,2-ALIMENTACION,10-DULCE,2-PRODUCTOS SALUD,84-PRODUCTOS SIN GLUTEN,27-PAN TOSTADO,"Pan tostado-tostas sin gluten SCHAR, paquete 260 g",SCHAR,22241079,PAQUETE,"0,26",260,1,KG,Italia,,,"5,06","3,29","19,46","12,65",,"0,84",2nd unit-70%,,,," 'distance': 2,9621496200561523",165117,Schar roset pan sin gluten 85 g 6 unidades (total 510 g)',SCHAR,,CAJA/CAJON,"0,51",KG,510,1,510,,,,"3,73","3,17",,"7,31","6,22",,15%,COMPRA MAS PAGA MENOS,"6,43","6,43",51%,51%,62%,59%,61%
"Salsa de soja KIKKOMAN, frasco 250 g",768689,2-ALIMENTACION,9-COCINA,3-SALSAS,9-SALSAS ESPECIALES,21-SALSAS SOJA,"Salsa de soja KIKKOMAN, frasco 250 g",KIKKOMAN,768689,FRASCO,"0,25",250,1,KG,,,,"4,99",,"19,96",,,"1,15",,"4,24","16,97",15%," 'distance': 0,385135054588318",34337,"KIKKOMANN salsa de soja bidon 1,9l",KIKKOMAN,,BIDON,"1,9",L,1900,1,1900,,,,"13,19",,,"6,94",,,,,"10,02","13,02",65%,59%,65%,64%,63%
Brotes de germinados EROSKI frasco 180 g,1743533,2-ALIMENTACION,8-SALADO,13-CONSERVAS VEGETALES,40-INGREDIENTES ENSALADA,10-BROTES GERMINADOS,Brotes de germinados EROSKI frasco 180 g,EROSKI,1743533,FRASCO,"0,18",180,1,KG,,,,"1,41",,"7,83",,,"1,73",,,,," 'distance': 3,4687886238098145",210500,'METRO Chef brotes soja germin frasco 1000gne (1850 g)',METRO CHEF,,FRASCO,"1,85",KG,1850,1,1850,,,,"5,01",,,"2,71",,,,,"5,12","5,12",65%,65%,65%,65%,64%
"Tomate pelado MUTTI, lata 400 g",22366108,2-ALIMENTACION,8-SALADO,10-TOMATE,1-TOMATE NATURAL,20-ESPECIALIDADES,"Tomate pelado MUTTI, lata 400 g",MUTTI,22366108,LATA,"0,4",400,1,KG,,,,"3,25",,"8,13",,,"0,15",,"2,76","6,91",15%," 'distance': 0,485656082630158",165436,MUTTI tomate natural pelado bote 2500 gn,MUTTI,,BOTE,"2,5",KG,2500,1,2500,,,,"7,25","6,16",,"2,90","2,47",,15%,COMPRA MAS PAGA MENOS,"4,44","5,66",70%,64%,64%,64%,64%
"Gilda de boquerón ZUBELZU, tarrina 96 g",18396937,1-FRESCOS,7-PESCADERIA,12-ESPECIALIDADES,30-CONSERVAS DE ANCHOA,45-GILDAS,"Gilda de boquerón ZUBELZU, tarrina 96 g",ZUBELZU,18396937,TARRINA,"0,096",96,1,KG,España,,,"5,25",,"54,69",,,"1,03",,"3,94","41,02",25%," 'distance': 1,4578388929367065",195005,Zubelzu Ibarrako Piparrak gilda con boquerón 236 gne contiene 15 unidades (715 g)',ZUBELZU,,TARRINA,"0,72",KG,715,1,715,,,,"14,4","12,38",,"20,14","17,32",,14%,COMPRA MAS PAGA MENOS,"23,70","37,37",68%,58%,63%,64%,64%
"Tortilla de trigo mini MEXIFOODS, bolsa 250 g",21197256,2-ALIMENTACION,8-SALADO,39-COMIDAS DEL MUNDO,5-COMIDA AMERICA,20-MEXICANA MASAS,"Tortilla de trigo mini MEXIFOODS, bolsa 250 g",MEXIFOODS,21197256,BOLSA,"0,25",250,1,KG,España,,,"2,13",,"8,52",,,"0,61",,"1,70","6,82",20%," 'distance': 1,867169976234436",770575,'Mexifoods tortilla trigo 20cm  20 unidades (contiene 820 g)',MEXIFOODS,,BOLSA/BOLSON,"0,82",KG,820,1,820,,,,"3,11","2,67",,"4,01","3,45",,14%,COMPRA MAS PAGA MENOS,"3,37","5,07",60%,49%,53%,53%,61%
"Agua mineral SOLAN DE CABRAS, botellín 33 cl",5517917,2-ALIMENTACION,11-BEBIDAS,4-AGUAS,3-AGUAS SIN GAS,1-AGUA TO GO,"Agua mineral SOLAN DE CABRAS, botellín 33 cl",SOLAN,5517917,BOTELLÍN,"0,33",330,1,L,España,,,"0,67",,"2,03",,,"10,42",,"0,50","1,52",25%," 'distance': 2,894397258758545",88976,SOLÁN DE CABRAS agua 1L contiene 12 unidades',SOLAN DE CABRAS,,BOTELLA,"1,00",L,1000,12,12000,,,,"17,80",,,"1,48",,,,,"0,04","0,55",27%,3%,27%,27%,49%
"Salsa de mostaza con miel SALSAS ASTURIANAS, frasco 210 g",17467945,2-ALIMENTACION,9-COCINA,3-SALSAS,8-SALSAS Y ALIÑOS ENSALADAS,15-SALSAS MOSTAZA Y MIEL,"Salsa de mostaza con miel SALSAS ASTURIANAS, frasco 210 g",SALSAS ASTURIANAS,17467945,FRASCO,"0,21",210,1,KG,,,,"2,85",,"13,57",,,"1,31",,"2,42","11,54",15%," 'distance': 0,437703788280487",109677,Salsas Asturianas salsa de mostaza y miel pet 1kg,SALSAS ASTURIANAS,,BOTE,1,L,1000,1,1000,,,,"6,22","5,29",,"5,65","4,80",,15%,COMPRA MAS PAGA MENOS,"6,73","8,77",65%,58%,58%,58%,63%
"Lenteja cocida EROSKI BIO, frasco 400 g",23429525,2-ALIMENTACION,9-COCINA,9-LEGUMBRES,13-LENTEJA COCIDA,1-LENTEJA COCIDA  FRASCO NORMAL,"Lenteja cocida EROSKI BIO, frasco 400 g",Eroski Bio/ECO + E.Natur BIO,23429525,FRASCO,"0,4",400,1,KG,,,,"1,99",,"4,98",,,"1,15",,"1,69","4,23",15%," 'distance': 0,5361848473548889",210437,METRO Chef lenteja cocida al natural frasco 400gne (540 g),METRO CHEF,,TARRO,"0,54",KG,540,1,540,,,,"1,05","0,95",,"1,76","1,58",,10%,COMPRA MAS PAGA MENOS,"2,64","3,39",68%,63%,65%,65%,65%
"Sal de manantial SAL DE AÑANA, paquete 250 g",15710809,2-ALIMENTACION,9-COCINA,5-SAL,21-SALES GOURMET,5-ESCAMAS Y FLOR DE SAL NATURAL,"Sal de manantial SAL DE AÑANA, paquete 250 g",SAL DE AÑANA,15710809,PAQUETE,"0,25",250,1,KG,,,,"2,6",,"10,40",,,"1,15",,,,," 'distance': 0,385696887969971",193103,"Sal De Añana sal de manantial 3,5kg",SAL DE AñANA,,CUBO,"3,5",KG,3500,1,3500,,,,"15,79",,,"4,51",,,,,"5,89","5,89",57%,57%,57%,56%,63%
"Nata para cocinar KAIKU, brik 200 ml",155424,2-ALIMENTACION,5-LACTEOS,12-NATAS-CREMAS,1-NATA COCINA,7-NATA COCINAR 200 Y MULTIPACK,"Nata para cocinar KAIKU, brik 200 ml",KAIKU,155424,BRIK,"0,2",200,1,L,España,,,"1,99",,"9,95",,,"2,38",,"1,49","7,46",25%," 'distance': 2,6061060428619385",90549,'Kaiku nata cocinar 18% materia grasa  brik 1 L',KAIKU,,BRIK,"1,00",L,1000,1,1000,,,,"3,84",,,"3,40",,,,,"4,06","6,55",66%,54%,66%,67%,67%
"Garbanzo JA'E, lata 250 g",336305,2-ALIMENTACION,9-COCINA,9-LEGUMBRES,10-GARBANZO COCIDO,3-GARBANZO COCIDO FRASCO PEQUEÑO,"Garbanzo JA'E, lata 250 g",JA'E,336305,LATA,"0,25",250,1,KG,España,,,"1,69",,"6,76",,,"0,8",,"1,44","5,75",15%," 'distance': 1,9312500953674316",432276,"""JA'E garbanzo cocido lata 1600gne (2500 g)""",JAE,,LATA,"2,50",KG,2500,1,2500,,,,"5,56","4,73",,"2,22","1,89",,15%,COMPRA MAS PAGA MENOS,"3,86","4,87",72%,67%,67%,67%,67%
"Queso Ricotta GALBANI, tarrina 250 g",10956704,2-ALIMENTACION,5-LACTEOS,10-QUESOS,1-QUESO FRESCOS,9-REQUESON Y OTROS,"Queso Ricotta GALBANI, tarrina 250 g",GALBANI,10956704,TARRINA,"0,25",250,1,KG,,,,"3,15",,"12,60",,,"0,65",,"2,36","9,45",25%," 'distance': 0,356623888015747",173570,"Galbani Professionale queso ricotta tarrina 1,5 Kg",GALBANI PROFESSIONALE,,TARRINA,"1,5",KG,1500,1,1500,,,,"7,69","6,61",,"4,93","4,24",,14%,COMPRA MAS PAGA MENOS,"5,21","8,36",66%,55%,61%,65%,67%
"Gilda de anchoa ZUBELZU, tarrina 90 g",18396721,1-FRESCOS,7-PESCADERIA,12-ESPECIALIDADES,30-CONSERVAS DE ANCHOA,45-GILDAS,"Gilda de anchoa ZUBELZU, tarrina 90 g",ZUBELZU,18396721,TARRINA,"0,09",90,1,KG,España,,,"5,25",,"58,33",,,"1,96",,"3,94","43,75",25%," 'distance': 2,659210443496704",124350,'Zubelzu gilda con anchoa 15 piezas cubo 236 gne (766 g)',ZUBELZU,,TARRINA,"0,77",KG,766,1,766,,,,"14,4","12,38",,"18,80","16,17",,14%,COMPRA MAS PAGA MENOS,"27,58","42,17",72%,63%,68%,69%,68%
"Calabaza cacahuete partida, pieza aprox, 800 g",24287906,1-FRESCOS,1-FRUTA Y HORTALIZA,2-HORTALIZA,64-BERENJENAS Y CALABACINES,5-CALABAZAS,"Calabaza cacahuete partida, pieza aprox, 800 g",EROSKI,24287906,PIEZA,"0,8",800,1,KG,,,,"3,13",,"3,91",,,"2,81",,"2,66","3,33",15%," 'distance': 3,3051695823669434",382070,'METRO Chef Calabaza cacahuete pieza',METRO CHEF,,KILO,"1,30",KG,1300,1,1300,,,,"2,28",,,"1,75",,,,,"1,58","2,16",55%,47%,55%,69%,69%
Cookies con pepitas choco sin gluten EROSKI paquete 150 g,20385886,2-ALIMENTACION,10-DULCE,2-PRODUCTOS SALUD,84-PRODUCTOS SIN GLUTEN,6-GALLETAS,Cookies con pepitas choco sin gluten EROSKI paquete 150 g,EROSKI,20385886,PAQUETE,"0,15",150,1,KG,,,,"2,95",,"19,67",,,"0,69",,,,," 'distance': 6,918720245361328",173009,'METRO Chef choco chips sin gluten 750g',METRO CHEF,,BOLSA/BOLSON,"0,75",KG,750,1,750,,,,"4,28",,,"5,71",,,,,"13,96","13,96",71%,71%,71%,71%,70%
"Alubia roja JA'E, lata 250 g",336289,2-ALIMENTACION,9-COCINA,9-LEGUMBRES,9-ALUBIA COCIDA,14-ALUBIA¿COLOR COCIDA¿FRASCO¿NORMAL,"Alubia roja JA'E, lata 250 g",JA'E,336289,LATA,"0,25",250,1,KG,España,,,"1,55",,"6,20",,,0,,"1,32","5,27",15%," 'distance': 1,6758512258529663",431964,"""JA'E alubia cocida roja lata 1600gne (2500 g)""",JAE,,LATA,"2,50",KG,2500,1,2500,,,,"5,27",,,"2,11",,,,,"3,16","4,09",66%,60%,66%,66%,69%
Pera en dados en almibar EROSKI pack 2x115 g,18005538,2-ALIMENTACION,8-SALADO,17-ALMIBARES,5-OTROS ALMIBARES,7-PERA,Pera en dados en almibar EROSKI pack 2x115 g,EROSKI,18005538,PACK,"0,115",230,2,KG,,,,"2,49",,"10,83",,,"0,19",,,,," 'distance': 0,824465394020081",214871,METRO Chef pera en mitades en almibar lata 460 gne (840 g),METRO CHEF,,RETRACTIL,"0,84",KG,840,1,840,,,,"2,70",,,"3,21",,,,,"7,61","7,61",70%,70%,70%,70%,70%
"Refresco de cola COCA COLA, pack 4x2 litros",87510,2-ALIMENTACION,11-BEBIDAS,10-BEBIDAS REFRESCANTES,1-C/G COLA,22-C/G COLA REG C/CAF PEQUE,"Refresco de cola COCA COLA, pack 4x2 litros",COCA COLA,87510,PACK,2,8000,4,L,,,,"7,68",,"0,96",,,"1,26",,"6,14","0,77",20%," 'distance': 5,250189781188965",70542,'Coca-Cola regular pet 2L contiene 6 unidades',COCA-COLA,,BOTE,"2,00",L,2000,6,12000,,,,"9,38",,,"0,78",,,,,"-0,01","0,18",19%,-2%,19%,24%,55%
"Lenteja cocida JA'E, lata 250 g",18788166,2-ALIMENTACION,9-COCINA,9-LEGUMBRES,13-LENTEJA COCIDA,3-LENTEJA COCIDA  FRASCO PEQUEÑO,"Lenteja cocida JA'E, lata 250 g",JA'E,18788166,LATA,"0,25",250,1,KG,España,,,"1,55",,"6,20",,,"0,38",,"1,32","5,27",15%," 'distance': 2,376479148864746",432289,"""JA'E lenteja cocida lata 1600gne (2500 g)""",JAE,,LATA,"2,50",KG,2500,1,2500,,,,"4,83",,,"1,93",,,,,"3,34","4,27",69%,63%,69%,69%,71%
"Agua mineral AQUABONA, botellín 50 cl",6784581,2-ALIMENTACION,11-BEBIDAS,4-AGUAS,3-AGUAS SIN GAS,1-AGUA TO GO,"Agua mineral AQUABONA, botellín 50 cl",AQUABONA,6784581,BOTELLÍN,"0,5",500,1,L,,,,"0,63",,"1,26",,,"24,34",,"0,47","0,95",25%," 'distance': 2,90573787689209",37676,aquaBona agua 50cl contiene 24 unidades,AQUABONA,,BOTE,"0,50",L,500,24,12000,,,,"14,36",,,"1,20",,,,,"-0,25","0,06",5%,-27%,5%,5%,49%
Albahaca EROSKI frasco 14 g,2750222,2-ALIMENTACION,9-COCINA,35-ESPECIAS,10-HIERBAS,12-ALBAHACA,Albahaca EROSKI frasco 14 g,EROSKI,2750222,FRASCO,"0,014",14,1,KG,,,,"0,88",,"62,86",,,,,,,," 'distance': 0,9849514961242676",214346,METRO Chef albahaca hoja 200 g,METRO CHEF,,TARRO,"0,2",KG,200,1,200,,,,"2,41",,,"17,00",,,,,"45,86","45,86",73%,73%,73%,73%,73%
"Puré de patata original MAGGI, vaso 50 g",15443195,2-ALIMENTACION,9-COCINA,15-SOPAS PURES Y CALDOS,1-PURE PATATAS,1-PURE¿PATATA¿NORMAL,"Puré de patata original MAGGI, vaso 50 g",MAGGI,15443195,VASO,"0,05",50,1,KG,Alemania,,,"1,46","0,95","29,20","18,98",,"0,84",2nd unit-70%,,,," 'distance': 3,510242462158203",117709,Maggi Consumer puré de patata 460 g',MAGGI,,ESTUCHE,"0,46",KG,460,1,460,,,,"3,84",,,"8,35",,,,,"10,63","10,63",56%,56%,71%,71%,73%
Remolacha en rodajas EROSKI frasco 190 g,1743483,2-ALIMENTACION,8-SALADO,13-CONSERVAS VEGETALES,40-INGREDIENTES ENSALADA,5-REMOLACHA,Remolacha en rodajas EROSKI frasco 190 g,EROSKI,1743483,FRASCO,"0,19",190,1,KG,,,,"1,06",,"5,58",,,"1,26",,,,," 'distance': 0,248146802186966",87483,makro Chef remolacha rodajas lata 1550gne (2500 g),MAKRO CHEF,,LATA,"2,5",KG,2500,1,2500,,,,"4,17","3,75",,"1,67","1,50",,10%,COMPRA MAS PAGA MENOS,"4,08","4,08",73%,73%,70%,70%,72%
"Cóctel mediterraneo SARASA, lata 180 g",19100650,2-ALIMENTACION,8-SALADO,1-ACEITUNAS Y ENCURTIDOS,9-ENCURTIDOS,13-COCKTAILS,"Cóctel mediterraneo SARASA, lata 180 g",SARASA,19100650,LATA,"0,18",180,1,KG,,,,"2,25",,"12,50",,,"3,84",,"1,69","9,38",25%," 'distance': 1,5837312936782837",157793,SARASA cóctel Mediterráneo lata 2500 gne (4200 g)',SARASA,,LATA,"4,20",KG,4200,1,4200,,,,"14,80",,,"3,52",,,,,"5,85","8,98",72%,62%,72%,72%,75%
Piña troceada en su jugo EROSKI pack 3x140 g,25026998,2-ALIMENTACION,1-FRUTA Y HORTALIZA,1-FRUTA,33-CITRICOS,5-NARANJAS ZUMO,Piña troceada en su jugo EROSKI pack 3x140 g,EROSKI,25026998,PACK,"0,42",420,1,KG,,,,"2,35",,"5,60",,,,,,,," 'distance': 1,01806735992432",130593,METRO Chef piña en almibar en su jugo lata 1795 gne (3050 g),METRO CHEF,,LATA,"3,05",KG,3050,1,3050,,,,"8,57",,,"2,55",,,,,"3,05","3,05",54%,54%,54%,77%,77%
"Mayonesa PRIMA, pack 12x10 ml",25458803,2-ALIMENTACION,9-COCINA,3-SALSAS,"3-MAYONESAS, S.FINAS Y S.LIGERAS",8-MAYONESAS SOBRES,"Mayonesa PRIMA, pack 12x10 ml",PRIMA,25458803,PACK,"0,12",120,1,L,,,,"2,15","1,40","17,92","11,65",,"1,84",2nd unit-70%,"1,19","9,90",15%," 'distance': 0,18428085744381",216807,PRIMA mayonesa caja contiene 230+100 bolsitas (3300 g),PRIMA,,CAJA/CAJON,"3,3",L,3300,1,3300,,,,"16,12","13,70",,"4,62","3,93",,15%,COMPRA MAS PAGA MENOS,"5,97","7,72",66%,60%,74%,74%,77%
"Vermouth Rosso MARTINI, pack 4x6 cl",22384697,2-ALIMENTACION,11-BEBIDAS,18-BEBIDAS DE ALTA GRADUACION,25-VERMOUTH,3-VERMOUTH BLANCO,"Vermouth Rosso MARTINI, pack 4x6 cl",MARTINI,22384697,PACK,"0,24",240,1,L,,,,"3,45",,"14,38",,,"0,5",,"2,93","12,22",15%," 'distance': 0,960714221000671",181045,MARTINI ROSSO vermut rojo 6cl contiene 4 unidades,MARTINI,,CAJA/CAJON,"0,06",L,60,4,240,,,,"3,5",,,"14,58",,,,,"-2,36","-0,21",-1%,-19%,-1%,10%,64%
"Cubo de basura con pedal DECOBIN 2 en 1, CURVER, 25 litros",13286943,4-BAZAR,20-MENAJE,5-ACCESORIOS CASA,1-LIMPIEZA,15-CUBOS BASURA,"Cubo de basura con pedal DECOBIN 2 en 1, CURVER, 25 litros",CURVER,13286943,UNIDAD,25,25000,1,UDS,,,,"21,90",,"21,90",,,"0,26",,,,," 'distance': 3,172757148742676",156249,'curver cubo con pedal essencials 40 L',CURVER,,UNIDAD,"1,00",UDS,1000,40,40000,,,,"23,66",,,"23,66",,,,,"-1,76","-1,76",-8%,-8%,-8%,-8%,57%
"Fiambre maxi pavo EROSKI BASIC, pieza 800 g",24931842,1-FRESCOS,4-CHARCUTERIA,20-COCIDOS PORCION,25-COCIDOS MINI,10-MINI AVE,"Fiambre maxi pavo EROSKI BASIC, pieza 800 g",EROSKI,24931842,PIEZA,"0,8",800,1,KG,,,,"3,59",,"4,49",,,6,,"3,41","4,26",5%," 'distance': 2,201139450073242",149004,makro Chef fiambre magro pavo cocido pieza 4kg,MAKRO CHEF,,PIEZA,"4,00",KG,4000,1,4000,,,,"28,59",,,"7,15",,,,,"-2,88","-2,66",-59%,-68%,-59%,MATCH NUEVO JUNIO,MATCH NUEVO JUNIO
"Agua de coco virgen con su carne GENUINE COCONUT, 1 ud, 750 g",25232745,1-FRESCOS,1-FRUTA Y HORTALIZA,8-IV GAMA,55-PREPARADOS DE FRUTA,15-ZUMOS FRESCOS,"Agua de coco virgen con su carne GENUINE COCONUT, 1 ud, 750 g",GENUINE COCONUT,25232745,UNIDAD,"0,75",750,1,KG,,,,"2,64",,"3,52",,,6,,,,," 'distance': 0,651827454566956",54144,Genuine coconut contiene 1 ud,Genuine Coconut,,UNIDAD,"0,50",KG,500,1,500,,,,"2,86",,,"5,72",,,,,"-2,20","-2,20",-63%,-63%,-63%,MATCH NUEVO JUNIO,MATCH NUEVO JUNIO
"Salsa de yogur EROSKI, bote 300 g",11980521,2-ALIMENTACION,9-COCINA,3-SALSAS,8-SALSAS Y ALIÑOS ENSALADAS,10-SALSAS YOGURT,"Salsa de yogur EROSKI, bote 300 g",EROSKI,11980521,BOTE,"0,3",300,1,KG,,,,"1,20",,"4,00",,,6,,"1,02","3,40",15%," 'distance': 0,956851840019226",87687,"METRO Chef salsa de yogur bidón 1,85l",METRO CHEF,,BIDON,"1,85",L,1850,1,1850,,,,"10,22",,,"5,52",,,,,"-2,12","-1,52",-38%,-62%,-38%,MATCH NUEVO JUNIO,MATCH NUEVO JUNIO
"Pitaya, al peso, compra mínima 500 g",17115304,1-FRESCOS,1-FRUTA Y HORTALIZA,1-FRUTA,,,"Pitaya, al peso, compra mínima 500 g",EROSKI,17115304,GRANEL,"0,5",500,1,KG,,,,"6,50",,"13,00",,,3,,"5,85","11,70",10%," 'distance': 0,52275550365448",214924,Pitahaya roja bandeja 500 g,MAKRO,,GRANEL,"0,50",,500,1,500,,,,"9,10",,,"18,20",,,,,"-6,50","-5,20",-40%,-56%,-40%,MATCH NUEVO JUNIO,MATCH NUEVO JUNIO
"Croissant relleno de chocolate EROSKI, paquete 315 g",3830189,2-ALIMENTACION,10-DULCE,24-BOLLERIA INDUSTRIAL,1-DESAYUNO,33-CROISSANTS,"Croissant relleno de chocolate EROSKI, paquete 315 g",EROSKI,3830189,PAQUETE,"0,315",315,1,KG,,,,"1,60",,"5,08",,,18,,,,," 'distance': 2,3207218647003174",829426,RIOBA Croissant con chocolate 680g contiene 17 unidades,RIOBA,,BOLSA,"0,68",KG,680,1,680,,,,"5,34",,,"7,85",,,,,"-2,77","-2,77",-55%,-55%,-55%,MATCH NUEVO JUNIO,MATCH NUEVO JUNIO
"Salmorejo EROSKI, brik 1 litro",15783947,1-FRESCOS,14-SOLUCIONES CULINARIAS,25-LISTO PARA COMER,11-GAZPACHOS-SOPAS Y CREMAS.,1-GAZPACHOS,"Salmorejo EROSKI, brik 1 litro",EROSKI,15783947,BRIK,1,1000,1,L,,,,"2,25",,"2,25",,,6,,,,," 'distance': 2,822840690612793",208023,METRO Chef salmorejo pet 1L,METRO CHEF,,BOTELLA,1,L,1000,1,1000,,,,"3,58","3,26",,"3,58","3,26",,9%,COMPRA MAS PAGA MENOS,"-1,01","-1,01",-45%,-45%,-59%,MATCH NUEVO JUNIO,MATCH NUEVO JUNIO
"Pan rallado EROSKI BASIC, paquete 750 g",11798063,2-ALIMENTACION,9-COCINA,17-HARINAS Y PAN RALLADO,3-PAN RALLADO,1-PAN RALLADO NORMAL,"Pan rallado EROSKI BASIC, paquete 750 g",EROSKI BASIC,11798063,PAQUETE,"0,75",750,1,KG,,,,"0,85",,"1,13",,,10,,"0,68","0,91",20%," 'distance': 1,3918808698654175",102338,METRO Chef pan rallado natural bolsa 750g,METRO CHEF,,PAQUETE,"0,75",KG,750,1,750,,,,"0,94",,,"1,25",,,,,"-0,35","-0,12",-11%,-38%,-11%,MATCH NUEVO JUNIO,MATCH NUEVO JUNIO
"Pimiento de piquillo en tiras SERVIHOSTEL, lata 3 kg",16452948,2-ALIMENTACION,8-SALADO,11-PIMIENTOS,7-PIMIENTO PIQUILLO,9-PIMIENTO PIQUILLO LATA,"Pimiento de piquillo en tiras SERVIHOSTEL, lata 3 kg",SERVIHOSTEL,16452948,LATA,3,3000,1,KG,,,,"9,85",,"3,28",,,,,,,," 'distance': 1,3464279174804688",196402,METRO Chef pimientos piquillo en tiras categoría extra lata 1900 gne (2500 g),METRO CHEF,,LATA,"2,5",KG,2500,1,2500,,,,"11,17",,,"4,47",,,,,"-1,19","-1,19",-36%,-36%,-36%,MATCH NUEVO JUNIO,MATCH NUEVO JUNIO
"Leche condensada EROSKI, lata 1 kg",24919367,2-ALIMENTACION,8-SALADO,21-LECHES ESPECIALES,3-LECHE¿CONDENSADA¿,1-LECHE CONDENSADA GRANDE,"Leche condensada EROSKI, lata 1 kg",EROSKI,24919367,LATA,1,1000,1,KG,,,,"3,65",,"3,65",,,8,,,,," 'distance': 0,6763405799865723",211020,METRO Chef leche condensada entera 900g,METRO CHEF,,BOTE,"0,9",KG,900,1,900,,,,"4,72","4,25",,"5,24","4,72",,10%,COMPRA MAS PAGA MENOS,"-1,07","-1,07",-29%,-29%,-44%,MATCH NUEVO JUNIO,MATCH NUEVO JUNIO
"Rabo de vacuno, bandeja aprox. 700 g",6144455,1-FRESCOS,2-CARNICERIA,61-VACUNO ENVASADO,1-VACUNO TERNERA ENVASADO,3-TERNERA GUISAR ENVASADO,"Rabo de vacuno, bandeja aprox. 700 g",EROSKI,6144455,BANDEJA,"0,7",700,1,KG,,,,"11,17",,"15,96",,,1,,"8,38","11,97",25%," 'distance': 0,281953513622284",127601,Rabo vaca cortado precio Kg,MAKRO,,GRANEL,"3,1",KG,3100,1,3100,,,,"47,709",,,"15,39",,,,,"-3,42","0,57",4%,-29%,4%,MATCH NUEVO JUNIO,MATCH NUEVO JUNIO
"Magdalena casera EROSKI, bolsa 600 g",759738,2-ALIMENTACION,10-DULCE,24-BOLLERIA INDUSTRIAL,1-DESAYUNO,30-MAGDALENAS,"Magdalena casera EROSKI, bolsa 600 g",EROSKI,759738,BOLSA,"0,6",600,1,KG,,,,"3,20",,"5,33",,,10,,,,," 'distance': 0,442318767309189",212048,RIOBA magdalenas caseras 700 g contiene 9 unidades,RIOBA,,CAJA/CAJON,"0,7",KG,700,1,700,,,,"4,68",,,"6,69",,,,,"-1,36","-1,36",-25%,-25%,-25%,MATCH NUEVO JUNIO,MATCH NUEVO JUNIO
"Arándano rojo deshidratado, al peso, compra mínima 250 g",19142124,1-FRESCOS,1-FRUTA Y HORTALIZA,25-GRANELES,15-FRUTAS DESH. GRANEL,30-ARANDANOS DESHIDRATADOS,"Arándano rojo deshidratado, al peso, compra mínima 250 g",EROSKI,19142124,GRANEL,"0,25",250,1,KG,,,,"2,50",,"10,00",,,6,,,,," 'distance': 1,8283820152282715",112025,"makro Chef arandanos extra, deshidratados, en tarrina de 500 g",MAKRO CHEF,,TARRINA,"0,50",KG,500,1,500,,,,"6,26",,,"12,52",,,,,"-2,52","-2,52",-25%,-25%,-25%,MATCH NUEVO JUNIO,MATCH NUEVO JUNIO
"Bonito del norte en aceite de oliva ARROYABE, lata 900 g",16012437,2-ALIMENTACION,8-SALADO,23-CONSERVAS DE PESCADO,7-BONITO,9-BONITO ACEITE,"Bonito del norte en aceite de oliva ARROYABE, lata 900 g",ARROYABE,16012437,LATA,"0,9",900,1,KG,,,,"18,59",,"20,66",,,12,,"16,73","18,59",10%," 'distance': 0,0664859414100647",93118,Arroyabe bonito del norte aceite oliva 1400 gne (1800 g),ARROYABE,,LATA,"1,80",KG,1800,1,1800,,,,"41,57",,,"23,09",,,,,"-4,50","-2,43",-12%,-24%,-12%,MATCH NUEVO JUNIO,MATCH NUEVO JUNIO
"Melón Cantaloup, pieza al peso aprox. 1 kg",14510150,1-FRESCOS,1-FRUTA Y HORTALIZA,1-FRUTA,,,"Melón Cantaloup, pieza al peso aprox. 1 kg",EROSKI,14510150,GRANEL,1,1000,1,KG,,,,"2,59",,"2,59",,,,,,,," 'distance': 2,4443857669830322",62419,Melón cantaloup calibre 5 categoría I pieza 1 kg,MAKRO,,PIEZA,1,KG,1000,1,1000,,1,5,"3,17",,,"3,17",,,,,"-0,58","-0,58",-22%,-22%,-22%,MATCH NUEVO JUNIO,MATCH NUEVO JUNIO
"Ketchup EROSKI, bote 560 g",26505891,2-ALIMENTACION,9-COCINA,3-SALSAS,5-KETCHUP,3-KETCHUP MAS 400 G,"Ketchup EROSKI, bote 560 g",EROSKI,26505891,BOTE,"0,56",560,1,KG,,,,"1,07",,"1,91",,,12,,"0,91","1,62",15%," 'distance': 2,381664752960205",182490,RIOBA ketchup biberón 840g,RIOBA,,BOTELLA,"0,84",KG,840,1,840,,,,"1,82","1,66",,"2,17","1,97",,9%,COMPRA MAS PAGA MENOS,"-0,35","-0,06",-3%,-21%,-13%,MATCH NUEVO JUNIO,MATCH NUEVO JUNIO
"Limón, malla 1 kg",10935534,1-FRESCOS,1-FRUTA Y HORTALIZA,1-FRUTA,33-CITRICOS,25-LIMONES,"Limón, malla 1 kg",EROSKI,10935534,MALLA,1,1000,1,KG,,,,"2,30",,"2,30",,,12,,"1,73","1,73",25%," 'distance': 1,8768715858459473",220770,"METRO Chef limón calibre 4-5 bolsa 1,5 kg",METRO CHEF,,BOLSA,"1,5",KG,1500,1,1500,,,4,"3,32","3,02",,"2,21","2,01",,9%,COMPRA MAS PAGA MENOS,"-0,29","0,29",12%,-17%,4%,MATCH NUEVO JUNIO,MATCH NUEVO JUNIO
"Atún claro en aceite de girasol EROSKI, pack 6x70 g",25807108,2-ALIMENTACION,8-SALADO,#ERROR!,1-ATUN CLARO,20-ATUN CLARO EN ACEITE GIRASOL,"Atún claro en aceite de girasol EROSKI, pack 6x70 g",EROSKI,25807108,PACK,"0,42",420,1,KG,,,,"4,30",,"10,24",,,,,,,," 'distance': 1,331534743309021",371384,METRO Chef atún claro en aceite girasol lata 1170 gne (1800 g),METRO CHEF,,LATA,"1,8",KG,1800,1,1800,,,,"21,51",,,"11,95",,,,,"-1,71","-1,71",-17%,-17%,-17%,MATCH NUEVO JUNIO,MATCH NUEVO JUNIO
"Harina de fuerza EROSKI, paquete 1 kg",20153292,2-ALIMENTACION,9-COCINA,17-HARINAS Y PAN RALLADO,1-HARINAS,8-HARINA DE FUERZA,"Harina de fuerza EROSKI, paquete 1 kg",EROSKI,20153292,PAQUETE,1,1000,1,KG,,,,"0,95",,"0,95",,,10,,"0,76","0,76",20%," 'distance': 1,331534743309021",648999,makro Chef harina fuerza bolsa 5kg,MAKRO CHEF,,BOLSA,5,KG,5000,1,5000,,,,"4,42",,,"0,88",,,,,"-0,12","0,07",7%,-16%,7%,MATCH NUEVO JUNIO,MATCH NUEVO JUNIO
"Mantequilla ASTURIANA, rulo 500 g",656348,2-ALIMENTACION,5-LACTEOS,14-MANTEQUILLAS Y MARGARINAS,1-MANTEQUILLA,8-MANTEQUILLA RULO Y REPOSTERIA,"Mantequilla ASTURIANA, rulo 500 g",EROSKI,656348,RULO,"0,5",500,1,KG,,,,"6,45",,"12,90",,,12,,"5,48","10,97",15%," 'distance': 0,31264978647232056",283751,Asturiana mantequilla rulo 500 g,ASTURIANA,,RULO,"0,50",KG,500,1,500,,,,"6,37",,,"12,74",,,,,"-1,78","0,16",1%,-16%,1%,MATCH NUEVO JUNIO,MATCH NUEVO JUNIO
"Bonito ARROYABE, frasco 400 g",345918,2-ALIMENTACION,8-SALADO,#ERROR!,7-BONITO,9-BONITO ACEITE,"Bonito ARROYABE, frasco 400 g",ARROYABE,345918,FRASCO,"0,4",400,1,KG,,,,"9,99",,"24,98",,,,,,,," 'distance': 3,154599666595459",93127,Arroyabe bonito del norte en aceite oliva frasco 150 gne (227 g),ARROYABE,,FRASCO,"0,227",KG,227,1,227,,,,"6,55",,,"28,85",,,,,"-3,87","-3,87",-16%,-16%,-16%,MATCH NUEVO JUNIO,MATCH NUEVO JUNIO
"Salsa César EROSKI, bote 300 g",14880421,2-ALIMENTACION,9-COCINA,3-SALSAS,8-SALSAS Y ALIÑOS ENSALADAS,5-SALSAS CESAR,"Salsa César EROSKI, bote 300 g",EROSKI,14880421,BOTE,"0,3",300,1,KG,,,,"1,40",,"4,67",,,6,,"1,19","3,97",15%," 'distance': 2,457818031311035",116442,"makro Chef salsa césar 1,1kg",MAKRO CHEF,,BOTE,"1,1",KG,1100,1,1100,,,,"5,01",,,"4,55",,,,,"-0,59","0,12",2%,-15%,2%,MATCH NUEVO JUNIO,MATCH NUEVO JUNIO
"Salsa de ají nativo GOYA, frasco 200 ml",11750965,2-ALIMENTACION,8-SALADO,39-COMIDAS DEL MUNDO,5-COMIDA AMERICA,30-LATINA Y CRIOLLA,"Salsa de ají nativo GOYA, frasco 200 ml",GOYA,11750965,FRASCO,"0,2",200,1,L,,,,"2,49",,"12,45",,,24,,"1,99","9,96",20%," 'distance': 2,5217788219451904",185407,Goya nativo pasta aji amarillo 213g,GOYA,,TARRO,"0,21",KG,213,1,213,,,,"2,41",,,"11,31",,,,,"-1,35","1,14",9%,-14%,9%,MATCH NUEVO JUNIO,MATCH NUEVO JUNIO
"Queso rallado Grana Padano EROSKI SELEQTIA, bolsa 100 g",16036287,2-ALIMENTACION,5-LACTEOS,10-QUESOS,8-QUESO RALLADO,4-QUESO RALLADO POLVO,"Queso rallado Grana Padano EROSKI SELEQTIA, bolsa 100 g",EROSKI SELEQTIA,16036287,UNIDAD,"0,1",100,1,KG,,,,"1,80",,"18,00",,,20,,"1,35","13,50",25%," 'distance': 4,974506855010986",163200,makro Chef queso grana padano Italia rallado bolsa 1 Kg,MAKRO CHEF,,BOLSA,"1,00",KG,1000,1,1000,,,,"17,67","15,20",,"17,67","15,20",,14%,COMPRA MAS PAGA MENOS,"-1,70","2,80",16%,-13%,2%,MATCH NUEVO JUNIO,MATCH NUEVO JUNIO
"Bloc de pato MARTIKO, pack 2x40 g",269035,1-FRESCOS,4-CHARCUTERIA,#ERROR!,2-PATES DE PATO/OCA PORCION,10-PATES PATO/OCA PORCI CELEB BLO,"Bloc de pato MARTIKO, pack 2x40 g",MARTIKO,269035,PACK,"0,08",80,1,KG,,,,"6,07",,"75,88",,,,,,,," 'distance': 0,881726861000061",76239,Martiko bloc de pato 50 g contiene 5 unidades (total 250 g),MARTIKO,,PACK,"0,05",KG,50,5,250,,,,"21,29",,,"85,16",,,,,"-9,28","-9,28",-12%,-12%,-12%,MATCH NUEVO JUNIO,MATCH NUEVO JUNIO
"Pasta Spaghettini Nº 12 DE CECCO, paquete 500 g",12462420,2-ALIMENTACION,9-COCINA,13-PASTAS,4-GAMA GOURMET,2-PASTA LARGA GOURMET,"Pasta Spaghettini Nº 12 DE CECCO, paquete 500 g",DE CECCO,12462420,PAQUETE,"0,5",500,1,KG,,,,"2,45",,"4,90",,,12,,"2,08","4,17",15%," 'distance': 1,5402992963790894",216920,DE CECCO spaghetti nº12 paquete 1 kg,DE CECCO,,PAQUETE,"1,00",KG,1000,1,1000,,,,"4,61",,,"4,61",,,,,"-0,45","0,29",6%,-11%,6%,MATCH NUEVO JUNIO,MATCH NUEVO JUNIO
"Pincho de pechuga de pollo adobado rojo, unidad",19674225,1-FRESCOS,2-CARNICERIA,75-VITRINA,36-ELABORADOS BARBACOA VITRINA,5-BARBACOA VITRINA,"Pincho de pechuga de pollo adobado rojo, unidad",EROSKI,19674225,UNIDAD,"0,1",100,1,KG,,,,"0,95",,"9,50",,,1,,,,," 'distance': 0,6978671550750732",98692,Pincho moruno pollo bandeja precio Kg,MAKRO,,GRANEL,"1,5",KG,1500,1,1500,,,,"15,765",,,"10,51",,,,,"-1,01","-1,01",-11%,-11%,-11%,MATCH NUEVO JUNIO,MATCH NUEVO JUNIO
"Langostino cocido calibre 40/50 EROSKI, bandeja 450 g",16478836,1-FRESCOS,7-PESCADERIA,13-PESCADO FRESCO ENVASADO,30-MARISCO PFE,5-LANGOSTINO COCIDO GRANDE PFE,"Langostino cocido calibre 40/50 EROSKI, bandeja 450 g",EROSKI,16478836,BANDEJA,"0,45",450,1,KG,,,,"5,35",,"11,89",,,1,,"4,01","8,92",25%," 'distance': 0,542556166648865",211307,"Langostino Vanna de Cría, cocido 40-60 piezas/ kilo",MAKRO,,GRANEL,"1,00",KG,1000,1,1000,,,,"9,85",,,"9,85",,,,,"-0,93","2,04",17%,-10%,17%,MATCH NUEVO JUNIO,MATCH NUEVO JUNIO
"Salsa calçots FERRER, frasco 320 g",3355344,2-ALIMENTACION,9-COCINA,#ERROR!,9-SALSAS ESPECIALES,41-SALSAS REGIONALES,"Salsa calçots FERRER, frasco 320 g",FERRER,3355344,FRASCO,"0,32",320,1,KG,,,,"2,79",,"8,72",,,,,"2,37","7,41",15%," 'distance': 0,925891578197479",221703,FERRER salsa calçots frasco de 645 gramos,FERRER,,FRASCO,"0,645",KG,645,1,645,,,,"5,16",,,"8,00",,,,,"-0,59","0,72",8%,-8%,8%,MATCH NUEVO JUNIO,MATCH NUEVO JUNIO
"Queso mascarpone EROSKI, tarrina 250 g",21118179,2-ALIMENTACION,5-LACTEOS,10-QUESOS,1-QUESO FRESCOS,10-MASCARPONES Y TARTAS,"Queso mascarpone EROSKI, tarrina 250 g",EROSKI,21118179,TARRINA,"0,25",250,1,KG,,,,"2,55",,"10,20",,,6,,"1,91","7,65",25%," 'distance': 1,3464279174804688",204410,makro Chef queso mascarpone 35% materia grasa cubo 500 g,MAKRO CHEF,,CUBO,"0,50",KG,500,1,500,,,,"4,57","4,11",,"9,14","8,23",,10%,COMPRA MAS PAGA MENOS,"-0,58","1,97",19%,-8%,10%,MATCH NUEVO JUNIO,MATCH NUEVO JUNIO
"Salsa Jalfrezi PATAK`S, frasco 450 g",18413849,2-ALIMENTACION,8-SALADO,#ERROR!,10-COMIDA ASIATICA,10-INDIA Y THAI,"Salsa Jalfrezi PATAK`S, frasco 450 g",PATAK`S,18413849,FRASCO,"0,45",450,1,KG,,,,"4,24",,"9,42",,,,,"3,60","8,01",15%," 'distance': 2,483539581298828",129458,PATAK'S Salsa Jalfrezi bote 450g,PATAK'S,,BOTE,"0,45",KG,450,1,450,,,,"3,84",,,"8,53",,,,,"-0,52","0,89",9%,-7%,9%,MATCH NUEVO JUNIO,MATCH NUEVO JUNIO
"Nata para cocinar 1% m.g. SERVIHOSTEL, botella 1,5 litros",15319445,2-ALIMENTACION,5-LACTEOS,12-NATAS-CREMAS,1-NATA COCINA,9-NATA COCINAR MÁS DE  200 ML,"Nata para cocinar 1% m.g. SERVIHOSTEL, botella 1,5 litros",SERVIHOSTEL,15319445,BOTELLA,"1,5",1500,1,KG,,,,"4,24",,"2,83",,,,,,,," 'distance': 0,752173125743866",78337,"METRO Chef nata ligera para cocinar 15% materia grasa botella 1,5 L",METRO CHEF,,BOTELLA,"1,5",L,1500,1,1500,,,,"4,50",,,"3,00",,,,,"-0,17","-0,17",-6%,-6%,-6%,MATCH NUEVO JUNIO,MATCH NUEVO JUNIO
"Espetec TARRADELLAS, pieza 180 g",11143757,1-FRESCOS,4-CHARCUTERIA,8-CARNICOS PIEZA,2-EMBUTIDOS PIEZA,14-FUET,"Espetec TARRADELLAS, pieza 180 g",TARRADELLAS,11143757,PIEZA,"0,18",180,1,KG,,,,"2,49",,"13,83",,,24,,"2,37","13,14",5%," 'distance': 1,3274083137512207",211661,Casa Tarradellas espetec 180 g 2 unidades (Total 360 g),TARRADELLAS,,PIEZA,"0,36",KG,360,1,360,,,,"4,94",,,"13,72",,,,,"-0,58","0,11",1%,-4%,1%,MATCH NUEVO JUNIO,MATCH NUEVO JUNIO
"Cuajada DANONE, pack 2x135 g",215681,2-ALIMENTACION,5-LACTEOS,#ERROR!,5-POSTRES BASICOS,80-CUAJADA,"Cuajada DANONE, pack 2x135 g",DANONE,215681,PACK,"0,27",270,1,KG,,,,"1,50",,"5,56",,,,,,,," 'distance': 0,2970881462097168",521820,DANONe cuajada 135 g contiene 2 unidades,DANONE,,PACK,"0,135",KG,135,2,270,,,,"1,53",,,"5,67",,,,,"-0,11","-0,11",-2%,-2%,-2%,MATCH NUEVO JUNIO,MATCH NUEVO JUNIO
"Pomelo, al peso, compra mínima 1,11 kg / 3 uds",6304,1-FRESCOS,1-FRUTA Y HORTALIZA,1-FRUTA,33-CITRICOS,30-OTROS CITRICOS,"Pomelo, al peso, compra mínima 1,11 kg / 3 uds",EROSKI,6304,MALLA,"1,11",1110,1,KG,,,,"2,94",,"2,65",,,"7,5",,"2,65","2,38",10%," 'distance': 0,554364800453186",664274,"METRO Chef Pomelo rojo calibre 5/6 malla 1,75kg",METRO CHEF,,MALLA,"1,75",KG,1750,1,1750,,,5,"4,25",,,"2,43",,,,,"-0,04","0,22",8%,-2%,8%,MATCH NUEVO JUNIO,MATCH NUEVO JUNIO
"Queso Brie EROSKI, cuña 200 g",6818090,1-FRESCOS,4-CHARCUTERIA,3-QUESOS PORCION,21-QUESOS INTERNACIONALES PORCIÓN,5-PASTA BLANDA PORCIÓN,"Queso Brie EROSKI, cuña 200 g",EROSKI,6818090,CUÑA,"0,2",200,1,KG,,,,"1,72",,"8,60",,,16,,"1,55","7,74",10%," 'distance': 1,813779354095459",104565,METRO Chef queso brie,METRO CHEF,,GRANEL,"3,00",KG,3000,1,3000,,,,"26,04","23,44",,"8,68","7,81",,10%,COMPRA MAS PAGA MENOS,"-0,07","0,79",9%,-1%,-1%,MATCH NUEVO JUNIO,MATCH NUEVO JUNIO
"Pimiento de piquillo extra SERVIHOSTEL, frasco 940 g",16027385,2-ALIMENTACION,8-SALADO,11-PIMIENTOS,7-PIMIENTO PIQUILLO,9-PIMIENTO PIQUILLO LATA,"Pimiento de piquillo extra SERVIHOSTEL, frasco 940 g",SERVIHOSTEL,16027385,FRASCO,"0,94",940,1,KG,,,,"5,16",,"5,49",,,,,,,," 'distance': 2,0555760860443115",196406,METRO Chef pimientos piquillo enteros categoría extra lata 60-80 piezas 1900 gne (2500 g),METRO CHEF,,LATA,"2,5",KG,2500,1,2500,,,,"13,74",,,"5,50",,,,,"-0,01","-0,01",0%,0%,0%,MATCH NUEVO JUNIO,MATCH NUEVO JUNIO
"Lomo de salmón ahumado EROSKI SELEQTIA, bandeja 150 g",15705536,1-FRESCOS,7-PESCADERIA,12-ESPECIALIDADES,25-AHUMADOS,15-SALMON OTROS CORTES,"Lomo de salmón ahumado EROSKI SELEQTIA, bandeja 150 g",EROSKI SELEQTIA,15705536,BANDEJA,"0,15",150,1,KG,,,,"10,75",,"71,67",,,1,,"8,06","53,75",25%," 'distance': 3,4501962661743164",190264,METRO Premium lomo salmón ahumado 350g,METRO PREMIUM,,BANDEJA,"0,35",KG,350,1,350,,,,"21,73","18,69",,"62,09","53,39",,14%,COMPRA MAS PAGA MENOS,"0,36","18,28",26%,1%,13%,MATCH NUEVO JUNIO,MATCH NUEVO JUNIO
"Gazpacho fresco Eroski SELEQTIA, botella 1 litro",21975537,1-FRESCOS,14-SOLUCIONES CULINARIAS,25-LISTO PARA COMER,,,"Gazpacho fresco Eroski SELEQTIA, botella 1 litro",EROSKI SELEQTIA,21975537,BOTELLA,1,1000,1,L,,,,"2,85",,"2,85",,,#N/A,,,,," 'distance': 1,884126901626587",208024,METRO Chef gazpacho pet 1L,METRO CHEF,,BOTELLA,1,L,1000,1,1000,,,,"3,07","2,76",,"3,07","2,76",,10%,COMPRA MAS PAGA MENOS,"0,09","0,09",3%,3%,-8%,MATCH NUEVO JUNIO,MATCH NUEVO JUNIO
"Corazón alcachofa al natural 10/12 frutos EROSKI, lata 240 g",2179323,2-ALIMENTACION,8-SALADO,13-CONSERVAS VEGETALES,17-ALCACHOFAS,1-ALCACHOFA LATA,"Corazón alcachofa al natural 10/12 frutos EROSKI, lata 240 g",EROSKI,2179323,LATA,"0,24",240,1,KG,,,,"1,85",,"7,71",,,6,,,,," 'distance': 0,504034101963043",126915,aro corazones de alcachofa 10/12 240 gne contiene 3 unidades (340 g),ARO,,LATA,"0,34",KG,340,3,1020,,,,"7,47",,,"7,32",,,,,"0,39","0,39",5%,5%,5%,MATCH NUEVO JUNIO,MATCH NUEVO JUNIO
"Salsa Brava EROSKI, bote 330 g",12451464,2-ALIMENTACION,9-COCINA,3-SALSAS,9-SALSAS ESPECIALES,26-SALSAS BRAVA,"Salsa Brava EROSKI, bote 330 g",EROSKI,12451464,BOTE,"0,33",330,1,KG,,,,"1,95",,"5,91",,,12,,"1,66","5,02",15%," 'distance': 2,158860445022583",186876,RIOBA salsa brava biberón 300g,RIOBA,,BOTELLA,"0,3",KG,300,1,300,,,,"1,64","1,43",,"5,47","4,76",,13%,COMPRA MAS PAGA MENOS,"0,27","1,15",20%,5%,8%,MATCH NUEVO JUNIO,MATCH NUEVO JUNIO
"Cecina PALCARSA, sobre 80 g",26793976,1-FRESCOS,4-CHARCUTERIA,"6-CURADOS, EMBUT. E IBERICOS",,,"Cecina PALCARSA, sobre 80 g",PALCARSA,26793976,SOBRE,"0,08",80,1,KG,,,,"3,39",,"42,38",,,#N/A,,,,," 'distance': 2,7917838096618652",21576,Palcarsa cecina loncheada 100 g contiene 2 unidades (Total 200 g),PALCARSA,,SOBRE,"0,2",KG,200,1,200,,,,"8,86","7,97",,"44,30","39,87",,10%,COMPRA MAS PAGA MENOS,"2,51","2,51",6%,6%,-5%,MATCH NUEVO JUNIO,MATCH NUEVO JUNIO
"Salsa romesco FERRER, frasco 130 g",406108,2-ALIMENTACION,9-COCINA,#ERROR!,9-SALSAS ESPECIALES,41-SALSAS REGIONALES,"Salsa romesco FERRER, frasco 130 g",FERRER,406108,FRASCO,"0,13",130,1,KG,,,,"1,95",,"15,00",,,,,"1,66","12,75",15%," 'distance': 0,877259016036987",221698,FERRER salsa romesco frasco de 640 gramos,FERRER,,FRASCO,"0,64",KG,640,1,640,,,,"7,65",,,"11,95",,,,,"0,80","3,05",20%,6%,20%,MATCH NUEVO JUNIO,MATCH NUEVO JUNIO
"Foie gras de pato con trufa MARTIKO, tarrina 80 g",23718042,1-FRESCOS,4-CHARCUTERIA,#ERROR!,2-PATES DE PATO/OCA PORCION,15-PATES PATO/OCA PORCI CELEB ENT,"Foie gras de pato con trufa MARTIKO, tarrina 80 g",MARTIKO,23718042,TARRINA,"0,08",80,1,KG,,,,"12,95",,"161,88",,,,,,,," 'distance': 2,6691734790802",168723,Martiko foie gras pato con trufa 80g,MARTIKO,,PACK,"0,08",KG,80,1,80,,,,"11,98",,,"149,75",,,,,"12,13","12,13",7%,7%,7%,MATCH NUEVO JUNIO,MATCH NUEVO JUNIO
"Pechuga de pavo CAMPOFRÍO, pieza 340 g",225227,1-FRESCOS,4-CHARCUTERIA,#ERROR!,25-COCIDOS MINI,10-MINI AVE,"Pechuga de pavo CAMPOFRÍO, pieza 340 g",CAMPOFRÍO,225227,PIEZA,"0,34",340,1,KG,,,,"4,59",,"13,50",,,,,,,," 'distance': 1,8629074096679688",220722,Campofrío Pavofrío pechuga pavo cocido,CAMPOFRIO,,PIEZA,"5,35",KG,5350,1,5350,,,,"64,6815",,,"12,09",,,,,"1,41","1,41",10%,10%,10%,MATCH NUEVO JUNIO,MATCH NUEVO JUNIO
"Nata para montar 35,1% m.g. SERVIHOSTEL, botella 1,5 litros",15319411,2-ALIMENTACION,5-LACTEOS,12-NATAS-CREMAS,2-NATA MONTAR,10-NATA MONTAR MAS DE 200 ML,"Nata para montar 35,1% m.g. SERVIHOSTEL, botella 1,5 litros",SERVIHOSTEL,15319411,BOTELLA,"1,5",1500,1,KG,,,,"6,11",,"4,07",,,,,,,," 'distance': 0,941644608974457",78336,"METRO Chef nata para montar 35% materia grasa botella 1,5 L",METRO CHEF,,BOTELLA,"1,5",L,1500,1,1500,,,,"6,00","5,40",,"4,00","3,60",,10%,COMPRA MAS PAGA MENOS,"0,47","0,47",12%,12%,2%,MATCH NUEVO JUNIO,MATCH NUEVO JUNIO
"Spaghetti EROSKI basic, paquete 500 g",367391,2-ALIMENTACION,9-COCINA,13-PASTAS,3-PASTA CLÁSICA,2-PASTA LARGA ESPAGUETI,"Spaghetti EROSKI basic, paquete 500 g",EROSKI,367391,PAQUETE,"0,5",500,1,KG,,,,"0,80",,"1,60",,,24,,"0,68","1,36",15%," 'distance': 0,067016914486885",212777,aro spaghetti paquete 5kg,ARO,,PAQUETE,"5,00",KG,5000,1,5000,,,,"5,89",,,"1,18",,,,,"0,18","0,42",26%,13%,26%,MATCH NUEVO JUNIO,MATCH NUEVO JUNIO
"Burrata de búfala EROSKI, tarrina 125 g",26502153,2-ALIMENTACION,5-LACTEOS,10-QUESOS,1-QUESO FRESCOS,5-QUESO FRESCO MOZZARELLA,"Burrata de búfala EROSKI, tarrina 125 g",EROSKI,26502153,TARRINA,"0,125",125,1,KG,,,,"2,49",,"19,92",,,6,,"1,87","14,94",25%," 'distance': 0,5410056114196777",199790,METRO Chef queso burrata 250 g,METRO CHEF,,BANDEJA,"0,25",KG,250,1,250,,,,"3,59","3,23",,"14,36","12,92",,10%,COMPRA MAS PAGA MENOS,"2,02","7,00",35%,13%,28%,MATCH NUEVO JUNIO,MATCH NUEVO JUNIO
"Kéfir PASTORET, tarrina 500 g",26749119,2-ALIMENTACION,5-LACTEOS,4-YOGURES Y POSTRES,,,"Kéfir PASTORET, tarrina 500 g",PASTORET,26749119,TARRINA,"0,5",500,1,KG,,,,"2,75",,"5,50",,,#N/A,,,,," 'distance': 0,918062508106232",149538,Pastoret yogur Kéfir tarro 500 g,PASTORET,,TARRO,"0,50",KG,500,1,500,,,,"2,34",,,"4,68",,,,,"0,82","0,82",15%,15%,15%,MATCH NUEVO JUNIO,MATCH NUEVO JUNIO
"Crema de cacahuete suave CAPITAN MANI, frasco 340 g",4212585,2-ALIMENTACION,8-SALADO,39-COMIDAS DEL MUNDO,5-COMIDA AMERICA,30-LATINA Y CRIOLLA,"Crema de cacahuete suave CAPITAN MANI, frasco 340 g",CAPITAN MANI,4212585,FRASCO,"0,34",340,1,KG,,,,"4,85",,"14,26",,,12,,"3,88","11,41",20%," 'distance': 0,537148714065552",101593,Capitán Mani Crema de cacahuete bote 510g,CAPITAN MANI,,BOTE,"0,51",KG,510,1,510,,,,"4,94",,,"9,69",,,,,"1,73","4,57",32%,15%,32%,MATCH NUEVO JUNIO,MATCH NUEVO JUNIO
"Caballa del sur en aceite de girasol EROSKI, lata 85 g",26015693,2-ALIMENTACION,8-SALADO,23-CONSERVAS DE PESCADO,25-CABALLA,3-CABALLA SUR,"Caballa del sur en aceite de girasol EROSKI, lata 85 g",EROSKI,26015693,LATA,"0,085",85,1,KG,,,,"0,95",,"11,18",,,14,,"0,86","10,06",10%," 'distance': 3,7299301624298096",215036,METRO Chef filetes de caballa en aceite de girasol lata 620 gne (950 g),METRO CHEF,,LATA,"0,95",KG,950,1,950,,,,"9,53","8,10",,"10,03","8,53",,15%,COMPRA MAS PAGA MENOS,"1,53","2,65",24%,15%,10%,MATCH NUEVO JUNIO,MATCH NUEVO JUNIO
"Pipas de girasol peladas fritas EROSKI, bolsa 125 g",17235862,2-ALIMENTACION,8-SALADO,3-FRUTOS SECOS,19-SNACKS,30-PIPAS RESTO,"Pipas de girasol peladas fritas EROSKI, bolsa 125 g",EROSKI,17235862,BOLSA,"0,125",125,1,KG,,,,"0,69",,"5,52",,,15,,"0,66","5,24",5%," 'distance': 2,255983352661133",159010,METRO Chef pipas de girasol peladas fritas 500 g,METRO CHEF,,BOLSA,"0,50",KG,500,1,500,,,,"2,19",,,"4,38",,,,,"0,86","1,14",21%,16%,21%,MATCH NUEVO JUNIO,MATCH NUEVO JUNIO
"Bacón OSCAR MAYER, bandeja 150 g",216309,1-FRESCOS,4-CHARCUTERIA,#ERROR!,15-COCIDOS COCINA,5-BACON LONCHAS,"Bacón OSCAR MAYER, bandeja 150 g",OSCAR MAYER,216309,BANDEJA,"0,15",150,1,KG,,,,"2,29",,"15,27",,,,,,,," 'distance': 0,165940873612856",168933,Oscar Mayer bacon loncheado 500 g caja contiene 2 unidades (total 1 kg),OSCAR MAYER,,CAJA/CAJON,"0,5",KG,500,2,1000,,,,"14,07","12,66",,"14,07","12,66",,10%,COMPRA MAS PAGA MENOS,"2,61","2,61",17%,17%,8%,MATCH NUEVO JUNIO,MATCH NUEVO JUNIO
"Tortillas de trigo EROSKI, paquete 320 g",24552002,2-ALIMENTACION,8-SALADO,#ERROR!,5-COMIDA AMERICA,20-MEXICANA MASAS,"Tortillas de trigo EROSKI, paquete 320 g",EROSKI,24552002,PAQUETE,"0,32",320,1,KG,,,,"1,00",,"3,13",,,,,,,," 'distance': 2,1415042877197266",80877,METRO Chef tortilla wraps 30cm contiene 18 unidades (1620 g aprox.),METRO CHEF,,PACK,"1,62",KG,1620,1,1620,,,,"4,88","4,20",,"3,01","2,59",,14%,COMPRA MAS PAGA MENOS,"0,54","0,54",17%,17%,4%,MATCH NUEVO JUNIO,MATCH NUEVO JUNIO
"Farfalle con vegetales EROSKI, paquete 500 g",9558529,2-ALIMENTACION,9-COCINA,13-PASTAS,1-PASTA ENSALADAS,98-RESTO PASTA ENSALADAS,"Farfalle con vegetales EROSKI, paquete 500 g",EROSKI,9558529,PAQUETE,"0,5",500,1,KG,,,,"1,10",,"2,20",,,10,,"0,94","1,87",15%," 'distance': 1,9571504592895508",212782,aro farfalle tricolor paquete 5kg,ARO,,PAQUETE,"5,00",KG,5000,1,5000,,,,"7,58",,,"1,52",,,,,"0,35","0,68",31%,19%,31%,MATCH NUEVO JUNIO,MATCH NUEVO JUNIO
"Shiitake laminada EROSKI, bandeja 180 g",20133831,1-FRESCOS,1-FRUTA Y HORTALIZA,2-HORTALIZA,60-HONGOS,10-SETAS,"Shiitake laminada EROSKI, bandeja 180 g",EROSKI,20133831,BANDEJA,"0,18",180,1,KG,,,,"3,25",,"18,06",,,4,,"2,76","15,35",15%," 'distance': 1,0035209655761700",213541,Seta shitake laminada bolsa 1 kg,MAKRO,,BOLSA,1,KG,1000,1,1000,,,,"12,37",,,"12,37",,,,,"2,98","5,69",32%,19%,32%,MATCH NUEVO JUNIO,MATCH NUEVO JUNIO
"Atún claro en aceite de oliva CALVO, pack 6x65 g",24082927,2-ALIMENTACION,8-SALADO,#ERROR!,1-ATUN CLARO,25-ATUN CLARO EN ACEITE OLIVA,"Atún claro en aceite de oliva CALVO, pack 6x65 g",CALVO,24082927,PACK,"0,39",390,6,KG,,,,"7,99",,"20,46",,,,,,,," 'distance': 0,651827454566956",221334,Calvo atún aceite de oliva 750 g,CALVO,,PACK,"0,75",KG,750,1,750,,,,"12,34",,,"16,45",,,,,"4,01","4,01",20%,20%,20%,MATCH NUEVO JUNIO,MATCH NUEVO JUNIO
"Macarron pluma nº6 GALLO, paquete 900 g",24117806,2-ALIMENTACION,9-COCINA,13-PASTAS,3-PASTA CLÁSICA,6-PASTA CORTA MACARRON,"Macarron pluma nº6 GALLO, paquete 900 g",GALLO,24117806,PAQUETE,"0,9",900,1,KG,,,,"2,67",,"2,97",,,,,,,," 'distance': 1,2423131465911865",197960,GALLO macarrón pluma nº 6 450 g,GALLO,,PAQUETE,"0,45",KG,450,1,450,,,,"1,05",,,"2,33",,,,,"0,64","0,64",21%,21%,21%,MATCH NUEVO JUNIO,MATCH NUEVO JUNIO
"Croqueta de jamón SERVIHOSTEL, bolsa 1 kg",21216692,2-ALIMENTACION,3-CONGELADOS,5-PLATOS PREPARADOS CONGELADOS,3-FRITOS,8-CROQUETAS¿JAMON,"Croqueta de jamón SERVIHOSTEL, bolsa 1 kg",SERVIHOSTEL,21216692,BOLSA,1,1000,1,KG,,,,"2,48",,"2,48",,,,,,,," 'distance': 0,9044670462608337",841061,METRO Chef Croquetas de jamón 2Kg,METRO CHEF,,BOLSA/BOLSON,2,KG,2000,1,2000,,,,"4,50","3,87",,"2,25","1,94",,14%,COMPRA MAS PAGA MENOS,"0,55","0,55",22%,22%,9%,MATCH NUEVO JUNIO,MATCH NUEVO JUNIO
"Patatas fritas lisas EROSKI BASIC, bolsa 170 g",49692,2-ALIMENTACION,8-SALADO,5-PATATAS FRITAS Y SNACKS,15-PATATAS FRITAS,15-PATATA SAL LISA,"Patatas fritas lisas EROSKI BASIC, bolsa 170 g",EROSKI BASIC,49692,BOLSA,"0,17",170,1,KG,,,,"1,25",,"7,35",,,17,,,,," 'distance': 1,8414149284362793",208566,METRO Chef patatas fritas 400gr,METRO CHEF,,PAQUETE,"0,40",KG,400,1,400,,,,"2,52","2,27",,"6,30","5,67",,10%,COMPRA MAS PAGA MENOS,"1,68","1,68",23%,23%,14%,MATCH NUEVO JUNIO,MATCH NUEVO JUNIO
"Atún en aceite de girasol SERVIHOSTEL, bolsa 1 kg",13207899,2-ALIMENTACION,8-SALADO,#ERROR!,3-ATUN,15-ATUN EN ACEITE GIRASOL,"Atún en aceite de girasol SERVIHOSTEL, bolsa 1 kg",SERVIHOSTEL,13207899,BOLSA,1,1000,1,KG,,,,"8,20",,"8,20",,,,,,,," 'distance': 1,8414149284362793",208401,aro atún en aceite vegetal bolsa 950gne (1000 g),ARO,,BOLSA/BOLSON,1,KG,1000,1,1000,,,,"6,22",,,"6,22",,,,,"1,98","1,98",24%,24%,24%,MATCH NUEVO JUNIO,MATCH NUEVO JUNIO
"Patatas fritas onduladas EROSKI BASIC, bolsa 170 g",49700,2-ALIMENTACION,8-SALADO,5-PATATAS FRITAS Y SNACKS,15-PATATAS FRITAS,20-PATATA SAL ONDULADA,"Patatas fritas onduladas EROSKI BASIC, bolsa 170 g",EROSKI BASIC,49700,BOLSA,"0,17",170,1,KG,,,,"1,25",,"7,35",,,18,,,,," 'distance': 0,5575016736984253",211634,METRO Chef Patatas fritas onduladas 500g,METRO CHEF,,PAQUETE,"0,50",KG,500,1,500,,,,"3,25","2,76",,"6,50","5,53",,15%,COMPRA MAS PAGA MENOS,"1,83","1,83",25%,25%,12%,MATCH NUEVO JUNIO,MATCH NUEVO JUNIO
"Nata montar 38% mg ASTURIANA, brik 500 ml",19620319,2-ALIMENTACION,5-LACTEOS,12-NATAS-CREMAS,2-NATA MONTAR,10-NATA MONTAR MAS DE 200 ML,"Nata montar 38% mg ASTURIANA, brik 500 ml",ASTURIANA,19620319,BRIK,"0,5",500,1,L,,,,"2,85",,"5,70",,,,,,,," 'distance': 3,191977024078369",163945,Asturiana Nata montar 38% materia grasa 1L,ASTURIANA,,PAQUETE,1,L,1000,1,1000,,,,"4,24",,,"4,24",,,,,"1,46","1,46",26%,26%,26%,MATCH NUEVO JUNIO,MATCH NUEVO JUNIO
"Melva en aceite de girasol EROSKI, lata 115 g",26015651,2-ALIMENTACION,8-SALADO,#ERROR!,27-OTRAS CONSERVAS DE PESCADO,1-MELVA,"Melva en aceite de girasol EROSKI, lata 115 g",EROSKI,26015651,LATA,"0,115",115,1,KG,,,,"1,93",,"16,78",,,,,,,," 'distance': 0,7518849968910217",215035,METRO Chef filetes de melva en aceite de girasol lata 620 gne (950 g),METRO CHEF,,LATA,"0,95",KG,950,1,950,,,,"13,7","11,78",,"14,42","12,40",,14%,COMPRA MAS PAGA MENOS,"4,38","4,38",26%,26%,14%,MATCH NUEVO JUNIO,MATCH NUEVO JUNIO
"Tiras de potón, al peso, compra mínima 500 g",511790,1-FRESCOS,7-PESCADERIA,14-MOSTRADOR PESCADERIA,40-CEFALOPODO,30-OTROS CEFALOPODOS,"Tiras de potón, al peso, compra mínima 500 g",EROSKI,511790,GRANEL,"0,5",500,1,KG,,,,"4,95",,"9,90",,,2,,"4,46","8,91",10%," 'distance': 3,038316011428833",201378,Tira de potón elaborado FAO87. Venta por cajas de 4kg aprox.,MAKRO,,GRANEL,"4,00",KG,4000,1,4000,,,,"26,2",,,"6,55",,,,,"2,36","3,35",34%,26%,34%,MATCH NUEVO JUNIO,MATCH NUEVO JUNIO
"Jamón de pato curado EROSKI SELEQTIA, sobre 50 g",10376671,1-FRESCOS,4-CHARCUTERIA,11-PATES PORCION,3-OTROS PATES PORCION,5-JAMON DE PATO,"Jamón de pato curado EROSKI SELEQTIA, sobre 50 g",EROSKI SELEQTIA,10376671,SOBRE,"0,05",50,1,KG,,,,"3,99",,"79,80",,,10,,"3,59","71,82",10%," 'distance': 3,7033205032348633",206510,makro Premium jamón de pato estuche 200g,MAKRO PREMIUM,,ESTUCHE,"0,2",KG,200,1,200,,,,"10,44",,,"52,20",,,,,"19,62","27,60",35%,27%,35%,MATCH NUEVO JUNIO,MATCH NUEVO JUNIO
"Pipa calabaza tostada con sal EROSKI, bolsa 150 g",26260877,2-ALIMENTACION,8-SALADO,3-FRUTOS SECOS,19-SNACKS,30-PIPAS RESTO,"Pipa calabaza tostada con sal EROSKI, bolsa 150 g",EROSKI,26260877,BOLSA,"0,15",150,1,KG,,,,"2,20",,"14,67",,,11,,"2,09","13,93",5%," 'distance': 0,790429711341858",216934,METRO Chef pipa calabaza tostada 500 gramos,METRO CHEF,,BOLSA,"0,50",KG,500,1,500,,,,"5,05",,,"10,10",,,,,"3,83","4,57",31%,28%,31%,MATCH NUEVO JUNIO,MATCH NUEVO JUNIO
"Anillas de potón, al peso, compra mínima 500 g",24914863,1-FRESCOS,7-PESCADERIA,14-MOSTRADOR PESCADERIA,40-CEFALOPODO,30-OTROS CEFALOPODOS,"Anillas de potón, al peso, compra mínima 500 g",EROSKI,24914863,GRANEL,"0,5",500,1,KG,,,,"9,00",,"18,00",,,2,,"8,10","16,20",10%," 'distance': 0,9906886219978333",127293,Anilla de Potón FAO 87 Pacífico Sudeste,MAKRO,,GRANEL,"1,00",KG,1000,1,1000,,,,"11,50",,,"11,5",,,,,"4,70","6,50",36%,29%,36%,MATCH NUEVO JUNIO,MATCH NUEVO JUNIO
"Queso Roquefort SOCIETÉ, tarrina 100 g",8976227,1-FRESCOS,4-CHARCUTERIA,#ERROR!,22-QUESO AZULES Y VETEADOS PORCIÓN,1-QUESO AZULES Y VETEADOS PORCIÓN,"Queso Roquefort SOCIETÉ, tarrina 100 g",SOCIETE,8976227,TARRINA,"0,1",100,1,KG,,,,"5,19",,"51,90",,,,,,,," 'distance': 0,9722946882247925",196081,SOCIÉTÉ queso roquefort cuña 100 g,SOCIETE,,CUÑA,"0,1",KG,100,1,100,,,,"3,38",,,"33,80",,,,,"18,10","18,10",35%,35%,35%,MATCH NUEVO JUNIO,MATCH NUEVO JUNIO
"Pierna entera de cordero EROSKI, pieza al peso aprox. 1.6 kg",5018171,1-FRESCOS,2-CARNICERIA,63-CORDERO ENVASADO,1-CORDERO RECENTAL ENVASADO,4-CORD RECENT REST DESP ENVASADO,"Pierna entera de cordero EROSKI, pieza al peso aprox. 1.6 kg",EROSKI,5018171,GRANEL,"1,6",1600,1,KG,,,,"39,84",,"24,90",,,1,,,,," 'distance': 2,84028697013855",143172,Pierna de cordero precio kg,MAKRO,,GRANEL,"1,5",KG,1500,1,1500,,,,"22,53",,,"15,02",,,,,"9,88","9,88",40%,40%,40%,MATCH NUEVO JUNIO,MATCH NUEVO JUNIO
"Laurel en hojas EROSKI, bolsa 8 g",2750503,2-ALIMENTACION,9-COCINA,35-ESPECIAS,10-HIERBAS,33-LAUREL,"Laurel en hojas EROSKI, bolsa 8 g",EROSKI,2750503,BOLSA,"0,008",8,1,KG,,,,"0,57",,"71,25",,,20,,,,," 'distance': 0,8908718824386597",668408,METRO Chef Laurel categoría I bandeja 125g,METRO CHEF,,BANDEJA,"0,13",KG,125,1,125,,,,"3,07",,,"24,56",,,,,"46,69","46,69",66%,66%,66%,MATCH NUEVO JUNIO,MATCH NUEVO JUNIO
"Levadura de panadería EROSKI, caja 44 g",24615270,2-ALIMENTACION,9-COCINA,21-REPOSTERIA,20-LEVADURAS,10-LEVADURA PANADERA,"Levadura de panadería EROSKI, caja 44 g",EROSKI,24615270,CAJA,"0,044",44,1,KG,,,,"0,94",,"21,36",,,12,,,,," 'distance': 0,95184314250946",217845,METRO Chef levadura polvo 900 g,METRO CHEF,,CAJA/CAJON,"0,9",KG,900,1,900,,,,"5,45",,,"6,06",,,,,"15,31","15,31",72%,72%,72%,MATCH NUEVO JUNIO,MATCH NUEVO JUNIO
"Dulce de membrillo EROSKI basic, tarrina 400 g",315473,2-ALIMENTACION,5-LACTEOS,10-QUESOS,9-MEMBRILLOS Y DULCES,1-MEMBRILLOS BASICOS Y DULCES,"Dulce de membrillo EROSKI basic, tarrina 400 g",EROSKI BASIC,315473,TARRINA,"0,4",400,1,KG,,,,"1,42",,"3,55",,,20,,"1,07","2,66",25%," 'distance': 0,987042427062988",214076,"METRO Chef dulce de membrillo tarrina 3,75kg",METRO CHEF,,UNIDAD,"3,75",KG,3750,1,3750,,,,"18,69",,,"4,98",,,,,"-2,32","-1,43",-40%,-87%,-40%,-40%,-40%
Traseros de pollo EROSKI bandeja al peso aprox. 1.2 kg,9805706,1-FRESCOS,2-CARNICERIA,69-POLLO ENVASADO AVES,5-POLLO STD ENVASADO AVES,25-POLLO STD ASAR¿TRASEROS¿POLLO,Traseros de pollo EROSKI bandeja al peso aprox. 1.2 kg,EROSKI,9805706,BANDEJA,"1,2",1200,1,KG,,,,"3,47",,"2,89",,,1,,"3,30","2,75",5%," 'distance': 0,667667269706726",181582,Trasero de pollo bandeja precio kg,MAKRO,,KILO,"2,2",KG,2200,1,2200,,,,"10,78",,,"4,9",,,,,"-2,15","-2,01",-69%,-78%,-69%,-69%,-69%
Pechugas enteras de pollo 2 ud EROSKI bandeja 580 g,16979171,1-FRESCOS,2-CARNICERIA,69-POLLO ENVASADO AVES,5-POLLO STD ENVASADO AVES,10-POLLO STD PECHUGA¿ENTERA¿POLLO,Pechugas enteras de pollo 2 ud EROSKI bandeja 580 g,EROSKI,16979171,BANDEJA,"0,58",580,1,KG,,,,"3,78",,"6,52",,,1,,"3,59","6,19",5%," 'distance': 0,796616077423095",181580,Pechuga de pollo bandeja precio kg,MAKRO,,KILO,"2,2",KG,2200,1,2200,,,,"24,09",,,"10,95",,,,,"-4,76","-4,43",-68%,-77%,-68%,-68%,-68%
"Café en grano mezcla EROSKI BASIC, paquete 500 g",8484289,2-ALIMENTACION,10-DULCE,8-CAFE,1-CAFE GRANO,3-CAFE¿GRANO¿MEZCLA,"Café en grano mezcla EROSKI BASIC, paquete 500 g",EROSKI BASIC,8484289,PAQUETE,"0,5",500,1,KG,,,,"5,25",,"10,50",,,8,,"4,73","9,45",10%," 'distance': 1,01147317886352",69660,RIOBA café en grano mezcla 80% natural 20% torrefacto 1Kg,RIOBA,,BOLSA/BOLSON,1,KG,1000,1,1000,,,,"19,57","16,63",,"19,57","16,63",,15%,COMPRA MAS PAGA MENOS,"-7,18","-6,13",-58%,-76%,-86%,-86%,-86%
"Patata XXL, bolsa 6 kg",26341255,1-FRESCOS,1-FRUTA Y HORTALIZA,20-COMPLEMENTOS BASICOS,15-PATATAS,5-PATATAS TODO USO,"Patata XXL, bolsa 6 kg",EROSKI,26341255,BOLSA,6,6000,1,KG,,,,"7,09",,"1,18",,,3,,"6,38","1,06",10%," 'distance': 0,299244284629821",213462,"Patata amandine C40/65 en bolsa 1,5 Kg",MAKRO,,BOLSA/BOLSON,"1,5",KG,1500,1,1500,,,,"2,80",,,"1,87",,,,,"-0,80","-0,69",-58%,-76%,-58%,-58%,-58%
"Lomo de salmón EROSKI NATUR GGN, bandeja 300 g",18362681,1-FRESCOS,7-PESCADERIA,13-PESCADO FRESCO ENVASADO,15-PESCADO CRIANZA PFE,"5-SALMON FILETE,LOMO,RODAJA PFE","Lomo de salmón EROSKI NATUR GGN, bandeja 300 g",E. NATUR,18362681,BANDEJA,"0,3",300,1,KG,,,,"8,49",,"28,30",,,1,,"6,37","21,23",25%," 'distance': 0,740503907203674",177765,Salmón lomo bajo pieza 60 0g,MAKRO,,KILO,"0,6",KG,600,1,600,,,,"21,42",,,"35,70",,,,,"-14,48","-7,40",-26%,-68%,-26%,-7%,-7%
Mayonesa EROSKI frasco 450 ml,26144121,2-ALIMENTACION,9-COCINA,3-SALSAS,"3-MAYONESAS, S.FINAS Y S.LIGERAS",3-MAYO.S.FINAS FCO MAS 300 ML,Mayonesa EROSKI frasco 450 ml,EROSKI,26144121,FRASCO,"0,45",450,1,L,,,,"1,08",,"2,40",,,12,,"0,92","2,04",15%," 'distance': 1,02834248542785",88337,METRO Chef mayonesa con dosificador 4600 ml,METRO CHEF,,DOSIFICADOR,"4,6",L,4600,1,4600,,,,"16,78","15,27",,"3,65","3,32",,9%,COMPRA MAS PAGA MENOS,"-1,28","-0,92",-38%,-63%,-52%,-52%,-52%
"Avellana repelada tostada sin sal, bolsa 600 g",26374199,1-FRESCOS,1-FRUTA Y HORTALIZA,25-GRANELES,10-FRUTOS SECOS GRANEL,25-OTROS FRUTOS SECOS,"Avellana repelada tostada sin sal, bolsa 600 g",EROSKI,26374199,BOLSA,"0,6",600,1,KG,,,,"9,99","8,49","16,65","14,15",,10,2nd unit-30%,,,," 'distance': 0,617043375968933",78626,"makro Chef Avellana tostada , bolsa de 500 g",MAKRO CHEF,,BOLSA/BOLSON,"0,5",KG,500,1,500,,,,"10,73",,,"21,46",,,,,"-7,31","-7,31",-52%,-52%,-29%,-29%,-29%
Pechuga de pavo EROSKI pack 2x200 g,24928152,1-FRESCOS,4-CHARCUTERIA,20-COCIDOS PORCION,10-COCIDOS AVE,5-PECHUGA DE PAVO,Pechuga de pavo EROSKI pack 2x200 g,EROSKI,24928152,PACK,"0,4",400,1,KG,,,,"4,19",,"10,48",,,8,,"3,98","9,95",5%," 'distance': 0,474068492650985",210393,METRO Chef pechuga de pavo lonchas 3x150 gr,METRO CHEF,,SOBRE,"0,45",KG,450,1,450,,,,"6,77",,,"15,04",,,,,"-5,09","-4,57",-44%,-51%,-44%,-44%,-44%
"Salsa de patatas deluxe HELLMANN'S, bocabajo 250 g",16886632,2-ALIMENTACION,9-COCINA,3-SALSAS,9-SALSAS ESPECIALES,10-SALSAS SNACKING,"Salsa de patatas deluxe HELLMANN'S, bocabajo 250 g",HELLMANN'S,16886632,BOCABAJO,"0,25",250,1,KG,,,,"2,39","1,59","9,56","6,37",,8,3x2,"1,35","5,41",15%," 'distance': 0,264640271663665",176668,HELLMANN'S salsa patatas de luxe bote 850ml,HELLMANN'S,,BOTE,"0,85",L,850,1,850,,,,"6,81",,,"8,01",,,,,"-2,60","-1,64",-26%,-48%,16%,16%,16%
"Lomo embuchado EROSKI pack 4x31,25 g",25258989,1-FRESCOS,4-CHARCUTERIA,"6-CURADOS, EMBUT. E IBERICOS",3-CURADOS PORCION,7-LOMO CURADO PORCION,"Lomo embuchado EROSKI pack 4x31,25 g",EROSKI,25258989,PACK,"0,125",125,1,KG,,,,"2,11",,"16,88",,,14,,"1,90","15,19",10%," 'distance': 1,20830631256103",184973,aro lomo embuchado 300g,ARO,,SIN ENVASE,"0,3",KG,300,1,300,,,,"6,55",,,"21,83",,,,,"-6,64","-4,95",-29%,-44%,-29%,-21%,-21%
"Alas de pollo adobadas barbacoa COC&COC, bandeja 500 g",26203935,1-FRESCOS,2-CARNICERIA,65-ELABORADOS ENVASADO,2-ELABORADOS BARBACOA ENVASADO,4-MIXTOS Y OTROS ENVASADO,"Alas de pollo adobadas tradicional EROSKI, bandeja 500 g",EROSKI,18681395,BANDEJA,"0,5",500,1,KG,,,,"2,79",,"5,58",,,1,,"2,51","5,02",10%," 'distance': 0,520127415657043",52581,Alas de pollo adobadas 2kg bandeja,MAKRO,,BANDEJA,2,KG,2000,1,2000,,,,"13,81",,,"6,91",,,,,"-1,88","-1,33",-24%,-37%,-24%,-28%,-28%
Filetes de pechuga de pollo EROSKI bandeja aprox. 560 g,601609,1-FRESCOS,2-CARNICERIA,69-POLLO ENVASADO AVES,5-POLLO STD ENVASADO AVES,15-POLLO STD PECHUGA¿FILETE¿POLLO,Filetes de pechuga de pollo EROSKI bandeja aprox. 560 g,EROSKI,601609,BANDEJA,"0,56",560,1,KG,,,,"4,22","3,59","7,54","6,41",,1,15%,"3,41","6,09",5%," 'distance': 0,609915196895599",89431,Filetes de pechuga de pollo bandeja precio kg,MAKRO,,KILO,"1,9",KG,1900,1,1900,,,,"15,58",,,"8,2",,,,,"-2,11","-1,79",-28%,-35%,-9%,-9%,-9%
"Manzana Golden, al peso, compra mínima 1 kg",11155,1-FRESCOS,1-FRUTA Y HORTALIZA,1-FRUTA,25-MANZANAS,30-MANZANAS DULCES GOLDEN,"Manzana Golden, al peso, compra mínima 1 kg",EROSKI,11155,GRANEL,"1,05",1050,1,KG,,,,"2,27",,"2,16",,,"40,17",,"2,04","1,95",10%," 'distance': 5,767221927642822",213336,METRO Chef manzana golden C70/75 en caja 6 Kg,METRO CHEF,,CAJA/CAJON,"6,00",KG,6000,1,6000,,,,"11,70",,,"2,60",,,,,"-0,65","-0,44",-20%,-34%,-20%,-20%,-20%
Naranja EROSKI malla 3 kg,23760622,1-FRESCOS,1-FRUTA Y HORTALIZA,1-FRUTA,33-CITRICOS,5-NARANJAS,Naranja EROSKI malla 3 kg,EROSKI,23760622,MALLA,3,3000,1,KG,,,,"4,56","4,29","1,52","1,43",,4,6%,"3,86","1,29",10%," 'distance': 0,925987124443054",211680,METRO Chef naranja de mesa calibre 3 caja 8 kg,METRO CHEF,,CAJA/CAJON,8,KG,8000,1,8000,,,,"13,68",,,"1,71",,,,,"-0,42","-0,28",-20%,-33%,-13%,-7%,-7%
"Cebolleta extra, manojo",17744756,1-FRESCOS,1-FRUTA Y HORTALIZA,20-COMPLEMENTOS BASICOS,10-CEBOLLAS,5-CEBOLLAS AMARILLAS,"Cebolleta extra, manojo",EROSKI,17744756,0,1,1000,1,KG,,,,"1,75",,"1,75",,,15,,"1,40","1,40",20%," 'distance': 0,839475512504577",447408,Cebolleta blanca manojo 400g,MAKRO,,BANDEJA,"0,4",KG,400,1,400,,,,"1,86",,,"1,86",,,,,"-0,46","-0,11",-6%,-33%,-6%,-6%,-6%
"Ron NEGRITA, botella 1 litro",16205940,2-ALIMENTACION,11-BEBIDAS,18-BEBIDAS DE ALTA GRADUACION,5-RON,5-RON¿OSCURO¿ESTANDAR,"Ron NEGRITA, botella 1 litro",NEGRITA,16205940,BOTELLA,1,1000,1,L,España,,,"11,55",,"11,55",,,"0,23",,"9,82","9,82",15%," 'distance': 2,8503570556640625",698802,"Negrita ron dorado botella Alc, 37,5% vol,1000 ml",NEGRITA,,BOTELLA,"1,00",L,1000,1,1000,,,,"13,01",,,"13,01",,,,,"-3,19","-1,46",-13%,-33%,-13%,2%,2%
Arroz con leche EROSKI pack 4x130 g,23606841,2-ALIMENTACION,5-LACTEOS,4-YOGURES Y POSTRES,5-POSTRES BASICOS,83-ARROZ CON LECHE,Arroz con leche EROSKI pack 4x130 g,EROSKI,23606841,PACK,"0,52",520,1,KG,,,,"1,35",,"2,60",,,8,,,,," 'distance': 0,665842175483703",104812,makro Chef arroz con leche cubo 2 Kg,MAKRO CHEF,,CUBO,2,KG,2000,1,2000,,,,"8,02","6,82",,"4,01","3,41",,15%,COMPRA MAS PAGA MENOS,"-0,81","-0,81",-31%,-31%,-54%,-49%,-49%
"Brocheta de pechuga de pollo EROSKI , bandeja 360 g",11178415,1-FRESCOS,2-CARNICERIA,65-ELABORADOS ENVASADO,2-ELABORADOS BARBACOA ENVASADO,3-BROCHETAS-PINCHITOS ENVASADO,"Brocheta de pechuga de pollo EROSKI , bandeja 360 g",EROSKI,11178415,BANDEJA,"0,36",360,1,KG,,,,"3,06",,"8,50",,,1,,"2,75","7,65",10%," 'distance': 1,16332411766052",212965,Brocheta de pollo marinado 9 uds en bandeja,MAKRO,,KILO,"0,72",KG,720,1,720,,,,"7,09",,,"9,85",,,,,"-2,20","-1,35",-16%,-29%,-16%,-19%,-19%
Pulpo cocido troceado EROSKI bandeja 175 g,10973238,1-FRESCOS,7-PESCADERIA,12-ESPECIALIDADES,40-PULPO COCIDO,15-PULPO COC. TROCEADO,Pulpo cocido troceado EROSKI bandeja 175 g,EROSKI,10973238,BANDEJA,"0,175",175,1,KG,,,,"9,19","6,89","52,51","39,39",,4,4x3,"5,17","29,54",25%," 'distance': 0,712031304836273",178540,Pulpo cocido 1700g en bandeja atmosfera FAO34,MAKRO,,KILO,"2,5",KG,2500,1,2500,,,,"87,88",,,"35,15",,,,,"-5,61","4,24",11%,-19%,33%,33%,33%
"Café molido FORTALEZA G. Orígenes Colombia, caja 250 g",540856,2-ALIMENTACION,10-DULCE,8-CAFE,3-CAFE MOLIDO,11-CAFE¿MOLIDO¿ORIGENES,"Café molido FORTALEZA G. Orígenes Colombia, caja 250 g",FORTALEZA,540856,CAJA,"0,25",250,1,KG,,,,"5,99",,"23,96",,,8,,"5,39","21,56",10%," 'distance': 0,349897742271423",3629,Fortaleza café molido Colombia 250g contiene 4 unidades,FORTALEZA,,RETRACTIL,"0,25",KG,250,4,1000,,,,"25,62",,,"25,62",,,,,"-4,06","-1,66",-7%,-19%,-7%,-7%,-7%
"Café molido FORTALEZA G. Orígenes Kenya, caja 250 g",540831,2-ALIMENTACION,10-DULCE,8-CAFE,3-CAFE MOLIDO,11-CAFE¿MOLIDO¿ORIGENES,"Café molido FORTALEZA G. Orígenes Kenya, caja 250 g",FORTALEZA,540831,CAJA,"0,25",250,1,KG,,,,"5,99",,"23,96",,,8,,"5,39","21,56",10%," 'distance': 0,227590322494506",3635,Fortaleza café molido kenya 250g contiene 4 unidades,FORTALEZA,,RETRACTIL,"0,25",KG,250,4,1000,,,,"25,62",,,"25,62",,,,,"-4,06","-1,66",-7%,-19%,-7%,-7%,-7%
Almendras repeladas fritas EROSKI bolsa 175 g,16710634,2-ALIMENTACION,8-SALADO,3-FRUTOS SECOS,21-NOBLES,1-ALMENDRAS,Almendras repeladas fritas EROSKI bolsa 175 g,EROSKI,16710634,BOLSA,"0,175",175,1,KG,,,,"2,41",,"13,77",,,16,,"2,29","13,08",5%," 'distance': 0,560108482837677",156614,aro Almendra repelada frita bolsa 500g,MAKRO,,BOLSA/BOLSON,"0,5",KG,500,1,500,,,,"7,69",,,"15,38",,,,,"-2,30","-1,61",-12%,-18%,-12%,6%,6%
"Almendras marconas repeladas fritas EROSKI, tarrina 160 g",17344862,1-FRESCOS,1-FRUTA Y HORTALIZA,25-GRANELES,10-FRUTOS SECOS GRANEL,20-ALMENDRAS,"Almendras marconas repeladas fritas EROSKI, tarrina 160 g",EROSKI,17344862,BOLSA,"0,16",160,1,KG,,,,"4,39","3,73","27,44","23,32",,14,2nd unit-30%,,,," 'distance': 0,550685822963714",156161,METRO Chef almendra marcona frita con sal 500 g,METRO CHEF,,BOLSA/BOLSON,"0,5",KG,500,1,500,,,,"13,63",,,"27,26",,,,,"-3,94","-3,94",-17%,-17%,1%,1%,1%
Caldo de pescado EROSKI brik 1 litro,8581928,2-ALIMENTACION,9-COCINA,15-SOPAS PURES Y CALDOS,6-CALDOS¿LÍQUIDOS,9-CALDO LIQUIDO PESCADO,Caldo de pescado EROSKI brik 1 litro,EROSKI,8581928,BRIK,1,1000,1,L,,,,1,,"1,00",,,12,,,,," 'distance': 0,658246874809265",97169,aro caldo pescado 1l,ARO,,BRIK,1,L,1000,1,1000,,,,"1,31","1,17",,"1,31","1,17",,11%,COMPRA MAS PAGA MENOS,"-0,17","-0,17",-17%,-17%,-31%,-34%,-34%
"Bígaro grande, bolsa 500 g",23991318,1-FRESCOS,7-PESCADERIA,14-MOSTRADOR PESCADERIA,46-MARISCO MOLUSCOS,25-CARACOLES,"Bígaro grande, bolsa 500 g",EROSKI,23991318,BOLSA,"0,5",500,1,KG,,,,"9,79","8,32","19,58","16,64",,1,15%,"7,49","14,98",10%," 'distance': 0,686481773853302",98890,Bígaros bolsa 500g FAO27 Atl√°ntico Noroeste,MAKRO,,CAJA/CAJON,"0,5",KG,500,1,500,,,,"8,69",,,"17,38",,,,,"-2,40","-0,74",-4%,-16%,11%,3%,3%
"MAIZENA 2,5 KG. C/4",17716770,2-ALIMENTACION,9-COCINA,17-HARINAS Y PAN RALLADO,1-HARINAS,9-HARINAS ESPECIALIDADES,"MAIZENA 2,5 KG. C/4",MAIZENA,17716770,CAJA,"2,5",2500,1,KG,,,,"13,48",,"5,39",,,4,,"10,78","4,31",20%," 'distance': 0,249760239575938",176631,"MAIZENA 2,5 kg",MAIZENA,,CAJA/CAJON,"2,5",KG,2500,1,2500,,,,"12,49",,,"5,00",,,,,"-0,68","0,39",7%,-16%,7%,7%,7%
"Piña maduración natural, pieza al peso aprox. 2.1 kg",19327055,1-FRESCOS,1-FRUTA Y HORTALIZA,1-FRUTA,73-PIÑAS,5-PIÑAS PIEZA,"Piña maduración natural, pieza al peso aprox. 2.1 kg",DM,19327055,PIEZA,"2,1",2100,1,KG,,,,"5,67",,"2,70",,,"11,1",,"5,10","2,43",10%," 'distance': 0,940874099731445",772343,Piña gold calibre 6 pieza 2kg,MAKRO,,PIEZA,2,KG,2000,1,2000,,,,"5,61",,,"2,81",,,,,"-0,38","-0,11",-4%,-15%,-4%,-4%,-4%
"Uva blanca sin semilla, al peso, compra mínima 500 g",25749391,1-FRESCOS,1-FRUTA Y HORTALIZA,1-FRUTA,31-UVAS,10-UVAS SIN SEMILLA,"Uva blanca sin semilla, al peso, compra mínima 500 g",EROSKI,25749391,0,"0,5",500,1,KG,,,,"2,50",,"5,00",,,"4,5",,"2,25","4,50",10%," 'distance': 0,629986703395843",43195,Uva blanca sin piel en caja peso 1 kg,MAKRO,,CAJA/CAJON,1,KG,1000,1,1000,,,,"5,19",,,"5,19",,,,,"-0,69","-0,19",-4%,-15%,-4%,-4%,-4%
"Rodaballo 1-2 kg PRODEMAR, pieza al peso aprox. 1.8 kg",226217,1-FRESCOS,7-PESCADERIA,14-MOSTRADOR PESCADERIA,34-PESCADO CRIANZA,20-RODABALLO CRIANZA,"Rodaballo 1-2 kg PRODEMAR, pieza al peso aprox. 1.8 kg",PRODEMAR,226217,PIEZA,"1,8",1800,1,KG,,,,"38,07",,"21,15",,,"1,5",,"34,26","19,04",10%," 'distance': 0,78282082080841",142379,Rodaballo 3-4 kg de Cria origen Portugal.,MAKRO,,KILO,"3,5",KG,3500,1,3500,,,,"76,62",,,"21,89",,,,,"-2,86","-0,74",-3%,-15%,-3%,-3%,-3%
"Hamburguesa de pollo rústico EROSKI Natur, 2 uds., bandeja 240 g",18731455,1-FRESCOS,2-CARNICERIA,75-VITRINA,45-ELABORADOS HAMBURGUESA VITRINA,5-HAMBURGUESAS VITRINA,"Hamburguesa de pollo rústico EROSKI Natur, 2 uds., bandeja 240 g",E. NATUR,18731455,0,"0,24",240,1,KG,,,,"2,29",,"9,54",,,1,,,,," 'distance': 0,886278510093689",201562,Hamburguesa pollo corral 16x125 gramos,MAKRO,,BANDEJA,2,KG,2000,1,2000,,,,"21,40",,,"10,70",,,,,"-1,16","-1,16",-12%,-12%,-12%,-12%,-12%
Costilla de cerdo entera al vacío XXL EROSKI bolsa aprox. 1.7 kg,6833438,1-FRESCOS,2-CARNICERIA,62-PORCINO ENVASADO,1-PORCINO BLANCO ENVASADO,4-COSTILLA BLANCO ENVASADO,Costilla de cerdo entera al vacío XXL EROSKI bolsa aprox. 1.7 kg,EROSKI,6833438,BOLSA,"1,7",1700,1,KG,,,,"10,00",,"5,88",,,1,,"9,50","5,59",5%," 'distance': 0,491536289453506",53150,Costillar de cerdo precio kg,MAKRO,,KILO,"1,25",KG,1250,1,1250,,,,"7,78",,,"6,22",,,,,"-0,63","-0,34",-6%,-11%,-6%,-6%,-6%
"Café molido mezcla EROSKI BASIC, paquete 250 g",8484230,2-ALIMENTACION,10-DULCE,8-CAFE,3-CAFE MOLIDO,3-CAFE MOLIDO MEZCLA,"Café molido mezcla EROSKI BASIC, paquete 250 g",EROSKI BASIC,8484230,PAQUETE,"0,25",250,1,KG,,,,"2,95",,"11,80",,,12,,"2,66","10,62",10%," 'distance': 0,811198592185974",196363,RIOBA café molido mezcla 250 g contiene 2 unidades (total 500 g),RIOBA,,RETRACTIL,"0,5",KG,500,1,500,,,,"6,88","5,85",,"13,76","11,70",,15%,COMPRA MAS PAGA MENOS,"-1,08","0,10",1%,-10%,-17%,-17%,-17%
Costilla adobada ibérica en trozo EROSKI bandeja aprox. 400 g,13399761,1-FRESCOS,2-CARNICERIA,62-PORCINO ENVASADO,3-PORCINO IBERICO ENVASADO,3-OTROS IBERICO ENVASADO,Costilla adobada ibérica en trozo EROSKI bandeja aprox. 400 g,EROSKI,13399761,BANDEJA,"0,4",400,1,KG,,,,"2,96",,"7,40",,,1,,"2,81","7,03",5%," 'distance': 1,12159276008605",131218,Costilla adobada de cerdo ibérico precio kg,MAKRO,,KILO,"1,25",KG,1250,1,1250,,,,"9,56",,,"7,65",,,,,"-0,62","-0,25",-3%,-9%,-3%,-3%,-3%
"Costilla trozo carnosa Duroc EROSKI Natur, bandeja aprox, 550 g",3687878,1-FRESCOS,2-CARNICERIA,62-PORCINO ENVASADO,1-PORCINO BLANCO ENVASADO,4-COSTILLA BLANCO ENVASADO,"Costilla trozo carnosa Duroc EROSKI Natur, bandeja aprox, 550 g","E, NATUR",3687878,BANDEJA,"0,55",550,1,KG,,,,"4,45",,"8,09",,,"0,81",,"4,23","7,69",5%," 'distance': 2,7024340629577637",216829,METRO Chef costillar partido flow cerdo duroc vacío,METRO CHEF,,KILO,"2,00",KG,2000,1,2000,,,,"16,72",,,"8,36",,,,,"-0,67","-0,27",-3%,-9%,-3%,-3%,-3%
"Sobrasada ELPOZO, tarrina 250 g",12722906,1-FRESCOS,4-CHARCUTERIA,11-PATES PORCION,3-OTROS PATES PORCION,2-CREMAS Y SOBRASADAS,"Sobrasada ELPOZO, tarrina 250 g",ELPOZO,12722906,TARRINA,"0,25",250,1,KG,,,,"2,25",,"9,00",,,12,,"2,03","8,10",10%," 'distance': 0,282612383365631",33499,Elpozo sobrasada extra 250g,ELPOZO,,TARRINA,"0,25",KG,250,1,250,,,,"2,19",,,"8,76",,,,,"-0,66","0,24",3%,-8%,3%,-7%,-7%
Salsa alioli EROSKI bote 300 ml,901330,2-ALIMENTACION,9-COCINA,3-SALSAS,9-SALSAS ESPECIALES,9-SALSAS ALIOLI,Salsa alioli EROSKI bote 300 ml,EROSKI,901330,BOTE,"0,3",300,1,L,,,,"1,5",,"5,00",,,6,,"1,28","4,25",15%," 'distance': 0,355706751346588",170287,"METRO Chef salsa alioli bidón 1,85l",METRO CHEF,,BIDON,"1,85",L,1850,1,1850,,,,"9,85","8,37",,"5,32","4,53",,15%,COMPRA MAS PAGA MENOS,"-0,28","0,47",9%,-6%,-6%,9%,9%
"Dorada de crianza EROSKI NATUR GGN, pieza aprox. 500 g",9717463,1-FRESCOS,7-PESCADERIA,14-MOSTRADOR PESCADERIA,34-PESCADO CRIANZA,10-DORADA CRIANZA,"Dorada de crianza EROSKI NATUR GGN, pieza aprox. 500 g",E. NATUR,9717463,PIEZA,"0,5",500,1,KG,,,,"5,39",,"10,78",,,,,"4,85","9,70",10%," 'distance': 0,837373256683349",186378,"Dorada 300 a 400 g de Cría desescamada, eviscerada y sin aletas",MAKRO,,KILO,"0,35",KG,350,1,350,,,,"3,56",,,"10,18",,,,,"-0,48","0,60",6%,-5%,6%,4%,4%
DESENGRASANTE 5K. HOSTEL ECO C/1,10781144,2-ALIMENTACION,12-DROGUERIA,50-LIMPIADORES,3-COCINA,3-QUITAGRASAS GENERAL,DESENGRASANTE 5K. HOSTEL ECO C/1,SERVIHOSTEL,10781144,GARRAFA,5,5000,1,KG,,,,"8,34",,"1,67",,,1,,"7,92","1,58",5%," 'distance': 0,826454329561395",112485,METRO PROFESSIONAL Desengrasante profesional 5L,METRO PROFESSIONAL,,BIDON,5,L,5000,1,5000,,,,"8,29",,,"1,66",,,,,"-0,07","0,01",1%,-5%,1%,10%,10%
Acelga EROSKI bolsa 300 g,18298000,1-FRESCOS,1-FRUTA Y HORTALIZA,8-IV GAMA,54-PLATOS PARA COCINAR,20-VERDURA Y HORTALIZA CRUDA,Acelga EROSKI bolsa 300 g,EROSKI,18298000,BOLSA,"0,3",300,1,KG,,,,"1,27",,"4,23",,,1,,,,," 'distance': 0,548929095268249",275080,Acelga cortada categoría I bolsa 300 gramos,MAKRO,,BOLSA/BOLSON,"0,3",KG,300,1,300,,,,"1,30",,,"4,33",,,,,"-0,10","-0,10",-2%,-2%,-2%,-6%,-6%
Calabaza limpia en trozos EROSKI bandeja 750 g,23689490,1-FRESCOS,1-FRUTA Y HORTALIZA,8-IV GAMA,54-PLATOS PARA COCINAR,20-VERDURA Y HORTALIZA CRUDA,Calabaza limpia en trozos EROSKI bandeja 750 g,EROSKI,23689490,BANDEJA,"0,75",750,1,KG,,,,"2,99",,"3,99",,,1,,,,," 'distance': 1,0006296634674",213740,Calabaza pelada al vacio bolsa (2000 g aprox.),MAKRO,,BOLSA/BOLSON,2,KG,2000,1,2000,,,,"8,00",,,"4,00",,,,,"-0,01","-0,01",0%,0%,0%,6%,6%
"Agua con gas PERRIER, botellín 50 cl",17074147,2-ALIMENTACION,11-BEBIDAS,4-AGUAS,1-AGUAS CON GAS,3-AGUA¿CON¿GAS¿MESA,"Agua con gas PERRIER, botellín 50 cl",PERRIER,17074147,BOTELLA,"0,5",500,1,L,Francia,,,"1,18",,"2,36",,,"3,34",,"0,89","1,77",25%," 'distance': 2,289356231689453",214197,Perrier agua con gas botella 50 cl contiene 24 unidades,PERRIER,,BOTELLA,"0,50",L,500,24,12000,,,,"21,18",,,"1,77",,,,,"0,01","0,60",25%,0%,25%,25%,25%
LENTEJA SELECTA LUENGO 1KG,164996,2-ALIMENTACION,9-COCINA,9-LEGUMBRES,5-LENTEJA SECA,1-LENTEJA CASTELLANA,LENTEJA SELECTA LUENGO 1KG,LUENGO,164996,0,1,1000,1,KG,,,,"3,7",,"3,70",,,10,,"3,15","3,15",15%," 'distance': 0,680807828903198",195230,Luengo lenteja castellana 1kg,LUENGO,,PAQUETE,1,KG,1000,1,1000,,,,"3,38","3,08",,"3,38","3,08",,9%,COMPRA MAS PAGA MENOS,"0,07","0,62",17%,2%,9%,13%,13%
Queso crema bio EROSKI tarrina 150 g,23523376,2-ALIMENTACION,5-LACTEOS,10-QUESOS,6-QUESO EN TARRINA,4-QUESO UNTAR PREMIUM,Queso crema bio EROSKI tarrina 150 g,Eroski Bio/ECO + E.Natur BIO,23523376,TARRINA,"0,15",150,1,KG,,,,"1,38",,"9,20",,,12,,"1,04","6,90",25%," 'distance': 0,72314178943634",89126,makro Chef queso crema tarrina 400 g,MAKRO CHEF,,TARRINA,"0,4",KG,400,1,400,,,,"3,17","2,69",,"7,93","6,74",,15%,COMPRA MAS PAGA MENOS,"0,16","2,46",27%,2%,14%,14%,14%
"Queso Mascarpone GALBANI, tarrina 250 g",10956696,2-ALIMENTACION,5-LACTEOS,10-QUESOS,1-QUESO FRESCOS,10-MASCARPONES Y TARTAS,"Queso Mascarpone GALBANI, tarrina 250 g",GALBANI,10956696,TARRINA,"0,25",250,1,KG,,,,"4,11",,"16,44",,,0,,"3,08","12,33",25%," 'distance': 0,84357395763934",209175,Galbani Professionale queso mascarpone 41% materia grasa 2 Kg,GALBANI PROFESSIONALE,,UNIDAD,2,KG,2000,1,2000,,,,"23,97",,,"11,99",,,,,"0,35","4,46",27%,3%,27%,30%,30%
"Bolsa de basura comunidad 85x105 SERVIHOSTEL, ud",23407497,2-ALIMENTACION,12-DROGUERIA,71-BOLSAS DE BASURA,7-BOLSAS¿DE¿BASURA¿100L,1-BOLSAS¿DE¿BASURA¿100L,"Bolsa de basura comunidad 85x105 SERVIHOSTEL, ud",SERVIHOSTEL,23407497,UNIDAD,1,1000,10,UDS,,,,"2,04",,"0,20",,,,,,,," 'distance': 2,583765927596574",9660,aro bolsa basura negra 100L contiene 4 x 10 unidades,ARO,,BOLSA,1,L,1000,4,4000,,,,"7,93",,,"0,20",,,,,"0,01","0,01",3%,3%,3%,-92%,-92%
"Champiñón Portobello, al peso, compra mínima 500 g",19145853,1-FRESCOS,1-FRUTA Y HORTALIZA,2-HORTALIZA,60-HONGOS,5-CHAMPIÑONES,"Champiñón Portobello, al peso, compra mínima 500 g",EROSKI,19145853,0,"0,5",500,1,KG,,,,"3,06",,"6,12",,,2,,"2,60","5,20",15%," 'distance': 0,55796992778778",44615,Champiñón portobello caja 1kg,MAKRO,,CAJA/CAJON,1,KG,1000,1,1000,,,,"4,98",,,"4,98",,,,,"0,22","1,14",19%,4%,19%,19%,19%
"Papaya, pieza al peso aprox. 1.1 kg",54379,1-FRESCOS,1-FRUTA Y HORTALIZA,1-FRUTA,67-TROPICALES,15-PAPAYAS,"Papaya, pieza al peso aprox. 1.1 kg",EROSKI,54379,PIEZA,"1,1",1100,1,KG,,,,"5,89",,"5,35",,,"4,5",,"5,30","4,82",10%," 'distance': 0,716044127941131",54396,Papayón pieza,MAKRO,,KILO,1,KG,1000,1,1000,,,,"4,52",,,"4,52",,,,,"0,30","0,83",16%,6%,16%,17%,17%
Tomate rallado EROSKI tarrina 180 g,21833744,1-FRESCOS,1-FRUTA Y HORTALIZA,8-IV GAMA,56-COMPLEMENTOS,5-UNTABLES Y DIPPINGS,Tomate rallado EROSKI tarrina 180 g,EROSKI,21833744,TARRINA,"0,18",180,1,KG,,,,"0,99",,"5,50",,,6,,,,," 'distance': 0,216284364461898",198494,Tomate rallado tarrina de 490g,MAKRO,,TARRINA,"0,49",L,490,1,490,,,,"2,52",,,"5,14",,,,,"0,36","0,36",6%,6%,6%,6%,6%
"Yogur griego con fresa OIKOS, pack 4x110 g",23180011,2-ALIMENTACION,5-LACTEOS,4-YOGURES Y POSTRES,2-YOGURES ESPECIALES,81-TIPO GRIEGO CON TROZOS,"Yogur griego con fresa OIKOS, pack 4x110 g",OIKOS,23180011,PACK,"0,44",440,1,KG,,,,"2,79",,"6,34",,,6,,,,," 'distance': 0,301327735185623",193179,OIKOS fresa 110 g contiene 4 unidades (total 440 g),OIKOS,,PACK,"0,11",KG,110,4,440,,,,"2,59",,,"5,89",,,,,"0,45","0,45",7%,7%,7%,10%,10%
"Chimichurri SALSAS ASTURIANAS, frasco 295 g",19522168,2-ALIMENTACION,9-COCINA,3-SALSAS,9-SALSAS ESPECIALES,44-SALSAS CHIMICHURRI,"Chimichurri SALSAS ASTURIANAS, frasco 295 g",SALSAS ASTURIANAS,19522168,FRASCO,"0,295",295,1,KG,,,,"3,25","2,11","11,02","7,16",,12,2nd unit-70%,"1,80","6,09",15%," 'distance': 0,384359687566757",42743,Salsas Asturianas chimichurri gourmet botella 1l,SALSAS ASTURIANAS,,BOTELLA,1,L,1000,1,1000,,,,"6,15","5,60",,"6,15","5,60",,9%,COMPRA MAS PAGA MENOS,"0,49","1,56",22%,8%,44%,44%,44%
"Gallo pequeño (110-200 g), al peso, compra mínima 600 g",13923016,1-FRESCOS,7-PESCADERIA,14-MOSTRADOR PESCADERIA,16-PESCADOS PLANOS,5-GALLO,"Gallo pequeño (110-200 g), al peso, compra mínima 600 g",EROSKI,13923016,0,"0,6",600,1,KG,,,,"4,77",,"7,95",,,1,,"4,29","7,16",10%," 'distance': 0,96412169933319",178903,"Gallo 0,2-0,3kg FAO 27 Atlántico Noroeste",MAKRO,,KILO,"0,25",KG,250,1,250,,,,"1,64",,,"6,55",,,,,"0,61","1,40",18%,8%,18%,21%,21%
Tira costilla de cerdo sabor finas hierbas EROSKI sobre aprox. 1 kg,16909178,1-FRESCOS,2-CARNICERIA,62-PORCINO ENVASADO,1-PORCINO BLANCO ENVASADO,20-COSTILLA ADOBADA OTRO ENVASADO,Tira costilla de cerdo sabor finas hierbas EROSKI sobre aprox. 1 kg,EROSKI,16909178,SOBRE,1,1000,1,KG,,,,"10,95",,"10,95",,,1,,"10,40","10,40",5%," 'distance': 0,908504545688629",165203,Costilla de cerdo adobada a las finas hierbas al vacío precio kg,MAKRO,,KILO,"0,9",KG,900,1,900,,,,"8,57",,,"9,52",,,,,"0,88","1,43",13%,8%,13%,13%,13%
"Helices con vegetales GALLO, paquete 450 g",23496326,2-ALIMENTACION,9-COCINA,13-PASTAS,1-PASTA ENSALADAS,3-HELICES Y ESPIRALES ENSALADAS,"Helices con vegetales GALLO, paquete 450 g",GALLO,23496326,PAQUETE,"0,45",450,1,KG,,,,"1,74",,"3,87",,,10,,"1,48","3,29",15%," 'distance': 0,310917139053344",252486,GALLO hélices Vegetales 3 kg,GALLO,,PAQUETE,3,KG,3000,1,3000,,,,"8,90",,,"2,97",,,,,"0,32","0,90",23%,10%,23%,23%,23%
"Salmón entero y limpio de crianza, al peso, compra mínima 2.5 kg",225771,1-FRESCOS,7-PESCADERIA,14-MOSTRADOR PESCADERIA,31-SALMON CRIANZA,5-PIEZAS DE SALMON,"Salmón entero y limpio de crianza, al peso, compra mínima 2.5 kg",EROSKI,225771,0,"2,5",2500,1,KG,,,,"31,73","25,07","12,69","10,03",,3,21%,"22,56","9,02",10%," 'distance': 0,476554095745086",217330,SALM√ìN 5-6 kilos cría limpio,MAKRO,,KILO,"5,5",KG,5500,1,5500,,,,"44,77",,,"8,14",,,,,"0,88","1,89",19%,10%,36%,23%,23%
"Pesto genovese EROSKI SELEQTIA, frasco 190 g",22483770,2-ALIMENTACION,9-COCINA,13-PASTAS,12-SALSAS PARA PASTA,3-SALSA PASTA PESTOS,"Pesto genovese EROSKI SELEQTIA, frasco 190 g",SELEQTIA,22483770,FRASCO,"0,19",190,1,KG,,,,"1,95",,"10,26",,,6,,"1,66","8,72",15%," 'distance': 0,679300427436828",212974,METRO Chef salsa pesto genovese paquete 980 g,METRO CHEF,,PAQUETE,"0,98",KG,980,1,980,,,,"7,69","7,54",,"7,85","7,69",,2%,,"1,03","2,57",25%,12%,24%,22%,22%
"Maíz EROSKI BIO, pack 2x140 g",19460922,2-ALIMENTACION,8-SALADO,13-CONSERVAS VEGETALES,35-MAIZ,15-MAIZ SALUD,"Maíz EROSKI BIO, pack 2x140 g",Eroski Bio/ECO + E.Natur BIO,19460922,PACK,"0,28",280,1,KG,,,,"1,50",,"5,36",,,6,,,,," 'distance': 0,608487427234649",209139,METRO Chef Bio maíz bio dulce lata 285 gne (340 g),METRO CHEF BIO,,LATA,"0,34",KG,340,1,340,,,,"1,60",,,"4,71",,,,,"0,65","0,65",12%,12%,12%,12%,12%
CJ ALLIOLI CHOVI 1900 ML,15673064,2-ALIMENTACION,9-COCINA,3-SALSAS,9-SALSAS ESPECIALES,9-SALSAS ALIOLI,CJ ALLIOLI CHOVI 1900 ML,CHOVI,15673064,CUBO,"1,9",1900,1,KG,,,,"10,73",,"5,37",,,4,,"9,12","4,80",15%," 'distance': 0,185738346529453",172473,Choví salsa alioli cubo 2l,CHOVÍ,,CUBO,2,L,2000,1,2000,,,,"9,78","8,31",,"4,89","4,16",,15%,COMPRA MAS PAGA MENOS,"0,64","1,21",23%,13%,9%,-70%,-70%
"Cacao solubre en sobres COLA CAO, caja 50 uds",20169553,2-ALIMENTACION,10-DULCE,11-CACAOS POLVO,1-SOLUBLES DE CACAO,5-SOLUBLES CACAO HASTA  500 GR,"Cacao solubre en sobres COLA CAO, caja 50 uds",COLA CAO,20169553,CAJA,"0,018",18,50,UDS,,,,"15,94",,"0,32",,,10,,,,," 'distance': 0,165940873612856",125283,Cola Cao sobre 18 g contiene 50 unidades (total 900 g),COLA CAO,,Expositor ,"0,018",KG,18,50,900,,,,"15,17","13,65",,"0,30","0,27",,10%,COMPRA MAS PAGA MENOS,"0,05","0,05",14%,14%,5%,-5%,-5%
"Yogur artesano sabor frambuesas PASTORET, tarrina 500 g",22307599,2-ALIMENTACION,5-LACTEOS,4-YOGURES Y POSTRES,1-YOGURES BASICOS,82-ENTERO CON TROZOS,"Yogur artesano sabor frambuesas PASTORET, tarrina 500 g",PASTORET,22307599,TARRO,"0,5",500,1,KG,,,,"2,75",,"5,50",,,4,,,,," 'distance': 0,13628813624382",211298,Pastoret yogur frambuesa 500 g,PASTORET,,BOTE,"0,5",KG,500,1,500,,,,"2,28",,,"4,56",,,,,"0,94","0,94",17%,17%,17%,23%,23%
"Salchichas Frankfurt LARRASOAñA, sobre 300 g",1171347,1-FRESCOS,4-CHARCUTERIA,13-SALCHICHAS,1-SALCHICHAS FRANKFURT SC,1-SALCHICHAS FRANKFURT,"Salchichas Frankfurt LARRASOAñA, sobre 300 g",LARRASOAñA,1171347,SOBRE,"0,3",300,1,KG,,,,"2,99",,"9,97",,,10,,,,," 'distance': 0,53000396490097",8022,Larrasoaña salchicha cocida Frankfurt bolsa 1kg,LARRASOAñA,,BOLSA/BOLSON,1,KG,1000,1,1000,,,,"8,20",,,"8,20",,,,,"1,77","1,77",18%,18%,18%,20%,20%
"Queso Provolone Dolce EROSKI, tarrina 200 g",18406439,1-FRESCOS,4-CHARCUTERIA,3-QUESOS PORCION,21-QUESOS INTERNACIONALES PORCIÓN,10-QUESO ITALIANO PORCION,"Queso Provolone Dolce EROSKI, tarrina 200 g",EROSKI,18406439,TARRINA,"0,2",200,1,KG,,,,"3,25",,"16,25",,,15,,"2,93","14,63",10%," 'distance': 0,568684816360473",195638,makro Chef queso provolone pack 200 g contiene 3 unidades,MAKRO CHEF,,PAQUETE,"0,2",KG,200,3,600,,,,"7,89","7,18",,"13,15","11,97",,9%,COMPRA MAS PAGA MENOS,"2,66","4,28",26%,18%,19%,9%,9%
"Medio pulpo cocido EROSKI 200 g, 1 ud",24103871,1-FRESCOS,7-PESCADERIA,12-ESPECIALIDADES,40-PULPO COCIDO,5-PULPO COC. ENTERO,"Medio pulpo cocido EROSKI 200 g, 1 ud",EROSKI,24103871,0,"0,2",200,1,UD,,,,"10,45","9,09","52,25","45,46",,8,13%,"6,82","34,09",25%," 'distance': 0,729015946388244",155448,"Pulpo cocido 0,8-1kg FAO 34 Atlántico Este Central",MAKRO,,KILO,"0,9",KG,900,1,900,,,,"24,65",,,"27,39",,,,,"6,70","18,07",40%,20%,48%,48%,48%
Zanahoria EROSKI bolsa 500 g,4501375,1-FRESCOS,1-FRUTA Y HORTALIZA,2-HORTALIZA,74-ZANAHORIAS,5-ZANAHORIAS,Zanahoria EROSKI bolsa 500 g,EROSKI,4501375,BOLSA,"0,5",500,1,KG,,,,"0,90",,"1,80",,,24,,"0,77","1,53",15%," 'distance': 0,79164707660675",617929,METRO Chef Zanahoria Calibre 25/35 bolsa 2kg,METRO CHEF,,BOLSA/BOLSON,2,KG,2000,1,2000,,,,"2,44",,,"1,22",,,,,"0,31","0,58",32%,20%,32%,32%,32%
Almendras crudas repeladas EROSKI tarrina 185 g,12194650,2-ALIMENTACION,8-SALADO,45-FRUTOS SECOS TRADICIONALES,20-TRADICIONALES SIN CASCARA,5-FRUTOS SEC. S/CASCARA ALMENDRA,Almendras crudas repeladas EROSKI tarrina 185 g,EROSKI,12194650,TARRINA,"0,185",185,1,KG,,,,"3,45",,"18,65",,,10,,"3,28","17,72",5%," 'distance': 0,675672113895416",78622,METRO Chef Almendra repelada cruda bolsa 500g,METRO CHEF,,BOLSA/BOLSON,"0,5",KG,500,1,500,,,,"7,06",,,"14,12",,,,,"3,60","4,53",24%,20%,24%,24%,24%
"Concentrado MUTTI, tubo 130 g",16764409,2-ALIMENTACION,8-SALADO,10-TOMATE,1-TOMATE NATURAL,20-ESPECIALIDADES,"Concentrado MUTTI, tubo 130 g",MUTTI,16764409,TUBO,"0,13",130,1,KG,,,,"2,75",,"21,15",,,24,,"2,34","17,98",15%," 'distance': 0,1200992166996",150204,MUTTI tomate doble concentrado tubo 130 g,MUTTI,,LATA,"0,13",KG,130,1,130,,,,"1,82",,,"14,00",,,,,"3,98","7,15",34%,22%,34%,34%,34%
Molinillo mezcla 4 pimientas EROSKI frasco 34 g,10302727,2-ALIMENTACION,9-COCINA,35-ESPECIAS,15-PIMIENTAS Y OTROS CONDIMENTOS,15-PIMIENTA MEZCLA,Molinillo mezcla 4 pimientas EROSKI frasco 34 g,EROSKI,10302727,FRASCO,"0,034",34,1,KG,,,,"1,32",,"38,82",,,6,,,,," 'distance': 1,08230054378509",215200,METRO Chef mix pimienta grano 400 g,METRO CHEF,,TARRO,"0,4",KG,400,1,400,,,,"12,09",,,"30,23",,,,,"8,60","8,60",22%,22%,22%,18%,18%
"Yogur griego de straciatella OIKOS, pack 4x110 g",23180706,2-ALIMENTACION,5-LACTEOS,4-YOGURES Y POSTRES,2-YOGURES ESPECIALES,81-TIPO GRIEGO CON TROZOS,"Yogur griego de straciatella OIKOS, pack 4x110 g",OIKOS,23180706,PACK,"0,44",440,1,KG,,,,"2,79",,"6,34",,,6,,,,," 'distance': 0,178301453590393",193178,OIKOS stracciatela 110 g contiene 4 unidades (total 440 g),OIKOS,,PACK,"0,11",KG,110,4,440,,,,"2,15",,,"4,89",,,,,"1,45","1,45",23%,23%,23%,19%,19%
Patatas paja EROSKI bolsa 100 g,22457345,2-ALIMENTACION,8-SALADO,5-PATATAS FRITAS Y SNACKS,15-PATATAS FRITAS,15-PATATA SAL LISA,Patatas paja EROSKI bolsa 100 g,EROSKI,22457345,BOLSA,"0,1",100,1,KG,,,,"0,75",,"7,50",,,22,,,,," 'distance': 0,495809733867645",220796,METRO Chef patatas paja bolsa 1kg,METRO CHEF,,TARRO,1,KG,1000,1,1000,,,,"6,59","5,60",,"6,59","5,60",,15%,COMPRA MAS PAGA MENOS,"1,90","1,90",25%,25%,12%,-28%,-28%
"Solomillos de salmón EROSKI NATUR GGN, bandeja 300 g",21119425,1-FRESCOS,7-PESCADERIA,13-PESCADO FRESCO ENVASADO,15-PESCADO CRIANZA PFE,10-SALMON OTROS CORTES PFE,"Solomillos de salmón EROSKI NATUR GGN, bandeja 300 g",E. NATUR,21119425,BANDEJA,"0,3",300,1,KG,,,,"8,99",,"29,97",,,1,,"6,74","22,48",25%," 'distance': 0,771132826805114",214044,METRO Chef Salmón porciones de  140-160 g envasado en MAP,METRO CHEF,,KILO,"0,14",KG,140,1,140,,,,"2,31",,,"16,50",,,,,"5,98","13,47",45%,27%,45%,53%,53%
"Caballa del sur en aceite de oliva UBAGO, frasco 150 g",25970203,2-ALIMENTACION,8-SALADO,23-CONSERVAS DE PESCADO,25-CABALLA,3-CABALLA SUR,"Caballa del sur en aceite de oliva UBAGO, frasco 150 g",UBAGO,25970203,FRASCO,"0,15",150,1,KG,,,,"3,69",,"24,60",,,6,,"3,32","22,14",10%," 'distance': 0,438271939754486",102579,Ubago filete caballa del sur aceite de oliva lata 85 gne contiene 5 unidades (115 g),UBAGO,,RETRACTIL,"0,115",KG,115,5,575,,,,"9,19",,,"15,98",,,,,"6,16","8,62",35%,28%,35%,35%,35%
"Chistorra EROSKI, pieza aprox. 280 g",23078884,1-FRESCOS,4-CHARCUTERIA,8-CARNICOS PIEZA,2-EMBUTIDOS PIEZA,8-CHISTORRA,"Chistorra EROSKI, pieza aprox. 280 g",EROSKI,23078884,PIEZA,"0,28",280,1,KG,,,,"3,86",,"13,79",,,1,,"3,67","13,10",5%," 'distance': 0,691749155521392",104675,Chistorra precio Kg,MAKRO,,KILO,"1,2",KG,1200,1,1200,,,,"10,50",,,"8,75",,,,,"4,35","5,04",37%,33%,37%,52%,52%
DETERGENTE MAQ.LAVAVAJI.12 KG.,4482949,2-ALIMENTACION,12-DROGUERIA,57-LAVAVAJILLAS,3-LAVAVAJILLAS MAQUINA,19-LIQUIDO DESDE 50 DOSIS,DETERGENTE MAQ.LAVAVAJI.12 KG.,SERVIHOSTEL,4482949,GARRAFA,12,12000,1,KG,,,,"19,06",,"1,59",,,1,,,,," 'distance': 0,982639562395359",430131,aro Lavavajillas máquina 10L,ARO,,BOTELLA,10,L,10000,1,10000,,,,"12,40","10,54",,"1,24","1,05",,15%,COMPRA MAS PAGA MENOS,"0,53","0,53",34%,34%,22%,29%,29%
Carrilleras de cerdo EROSKI bandeja aprox. 550 g,11184611,1-FRESCOS,2-CARNICERIA,62-PORCINO ENVASADO,1-PORCINO BLANCO ENVASADO,11-DESPOJO BLANCO ENVASADO,Carrilleras de cerdo EROSKI bandeja aprox. 550 g,EROSKI,11184611,BANDEJA,"0,55",550,1,KG,,,,"7,69",,"13,98",,,1,,"7,31","13,28",5%," 'distance': 0,559431493282318",216119,Carrillada con hueso cerdo bandeja,MAKRO,,KILO,"2,2",KG,2200,1,2200,,,,"19,25",,,"8,75",,,,,"4,53","5,23",37%,34%,37%,36%,36%
"Babilla de añojo, al corte, compra mínima 500 g",6076566,1-FRESCOS,2-CARNICERIA,75-VITRINA,6-VACUNO AÑOJO VITRINA,5-VACUNO AÑOJO FILETE VITRINA,"Babilla de añojo, al corte, compra mínima 500 g",EROSKI,6076566,0,"0,5",500,1,KG,,,,"11,25",,"22,50",,,1,,,,," 'distance': 0,907180428504943",94363,Babilla de añojo hembra 4-5 kilos precio kg,MAKRO,,KILO,5,KG,5000,1,5000,,,,"74,00",,,"14,8",,,,,"7,70","7,70",34%,34%,34%,28%,28%
"Bacón fino de cerdo  EROSKI Natur, bandeja 300 g",17771098,1-FRESCOS,2-CARNICERIA,62-PORCINO ENVASADO,1-PORCINO BLANCO ENVASADO,7-BEICON/PANCETA BLANCO ENVASADO,"Bacón fino de cerdo Duroc EROSKI Natur, bandeja 300 g",E. NATUR,17771098,BANDEJA,"0,3",300,1,KG,,,,"3,99",,"13,30",,,1,,"3,79","12,64",5%," 'distance': 0,818159937858581",179968,Bacon de cerdo selecta al vacío precio kg,MAKRO,,KILO,4,KG,4000,1,4000,,,,"32,80",,,"8,20",,,,,"4,44","5,10",38%,35%,38%,38%,38%
"Salchicha Bockwurst SELEQTIA, pack 4x90 g",25889874,1-FRESCOS,4-CHARCUTERIA,13-SALCHICHAS,6-SALCHICHAS ESPECIALIDADES,2-SALCHICHAS ADULTOS,"Salchicha Bockwurst SELEQTIA, pack 4x90 g",SELEQTIA,25889874,PACK,"0,36",360,1,KG,,,,"4,59",,"12,75",,,8,,,,," 'distance': 0,417435228824615",201870,"makro Chef salchicha Bockwurst gigante 1,450kg",MAKRO CHEF,,PACK,"1,45",KG,1450,1,1450,,,,"14,07","11,96",,"9,70","8,25",,15%,COMPRA MAS PAGA MENOS,"4,50","4,50",35%,35%,24%,26%,26%
"Alubia pinta Eroski SELEQTIA, saco 500 g",17117649,2-ALIMENTACION,9-COCINA,9-LEGUMBRES,1-ALUBIA SECA,5-ALUBIA PINTA,"Alubia pinta Eroski SELEQTIA, saco 500 g",SELEQTIA,17117649,SACO,"0,5",500,1,KG,,,,"2,03",,"4,06",,,8,,"1,73","3,45",15%," 'distance': 0,891283631324768",200640,METRO Chef alubia pinta bolsa 5kg,METRO CHEF,,BOLSA/BOLSON,5,KG,5000,1,5000,,,,"12,37","11,13",,"2,47","2,23",,10%,COMPRA MAS PAGA MENOS,"1,22","1,83",45%,35%,39%,39%,39%
"Tomate cherry picoteo EROSKI NATUR, tarrina 180 g",26338210,1-FRESCOS,1-FRUTA Y HORTALIZA,2-HORTALIZA,80-TOMATES,10-TOMATES CHERRIES,"Tomate cherry picoteo EROSKI NATUR, tarrina 180 g",E. NATUR,26338210,TARRINA,"0,18",180,1,KG,,,,"2,29",,"12,72",,,10,,"1,95","10,81",15%," 'distance': 0,551261663436889",935649,METRO Chef Tomate cherry atigrado tarrina 500g,METRO CHEF,,BANDEJA,"0,5",KG,500,1,500,,,,"3,48",,,"6,96",,,,,"3,85","5,76",45%,36%,45%,24%,24%
"Salchichón extra colocado a mano EROSKI MAESTRO, bandeja 100 g",25203407,1-FRESCOS,4-CHARCUTERIA,"6-CURADOS, EMBUT. E IBERICOS",4-EMBUTIDOS PORCION,8-SALCHICHON VELA PORCION,"Salchichón extra colocado a mano EROSKI MAESTRO, bandeja 100 g",EROSKI,25203407,BANDEJA,"0,1",100,1,KG,,,,"3,30",,"33,00",,,12,,"2,97","29,70",10%," 'distance': 1,2164933681488",101649,makro Chef salchichón extra en lonchas 500g,MAKRO CHEF,,BANDEJA,"0,5",KG,500,1,500,,,,"9,52",,,"19,04",,,,,"10,66","13,96",42%,36%,42%,42%,42%
"Chimichurri picante SALSAS ASTURIANAS, frasco 295 g",19522218,2-ALIMENTACION,9-COCINA,3-SALSAS,9-SALSAS ESPECIALES,44-SALSAS CHIMICHURRI,"Chimichurri picante SALSAS ASTURIANAS, frasco 295 g",SALSAS ASTURIANAS,19522218,FRASCO,"0,295",295,1,KG,,,,"3,25",,"11,02",,,12,,"2,76","9,36",15%," 'distance': 0,360129117965698",42751,Salsas Asturianas chimichurri picante gourmet botella 1l,SALSAS ASTURIANAS,,BOTELLA,1,L,1000,1,1000,,,,"6,15","5,60",,"6,15","5,60",,9%,COMPRA MAS PAGA MENOS,"3,77","5,42",49%,40%,44%,44%,44%
Esp√°rrago blanco grueso 9/12 piezas EROSKI lata 250 g,2424000,2-ALIMENTACION,8-SALADO,12-ESPARRAGOS,3-ESPARRAGOS IMPOR,25-ESPARRAGO IMPOR LATA,Esp√°rrago blanco grueso 9/12 piezas EROSKI lata 250 g,EROSKI,2424000,LATA,"0,25",250,1,KG,,,,"2,99",,"11,96",,,12,,,,," 'distance': 0,317547976970672",78814,makro Chef esp√°rrago punta blanca 13-16 piezas lata 500gne (780 g),MAKRO CHEF,,LATA,"0,78",KG,780,1,780,,,,"6,11","5,50",,"7,83","7,05",,10%,COMPRA MAS PAGA MENOS,"4,91","4,91",41%,41%,35%,35%,35%
"Lomo de orza con aceite de oliva virgen TELLO, bandeja 125 g",25955857,1-FRESCOS,4-CHARCUTERIA,20-COCIDOS PORCION,5-COCIDOS CERDO,35-OTROS COCIDOS CERDO,"Lomo de orza con aceite de oliva virgen TELLO, bandeja 125 g",TELLO,25955857,BANDEJA,"0,125",125,1,KG,,,,"3,49",,"27,92",,,12,,"3,32","26,52",5%," 'distance': 0,998854577541351",191806,Tello lomo asado de orza asado en lonchas 1kg,TELLO,,BOLSA/BOLSON,1,KG,1000,1,1000,,,,"15,28",,,"15,28",,,,,"11,24","12,64",45%,42%,45%,45%,45%
Nuez sin cáscara EROSKI bolsa 200 g,23245806,1-FRESCOS,1-FRUTA Y HORTALIZA,25-GRANELES,10-FRUTOS SECOS GRANEL,10-NUECES,Nuez sin cáscara EROSKI bolsa 200 g,EROSKI,23245806,BOLSA,"0,2",200,1,KG,,,,"3,99",,"19,95",,,"6,15",,,,," 'distance': 2,3630006313323975",156155,METRO Chef Nuez mondada combo 1Kg,METRO CHEF,,BOLSA/BOLSON,"1,00",KG,1000,1,1000,,,,"11,08",,,"11,08",,,,,"8,87","8,87",44%,44%,44%,34%,34%
"Fresa Selección, bandeja 450 g",14027940,1-FRESCOS,1-FRUTA Y HORTALIZA,1-FRUTA,35-FRUTOS ROJOS,5-FRESAS,"Fresa Selección, bandeja 450 g",SLC,14027940,BANDEJA,"0,45",450,1,KG,,,,"3,99","3,59","8,87","7,98",,6,10%,"3,23","7,18",10%," 'distance': 1,29067075252532",98592,METRO Chef Fresa tarrina 500g,METRO CHEF,,TARRINA,"0,5",KG,500,1,500,,,,"1,97",,,"3,94",,,,,"3,24","4,04",51%,45%,56%,39%,39%
"ñora, caja 50 g",7559818,1-FRESCOS,1-FRUTA Y HORTALIZA,8-IV GAMA,56-COMPLEMENTOS,30-DESHIDRATADOS,"ñora, caja 50 g",EROSKI,7559818,CAJA,"0,05",50,1,KG,,,,"3,99",,"79,80",,,10,,,,," 'distance': 0,834459841251373",15256,ñora bote 380g,MAKRO,,BOTE,"0,38",KG,380,1,380,,,,"16,48",,,"43,37",,,,,"36,43","36,43",46%,46%,46%,46%,46%
"Yogur griego sabor lima/limón DANONE, pack 4x110 g",25474149,2-ALIMENTACION,5-LACTEOS,4-YOGURES Y POSTRES,2-YOGURES ESPECIALES,81-TIPO GRIEGO CON TROZOS,"Yogur griego sabor lima/limón DANONE, pack 4x110 g",DANONE,25474149,PACK,"0,44",440,1,KG,,,,"1,59",,"3,61",,,6,,,,," 'distance': 0,468577921390533",6238,DANONe yogur sabor limón 120 g contiene 4 unidades  (total 480 g),DANONE,,TARRINA,"0,12",KG,120,4,480,,,,"0,93",,,"1,94",,,,,"1,68","1,68",46%,46%,46%,47%,47%
"Queso tierno de cabra EL PASTOR, cuña 250 g",23488760,1-FRESCOS,4-CHARCUTERIA,3-QUESOS PORCION,16-QUESO TIERNO  PORCIÓN,4-QUESO TIERNO OTROS PORCION,"Queso tierno de cabra EL PASTOR, cuña 250 g",EL PASTOR,23488760,CUñA,"0,25",250,1,KG,,,,"6,09",,"24,36",,,8,,"5,48","21,92",10%," 'distance': 0,476164519786834",96762,Granja Flor Valsequillo queso cabra rulo unidad 1 Kg,GRANJA FLOR VALSEQUILLO,,UNIDAD,1,KG,1000,1,1000,,,,"12,47","11,22",,"12,47","11,22",,10%,COMPRA MAS PAGA MENOS,"10,70","13,14",54%,49%,49%,49%,49%
"Cacahuete repelado frito, bolsa 200 g",23245863,1-FRESCOS,1-FRUTA Y HORTALIZA,25-GRANELES,10-FRUTOS SECOS GRANEL,5-CACAHUETES,"Cacahuete repelado frito, bolsa 200 g",EROSKI,23245863,BOLSA,"0,2",200,1,KG,,,,"2,29",,"11,45",,,16,,,,," 'distance': 0,619398653507232",158058,METRO Chef Cacahuete repelado frito con sal virginia bolsa 1kg,METRO CHEF,,BOLSA/BOLSON,1,KG,1000,1,1000,,,,"5,49",,,"5,49",,,,,"5,96","5,96",52%,52%,52%,52%,52%
"Filete de salmón EROSKI NATUR GGN, bandeja 300 g",19828425,1-FRESCOS,7-PESCADERIA,13-PESCADO FRESCO ENVASADO,15-PESCADO CRIANZA PFE,"5-SALMON FILETE,LOMO,RODAJA PFE","Filete de salmón EROSKI NATUR GGN, bandeja 300 g",E. NATUR,19828425,BANDEJA,"0,3",300,1,KG,,,,"7,99",,"26,63",,,1,,"5,99","19,98",25%," 'distance': 0,747925996780395",186217,Salmon 5-6 kg de Cría origen Noruega. 1 pieza en 2 filetes.,MAKRO,,KILO,"5,5",KG,5500,1,5500,,,,"50,55",,,"9,19",,,,,"10,79","17,44",65%,54%,65%,-26%,-26%
Guisante muy fino EROSKI frasco 215 g,12042131,2-ALIMENTACION,8-SALADO,13-CONSERVAS VEGETALES,19-GUISANTES,5-GUISANTES FRASCO,Guisante muy fino EROSKI frasco 215 g,EROSKI,12042131,FRASCO,"0,215",215,1,KG,,,,"1,69",,"7,86",,,6,,,,," 'distance': 0,493389099836349",183640,METRO Chef guisante fino lata 270gne (400 g),METRO CHEF,,LATA,"0,4",KG,400,1,400,,,,"1,71","1,44",,"4,28","3,59",,16%,COMPRA MAS PAGA MENOS,"4,27","4,27",54%,54%,46%,46%,46%
"Polpa MUTTI, pack 2x210 g",16008674,2-ALIMENTACION,8-SALADO,10-TOMATE,1-TOMATE NATURAL,10-TOMATE TRITURADO HASTA 500G,"Polpa MUTTI, pack 2x210 g",MUTTI,16008674,PACK,"0,42",420,1,KG,,,,"3,45",,"8,21",,,12,,"2,93","6,98",15%," 'distance': 0,346673607826232",156597,MUTTI tomate polpa lata 2835 gne (4100 g),MUTTI,,LATA,"4,1",L,4100,1,4100,,,,"11,21",,,"2,73",,,,,"4,25","5,48",67%,61%,67%,67%,67%
Paté campaña País Vasco EROSKI tarrina 120 g,24281024,1-FRESCOS,4-CHARCUTERIA,11-PATES PORCION,1-PATES DE CERDO PORCION,1-PATES CERDO PORCION DIARI/OCAS,Paté campaña País Vasco EROSKI tarrina 120 g,EROSKI,24281024,TARRINA,"0,12",120,1,KG,,,,"3,15","2,52","26,25","21,00",,12,20%,"2,27","18,90",10%," 'distance': 0,76379120349884",220655,aro paté de campaña 1 kg,ARO,,UNIDAD,1,KG,1000,1,1000,,,,"6,33","5,89",,"6,33","5,89",,7%,COMPRA MAS PAGA MENOS,"13,01","15,11",72%,69%,76%,74%,74%
Paté de pato a la pimienta verde EROSKI blister 75 g,25805672,1-FRESCOS,4-CHARCUTERIA,11-PATES PORCION,2-PATES DE PATO/OCA PORCION,1-PATES PATO/OCA PORC DIARI/OCAS,Paté de pato a la pimienta verde EROSKI blister 75 g,EROSKI,25805672,BLISTER,"0,075",75,1,KG,,,,"1,65",,"22,00",,,10,,"1,49","19,80",10%," 'distance': 0,638818383216857",220654,aro paté a la pimienta 1 kg,ARO,,UNIDAD,1,KG,1000,1,1000,,,,"6,33","5,89",,"6,33","5,89",,7%,COMPRA MAS PAGA MENOS,"13,91","16,11",73%,70%,71%,70%,70%
CREMA VIN.B.MODENA PARRAS 6/500M,15216591,2-ALIMENTACION,9-COCINA,2-VINAGRES Y ADEREZOS,15-VINAGRES ESPECIALES,20-CREMAS VINAGRE BALSAMICO,CREMA VIN.B.MODENA PARRAS 6/500M,PARRAS,15216591,BOTELLA,"0,5",500,1,L,,,,"5,39",,"10,78",,,6,,"4,85","9,70",10%," 'distance': 0,785820475210093",130330,Parras vinagre balsámico de módena garrafa 2l,PARRAS,,GARRAFA,2,L,2000,1,2000,,,,"5,06",,,"2,53",,,,,"7,17","8,25",77%,74%,77%,79%,79%
Hierba provenzal para sazonar EROSKI frasco 22 g,2750396,2-ALIMENTACION,9-COCINA,35-ESPECIAS,10-HIERBAS,42-HIERBAS PROVENZALES,Hierba provenzal para sazonar EROSKI frasco 22 g,EROSKI,2750396,FRASCO,"0,022",22,1,KG,,,,"1,06",,"48,18",,,6,,,,," 'distance': 0,690491497516632",215198,METRO Chef hierbas provenza 230 g,METRO CHEF,,TARRO,"0,23",KG,230,1,230,,,,"2,81",,,"12,22",,,,,"35,96","35,96",75%,75%,75%,65%,65%
"Polvo para hornear impulsor gasificante ROYAL, bote 113 g",11033529,2-ALIMENTACION,9-COCINA,21-REPOSTERIA,20-LEVADURAS,5-LEVADURA QUIMICA,"Polvo para hornear impulsor gasificante ROYAL, bote 113 g",ROYAL,11033529,BOTE,"0,113",113,1,KG,,,,"3,15",,"27,88",,,24,,,,," 'distance': 0,383295834064483",166439,Royal Baking Powder levadura en polvo bote 900g¬†,ROYAL,,BOTE,"0,9",KG,900,1,900,,,,"6,33","5,76",,"7,03","6,40",,9%,COMPRA MAS PAGA MENOS,"21,48","21,48",77%,77%,75%,75%,75%
Pimienta cayena en grano para sazonar EROSKI frasco 13 g,237974,2-ALIMENTACION,9-COCINA,35-ESPECIAS,5-ESPECIAS,18-PIMIENTA CAYENA,Pimienta cayena en grano para sazonar EROSKI frasco 13 g,EROSKI,237974,FRASCO,"0,013",13,1,KG,,,,"0,65",,"50,00",,,6,,,,," 'distance': 0,923600077629089",214359,METRO Chef cayena molida 400 g,METRO CHEF,,TARRO,"0,4",KG,400,1,400,,,,"4,06",,,"10,15",,,,,"39,85","39,85",80%,80%,80%,71%,71%